--------- beginning of main
09-23 20:19:08.624 V/Godot   (23686): InitEngine with params: [--xr_mode_regular, --xr-mode, off, --fullscreen, --background_color, #000000]
09-23 20:19:08.624 V/Godot   (23686): Initializing Godot plugin registry
09-23 20:19:08.686 V/Godot   (23686): Godot native layer initialization completed: true
09-23 20:19:08.945 V/Godot   (23686): Godot native layer setup completed
09-23 20:19:08.945 V/Godot   (23686): OnInitRenderView: GodotFragment{fc29790} (5ef71a8b-0878-4efd-b326-cdc38c4dbb1d id=0x7f070033)
09-23 20:19:08.958 D/Godot   (23686): Render view should be transparent: false
09-23 20:19:08.958 D/Godot   (23686): usesVulkan(): true
09-23 20:19:08.958 D/Godot   (23686): 			renderingDevice: vulkan (ProjectSettings)
09-23 20:19:08.958 D/Godot   (23686): 			renderer: mobile (ProjectSettings)
09-23 20:19:08.978 V/Godot   (23686): OnStart: GodotFragment{fc29790} (5ef71a8b-0878-4efd-b326-cdc38c4dbb1d id=0x7f070033)
09-23 20:19:08.984 V/Godot   (23686): OnResume: GodotFragment{fc29790} (5ef71a8b-0878-4efd-b326-cdc38c4dbb1d id=0x7f070033)
09-23 20:19:09.022 I/godot   (23686): Godot Engine v4.6.1.stable.official.14d19694e - https://godotengine.org
09-23 20:19:09.095 I/godot   (23686): Vulkan 1.3.225 - Forward Mobile - Using Device #0: ARM - Mali-G57
09-23 20:19:09.463 I/godot   (23686): 
09-23 20:19:13.910 V/Godot   (23686): OnGodotSetupCompleted
09-23 20:19:13.934 I/godot   (23686): [DevFlags] 8 override(s) from /sdcard/Android/data/com.example.infiltraitor/files/dev_flags.cfg — FRAME_PROBE=1, MAP=PLAYGROUND, MESH_PLANES=1, PROP_KIND=heavy, PROP_MESH=20, RENDER3D=1, RNG_SEED=1, SCENARIO=framing portrait; zoom 0.5; wait 25; quit
09-23 20:19:13.934 I/godot   (23686): [INFILTRAITOR] Version 0.9.107
09-23 20:19:13.940 I/godot   (23686): [Registries] Autoload initialized
09-23 20:19:13.944 I/godot   (23686): [RNG] seeded 1 — particle rolls are reproducible this boot
09-23 20:19:13.945 I/godot   (23686): [MaterialRegistry] Registered: brick (color: 0.55,0.29,0.22)
09-23 20:19:13.945 I/godot   (23686): [MaterialRegistry] Registered: cardboard (color: 0.70,0.55,0.36)
09-23 20:19:13.945 I/godot   (23686): [MaterialRegistry] Registered: concrete (color: 0.62,0.62,0.62)
09-23 20:19:13.945 I/godot   (23686): [MaterialRegistry] Registered: dirt (color: 0.50,0.38,0.27)
09-23 20:19:13.946 I/godot   (23686): [MaterialRegistry] Registered: earth (color: 0.52,0.39,0.26)
09-23 20:19:13.946 I/godot   (23686): [MaterialRegistry] Registered: fabric (color: 0.78,0.74,0.66)
09-23 20:19:13.946 I/godot   (23686): [MaterialRegistry] Registered: glass (color: 0.62,0.74,0.78)
09-23 20:19:13.946 I/godot   (23686): [MaterialRegistry] Registered: glass_armored (color: 0.74,0.62,0.78)
09-23 20:19:13.946 I/godot   (23686): [MaterialRegistry] Registered: glass_screen_amber (color: 0.70,0.60,0.38)
09-23 20:19:13.947 I/godot   (23686): [MaterialRegistry] Registered: glass_screen_green (color: 0.38,0.55,0.42)
09-23 20:19:13.947 I/godot   (23686): [MaterialRegistry] Registered: glass_screen_red (color: 0.62,0.40,0.41)
09-23 20:19:13.947 I/godot   (23686): [MaterialRegistry] Registered: grass (color: 0.42,0.55,0.29)
09-23 20:19:13.947 I/godot   (23686): [MaterialRegistry] Registered: gravel (color: 0.55,0.52,0.49)
09-23 20:19:13.947 I/godot   (23686): [MaterialRegistry] Registered: metal (color: 0.49,0.53,0.56)
09-23 20:19:13.948 I/godot   (23686): [MaterialRegistry] Registered: plywood (color: 0.78,0.63,0.42)
09-23 20:19:13.948 I/godot   (23686): [MaterialRegistry] Registered: sand (color: 0.76,0.67,0.51)
09-23 20:19:13.948 I/godot   (23686): [MaterialRegistry] Registered: stone (color: 0.55,0.55,0.58)
09-23 20:19:13.948 I/godot   (23686): [MaterialRegistry] Registered: wood (color: 0.66,0.47,0.31)
09-23 20:19:13.948 I/godot   (23686): [Registries] Material registry initialized with defaults
09-23 20:19:13.948 I/godot   (23686): [BakeConfig] Enabled: true, Blend Mode: 0, Facade Tops: true
09-23 20:19:13.960 I/godot   (23686): [Room] 4 tiles registered.
09-23 20:19:14.783 I/godot   (23686): [Room] Light registry initialized with 0 map lights:
09-23 20:19:14.783 I/godot   (23686): [Room] Tile semantics initialized with 0 tiles, 0 light anchors
09-23 20:19:14.783 I/godot   (23686): [Room] Shadow projector initialized
09-23 20:19:14.783 I/godot   (23686): [Room] Exposure system initialized with 0 light projections
09-23 20:19:14.783 I/godot   (23686): [VisionController] Shadow overlay initialized
09-23 20:19:14.783 I/godot   (23686): [VisionController] Exposure overlay initialized
09-23 20:19:14.783 I/godot   (23686): [VisionController] Tile risk heatmap overlay initialized
09-23 20:19:14.783 I/godot   (23686): [VisionController] Elite exposure overlay initialized: [EliteExposureOverlay safe=0 total=0 confidence=0.00 depth_layers=6 stability_types=4]
09-23 20:19:14.893 I/godot   (23686): [Registries] File map source initialized
09-23 20:19:15.779 I/godot   (23686): [MaterialRegistry] Registered: brick (color: 0.55,0.29,0.22)
09-23 20:19:15.779 I/godot   (23686): [MaterialRegistry] Registered: cardboard (color: 0.70,0.55,0.36)
09-23 20:19:15.780 I/godot   (23686): [MaterialRegistry] Registered: concrete (color: 0.62,0.62,0.62)
09-23 20:19:15.780 I/godot   (23686): [MaterialRegistry] Registered: dirt (color: 0.50,0.38,0.27)
09-23 20:19:15.780 I/godot   (23686): [MaterialRegistry] Registered: earth (color: 0.52,0.39,0.26)
09-23 20:19:15.780 I/godot   (23686): [MaterialRegistry] Registered: fabric (color: 0.78,0.74,0.66)
09-23 20:19:15.780 I/godot   (23686): [MaterialRegistry] Registered: glass (color: 0.62,0.74,0.78)
09-23 20:19:15.781 I/godot   (23686): [MaterialRegistry] Registered: glass_armored (color: 0.74,0.62,0.78)
09-23 20:19:15.781 I/godot   (23686): [MaterialRegistry] Registered: glass_screen_amber (color: 0.70,0.60,0.38)
09-23 20:19:15.781 I/godot   (23686): [MaterialRegistry] Registered: glass_screen_green (color: 0.38,0.55,0.42)
09-23 20:19:15.781 I/godot   (23686): [MaterialRegistry] Registered: glass_screen_red (color: 0.62,0.40,0.41)
09-23 20:19:15.781 I/godot   (23686): [MaterialRegistry] Registered: grass (color: 0.42,0.55,0.29)
09-23 20:19:15.782 I/godot   (23686): [MaterialRegistry] Registered: gravel (color: 0.55,0.52,0.49)
09-23 20:19:15.782 I/godot   (23686): [MaterialRegistry] Registered: metal (color: 0.49,0.53,0.56)
09-23 20:19:15.782 I/godot   (23686): [MaterialRegistry] Registered: plywood (color: 0.78,0.63,0.42)
09-23 20:19:15.782 I/godot   (23686): [MaterialRegistry] Registered: sand (color: 0.76,0.67,0.51)
09-23 20:19:15.782 I/godot   (23686): [MaterialRegistry] Registered: stone (color: 0.55,0.55,0.58)
09-23 20:19:15.783 I/godot   (23686): [MaterialRegistry] Registered: wood (color: 0.66,0.47,0.31)
09-23 20:19:16.519 I/godot   (23686): [ROOM] Baking textures with 40 junction columns...
09-23 20:19:16.546 I/godot   (23686): [ROOM] Grouped edges into 43 runs
09-23 20:19:16.552 I/godot   (23686): [BAKE] Loaded voxel atom: concrete (32×36, 0 AA pixels)
09-23 20:19:16.553 I/godot   (23686): [BAKE] Loaded voxel atom: metal (32×36, 0 AA pixels)
09-23 20:19:16.554 I/godot   (23686): [BAKE] Loaded voxel atom: stone (32×36, 0 AA pixels)
09-23 20:19:16.555 I/godot   (23686): [BAKE] Loaded voxel atom: wood (32×36, 0 AA pixels)
09-23 20:19:16.563 I/godot   (23686): [BAKE] Loaded voxel atom: grass (32×36, 0 AA pixels)
09-23 20:19:16.565 I/godot   (23686): [BAKE] Loaded voxel atom: dirt (32×36, 0 AA pixels)
09-23 20:19:16.567 I/godot   (23686): [BAKE] Loaded voxel atom: gravel (32×36, 0 AA pixels)
09-23 20:19:16.569 I/godot   (23686): [BAKE] Loaded voxel atom: sand (32×36, 0 AA pixels)
09-23 20:19:16.570 I/godot   (23686): [BAKE] Loaded voxel atom: earth (32×36, 0 AA pixels)
09-23 20:19:16.571 I/godot   (23686): [BAKE] Loaded voxel atom: brick (32×36, 0 AA pixels)
09-23 20:19:16.572 I/godot   (23686): [BAKE] Loaded voxel atom: cardboard (32×36, 0 AA pixels)
09-23 20:19:16.573 I/godot   (23686): [BAKE] Loaded voxel atom: fabric (32×36, 0 AA pixels)
09-23 20:19:16.574 I/godot   (23686): [BAKE] Loaded voxel atom: plywood (32×36, 0 AA pixels)
09-23 20:19:16.575 I/godot   (23686): [BAKE] Loaded voxel atom: glass (32×36, 0 AA pixels)
09-23 20:19:16.575 I/godot   (23686): [BAKE] Created persistent BakeCompositor for session
09-23 20:19:16.576 I/godot   (23686): [BAKE] Found 9 unique (material, facade) combos
09-23 20:19:16.720 I/godot   (23686): 
09-23 20:19:16.720 I/godot   (23686): Attempting to resolve: facade_concrete (folder concrete)
09-23 20:19:16.720 I/godot   (23686):   [USER] File not found: user://textures/concrete/facade_concrete.png
09-23 20:19:16.720 I/godot   (23686):   [USER] File not found: user://textures/concrete/facade_concrete.webp
09-23 20:19:16.745 I/godot   (23686):   [DEFAULT] Validation PASS: res://ASSETS/materials/concrete/facade_concrete.png
09-23 20:19:16.745 I/godot   (23686): [RESOLVER] facade_concrete resolved from DEFAULT.png (dims 1024x512)
09-23 20:19:16.745 I/godot   (23686): 
09-23 20:19:16.745 I/godot   (23686): Attempting to resolve: facade_metal (folder metal)
09-23 20:19:16.746 I/godot   (23686):   [USER] File not found: user://textures/metal/facade_metal.png
09-23 20:19:16.746 I/godot   (23686):   [USER] File not found: user://textures/metal/facade_metal.webp
09-23 20:19:16.776 I/godot   (23686):   [DEFAULT] Validation PASS: res://ASSETS/materials/metal/facade_metal.png
09-23 20:19:16.776 I/godot   (23686): [RESOLVER] facade_metal resolved from DEFAULT.png (dims 1024x512)
09-23 20:19:16.776 I/godot   (23686): 
09-23 20:19:16.776 I/godot   (23686): Attempting to resolve: facade_stone (folder stone)
09-23 20:19:16.777 I/godot   (23686):   [USER] File not found: user://textures/stone/facade_stone.png
09-23 20:19:16.777 I/godot   (23686):   [USER] File not found: user://textures/stone/facade_stone.webp
09-23 20:19:16.804 I/godot   (23686):   [DEFAULT] Validation PASS: res://ASSETS/materials/stone/facade_stone.png
09-23 20:19:16.804 I/godot   (23686): [RESOLVER] facade_stone resolved from DEFAULT.png (dims 1024x512)
09-23 20:19:16.804 I/godot   (23686): 
09-23 20:19:16.804 I/godot   (23686): Attempting to resolve: facade_wood (folder wood)
09-23 20:19:16.804 I/godot   (23686):   [USER] File not found: user://textures/wood/facade_wood.png
09-23 20:19:16.804 I/godot   (23686):   [USER] File not found: user://textures/wood/facade_wood.webp
09-23 20:19:16.831 I/godot   (23686):   [DEFAULT] Validation PASS: res://ASSETS/materials/wood/facade_wood.png
09-23 20:19:16.831 I/godot   (23686): [RESOLVER] facade_wood resolved from DEFAULT.png (dims 1024x512)
09-23 20:19:16.831 I/godot   (23686): 
09-23 20:19:16.831 I/godot   (23686): Attempting to resolve: facade_brick (folder brick)
09-23 20:19:16.832 I/godot   (23686):   [USER] File not found: user://textures/brick/facade_brick.png
09-23 20:19:16.832 I/godot   (23686):   [USER] File not found: user://textures/brick/facade_brick.webp
09-23 20:19:16.861 I/godot   (23686):   [DEFAULT] Validation PASS: res://ASSETS/materials/brick/facade_brick.png
09-23 20:19:16.861 I/godot   (23686): [RESOLVER] facade_brick resolved from DEFAULT.png (dims 1024x512)
09-23 20:19:16.861 I/godot   (23686): 
09-23 20:19:16.861 I/godot   (23686): Attempting to resolve: facade_cardboard (folder cardboard)
09-23 20:19:16.861 I/godot   (23686):   [USER] File not found: user://textures/cardboard/facade_cardboard.png
09-23 20:19:16.861 I/godot   (23686):   [USER] File not found: user://textures/cardboard/facade_cardboard.webp
09-23 20:19:16.884 I/godot   (23686):   [DEFAULT] Validation PASS: res://ASSETS/materials/cardboard/facade_cardboard.png
09-23 20:19:16.884 I/godot   (23686): [RESOLVER] facade_cardboard resolved from DEFAULT.png (dims 1024x512)
09-23 20:19:16.884 I/godot   (23686): 
09-23 20:19:16.884 I/godot   (23686): Attempting to resolve: facade_fabric (folder fabric)
09-23 20:19:16.884 I/godot   (23686):   [USER] File not found: user://textures/fabric/facade_fabric.png
09-23 20:19:16.884 I/godot   (23686):   [USER] File not found: user://textures/fabric/facade_fabric.webp
09-23 20:19:16.905 I/godot   (23686):   [DEFAULT] Validation PASS: res://ASSETS/materials/fabric/facade_fabric.png
09-23 20:19:16.905 I/godot   (23686): [RESOLVER] facade_fabric resolved from DEFAULT.png (dims 1024x512)
09-23 20:19:16.905 I/godot   (23686): 
09-23 20:19:16.905 I/godot   (23686): Attempting to resolve: facade_plywood (folder plywood)
09-23 20:19:16.906 I/godot   (23686):   [USER] File not found: user://textures/plywood/facade_plywood.png
09-23 20:19:16.906 I/godot   (23686):   [USER] File not found: user://textures/plywood/facade_plywood.webp
09-23 20:19:16.933 I/godot   (23686):   [DEFAULT] Validation PASS: res://ASSETS/materials/plywood/facade_plywood.png
09-23 20:19:16.933 I/godot   (23686): [RESOLVER] facade_plywood resolved from DEFAULT.png (dims 1024x512)
09-23 20:19:16.934 I/godot   (23686): 
09-23 20:19:16.934 I/godot   (23686): Attempting to resolve: facade_glass (folder glass)
09-23 20:19:16.934 I/godot   (23686):   [USER] File not found: user://textures/glass/facade_glass.png
09-23 20:19:16.934 I/godot   (23686):   [USER] File not found: user://textures/glass/facade_glass.webp
09-23 20:19:16.943 I/godot   (23686):   [DEFAULT] Validation PASS: res://ASSETS/materials/glass/facade_glass.png
09-23 20:19:16.943 I/godot   (23686): [RESOLVER] facade_glass resolved from DEFAULT.png (dims 1024x512)
09-23 20:19:17.726 I/godot   (23686): [BAKE] Composed sheet concrete|facade_concrete|0 (2048 atoms)
09-23 20:19:18.591 I/godot   (23686): [BAKE] Composed sheet concrete|facade_concrete|1 (2048 atoms)
09-23 20:19:19.102 I/godot   (23686): [BAKE] Composed sheet metal|facade_metal|0 (2048 atoms)
09-23 20:19:19.558 I/godot   (23686): [BAKE] Composed sheet metal|facade_metal|1 (2048 atoms)
09-23 20:19:20.009 I/godot   (23686): [BAKE] Composed sheet stone|facade_stone|0 (2048 atoms)
09-23 20:19:20.464 I/godot   (23686): [BAKE] Composed sheet stone|facade_stone|1 (2048 atoms)
09-23 20:19:20.904 I/godot   (23686): [BAKE] Composed sheet wood|facade_wood|0 (2048 atoms)
09-23 20:19:21.363 I/godot   (23686): [BAKE] Composed sheet wood|facade_wood|1 (2048 atoms)
09-23 20:19:21.807 I/godot   (23686): [BAKE] Composed sheet brick|facade_brick|0 (2048 atoms)
09-23 20:19:22.259 I/godot   (23686): [BAKE] Composed sheet brick|facade_brick|1 (2048 atoms)
09-23 20:19:22.702 I/godot   (23686): [BAKE] Composed sheet cardboard|facade_cardboard|0 (2048 atoms)
09-23 20:19:23.157 I/godot   (23686): [BAKE] Composed sheet cardboard|facade_cardboard|1 (2048 atoms)
09-23 20:19:23.593 I/godot   (23686): [BAKE] Composed sheet fabric|facade_fabric|0 (2048 atoms)
09-23 20:19:24.048 I/godot   (23686): [BAKE] Composed sheet fabric|facade_fabric|1 (2048 atoms)
09-23 20:19:24.490 I/godot   (23686): [BAKE] Composed sheet plywood|facade_plywood|0 (2048 atoms)
09-23 20:19:24.945 I/godot   (23686): [BAKE] Composed sheet plywood|facade_plywood|1 (2048 atoms)
09-23 20:19:25.381 I/godot   (23686): [BAKE] Composed sheet glass|facade_glass|0 (2048 atoms)
09-23 20:19:25.831 I/godot   (23686): [BAKE] Composed sheet glass|facade_glass|1 (2048 atoms)
09-23 20:19:25.900 I/godot   (23686): [BAKE] Composed junction page: concrete|facade_concrete (160 atoms)
09-23 20:19:25.936 I/godot   (23686): [BAKE] Composed junction page: metal|facade_metal (64 atoms)
09-23 20:19:25.973 I/godot   (23686): [BAKE] Composed junction page: stone|facade_stone (64 atoms)
09-23 20:19:26.010 I/godot   (23686): [BAKE] Composed junction page: wood|facade_wood (64 atoms)
09-23 20:19:26.048 I/godot   (23686): [BAKE] Composed junction page: brick|facade_brick (64 atoms)
09-23 20:19:26.086 I/godot   (23686): [BAKE] Composed junction page: cardboard|facade_cardboard (64 atoms)
09-23 20:19:26.123 I/godot   (23686): [BAKE] Composed junction page: fabric|facade_fabric (64 atoms)
09-23 20:19:26.162 I/godot   (23686): [BAKE] Composed junction page: plywood|facade_plywood (64 atoms)
09-23 20:19:26.199 I/godot   (23686): [BAKE] Composed junction page: glass|facade_glass (64 atoms)
09-23 20:19:27.173 I/godot   (23686): [BAKE] Composed roof page ROOF|concrete|facade_concrete (4096 atoms)
09-23 20:19:27.777 I/godot   (23686): [BAKE] Composed roof page ROOF|metal|facade_metal (586 atoms)
09-23 20:19:28.370 I/godot   (23686): [BAKE] Composed roof page ROOF|stone|facade_stone (586 atoms)
09-23 20:19:28.948 I/godot   (23686): [BAKE] Composed roof page ROOF|wood|facade_wood (586 atoms)
09-23 20:19:29.529 I/godot   (23686): [BAKE] Composed roof page ROOF|brick|facade_brick (586 atoms)
09-23 20:19:30.118 I/godot   (23686): [BAKE] Composed roof page ROOF|cardboard|facade_cardboard (586 atoms)
09-23 20:19:30.699 I/godot   (23686): [BAKE] Composed roof page ROOF|fabric|facade_fabric (586 atoms)
09-23 20:19:31.283 I/godot   (23686): [BAKE] Composed roof page ROOF|plywood|facade_plywood (586 atoms)
09-23 20:19:31.863 I/godot   (23686): [BAKE] Composed roof page ROOF|glass|facade_glass (586 atoms)
09-23 20:19:31.868 I/godot   (23686): [BAKE] Baked 9 combos × 2 directions in 14925.0 ms
09-23 20:19:31.870 I/godot   (23686): [ROOM] Bake complete: 15295 ms, 36 pages
09-23 20:19:36.465 I/godot   (23686): [ROOM] Registered baked atlas page 0 as source 98 on voxel_renderer (8448 tiles created)
09-23 20:19:41.062 I/godot   (23686): [ROOM] Registered baked atlas page 1 as source 99 on voxel_renderer (8448 tiles created)
09-23 20:19:41.076 I/godot   (23686): [ROOM] Registered baked atlas page 2 as source 100 on voxel_renderer (384 tiles created)
09-23 20:19:41.091 I/godot   (23686): [ROOM] Registered baked atlas page 3 as source 101 on voxel_renderer (384 tiles created)
09-23 20:19:41.105 I/godot   (23686): [ROOM] Registered baked atlas page 4 as source 102 on voxel_renderer (384 tiles created)
09-23 20:19:41.120 I/godot   (23686): [ROOM] Registered baked atlas page 5 as source 103 on voxel_renderer (384 tiles created)
09-23 20:19:41.134 I/godot   (23686): [ROOM] Registered baked atlas page 6 as source 104 on voxel_renderer (384 tiles created)
09-23 20:19:41.149 I/godot   (23686): [ROOM] Registered baked atlas page 7 as source 105 on voxel_renderer (384 tiles created)
09-23 20:19:41.164 I/godot   (23686): [ROOM] Registered baked atlas page 8 as source 106 on voxel_renderer (384 tiles created)
09-23 20:19:41.178 I/godot   (23686): [ROOM] Registered baked atlas page 9 as source 107 on voxel_renderer (384 tiles created)
09-23 20:19:41.193 I/godot   (23686): [ROOM] Registered baked atlas page 10 as source 108 on voxel_renderer (384 tiles created)
09-23 20:19:41.207 I/godot   (23686): [ROOM] Registered baked atlas page 11 as source 109 on voxel_renderer (384 tiles created)
09-23 20:19:41.222 I/godot   (23686): [ROOM] Registered baked atlas page 12 as source 110 on voxel_renderer (384 tiles created)
09-23 20:19:41.237 I/godot   (23686): [ROOM] Registered baked atlas page 13 as source 111 on voxel_renderer (384 tiles created)
09-23 20:19:41.251 I/godot   (23686): [ROOM] Registered baked atlas page 14 as source 112 on voxel_renderer (384 tiles created)
09-23 20:19:41.266 I/godot   (23686): [ROOM] Registered baked atlas page 15 as source 113 on voxel_renderer (384 tiles created)
09-23 20:19:41.288 I/godot   (23686): [ROOM] Registered baked atlas page 16 as source 114 on voxel_renderer (384 tiles created)
09-23 20:19:41.393 I/godot   (23686): [ROOM] Registered baked atlas page 17 as source 115 on voxel_renderer (384 tiles created)
09-23 20:19:41.398 I/godot   (23686): [ROOM] Registered baked atlas page 18 as source 116 on voxel_renderer (160 tiles created)
09-23 20:19:41.400 I/godot   (23686): [ROOM] Registered baked atlas page 19 as source 117 on voxel_renderer (64 tiles created)
09-23 20:19:41.401 I/godot   (23686): [ROOM] Registered baked atlas page 20 as source 118 on voxel_renderer (64 tiles created)
09-23 20:19:41.404 I/godot   (23686): [ROOM] Registered baked atlas page 21 as source 119 on voxel_renderer (64 tiles created)
09-23 20:19:41.406 I/godot   (23686): [ROOM] Registered baked atlas page 22 as source 120 on voxel_renderer (64 tiles created)
09-23 20:19:41.407 I/godot   (23686): [ROOM] Registered baked atlas page 23 as source 121 on voxel_renderer (64 tiles created)
09-23 20:19:41.409 I/godot   (23686): [ROOM] Registered baked atlas page 24 as source 122 on voxel_renderer (64 tiles created)
09-23 20:19:41.411 I/godot   (23686): [ROOM] Registered baked atlas page 25 as source 123 on voxel_renderer (64 tiles created)
09-23 20:19:41.413 I/godot   (23686): [ROOM] Registered baked atlas page 26 as source 124 on voxel_renderer (64 tiles created)
09-23 20:19:42.434 I/godot   (23686): [ROOM] Registered baked atlas page 27 as source 125 on voxel_renderer (4096 tiles created)
09-23 20:19:42.463 I/godot   (23686): [ROOM] Registered baked atlas page 28 as source 126 on voxel_renderer (586 tiles created)
09-23 20:19:42.492 I/godot   (23686): [ROOM] Registered baked atlas page 29 as source 127 on voxel_renderer (586 tiles created)
09-23 20:19:42.521 I/godot   (23686): [ROOM] Registered baked atlas page 30 as source 128 on voxel_renderer (586 tiles created)
09-23 20:19:42.550 I/godot   (23686): [ROOM] Registered baked atlas page 31 as source 129 on voxel_renderer (586 tiles created)
09-23 20:19:42.579 I/godot   (23686): [ROOM] Registered baked atlas page 32 as source 130 on voxel_renderer (586 tiles created)
09-23 20:19:42.608 I/godot   (23686): [ROOM] Registered baked atlas page 33 as source 131 on voxel_renderer (586 tiles created)
09-23 20:19:42.637 I/godot   (23686): [ROOM] Registered baked atlas page 34 as source 132 on voxel_renderer (586 tiles created)
09-23 20:19:42.666 I/godot   (23686): [ROOM] Registered baked atlas page 35 as source 133 on voxel_renderer (586 tiles created)
09-23 20:19:42.667 I/godot   (23686): [VOXEL] Baked lookup set: registered
09-23 20:19:42.688 I/godot   (23686): [BAKE] Disk cache HIT: loaded 1ff64de9
09-23 20:19:43.440 I/godot   (23686): [D33] composite page: 3584 tile(s) created up front in 738.7 ms
09-23 20:19:43.465 I/godot   (23686): [BAKE] Disk cache HIT: loaded 79f4f5e8
09-23 20:19:43.467 I/godot   (23686): [BAKE] Disk cache HIT: loaded c5a3ab77
09-23 20:19:43.470 I/godot   (23686): [BAKE] Disk cache HIT: loaded 38139423
09-23 20:19:43.472 I/godot   (23686): [BAKE] Disk cache HIT: loaded 66da5472
09-23 20:19:43.474 I/godot   (23686): [BAKE] Disk cache HIT: loaded e4993765
09-23 20:19:43.477 I/godot   (23686): [BAKE] Disk cache HIT: loaded 689fb62e
09-23 20:19:43.479 I/godot   (23686): [BAKE] Disk cache HIT: loaded 6705897f
09-23 20:19:43.481 I/godot   (23686): [BAKE] Disk cache HIT: loaded f45df950
09-23 20:19:43.484 I/godot   (23686): [BAKE] Disk cache HIT: loaded a69e54c4
09-23 20:19:43.486 I/godot   (23686): [BAKE] Disk cache HIT: loaded 789ec235
09-23 20:19:43.488 I/godot   (23686): [BAKE] Disk cache HIT: loaded 7ae0a8c2
09-23 20:19:43.490 I/godot   (23686): [BAKE] Disk cache HIT: loaded e19baabe
09-23 20:19:43.493 I/godot   (23686): [BAKE] Disk cache HIT: loaded 3323d2cf
09-23 20:19:43.495 I/godot   (23686): [BAKE] Disk cache HIT: loaded 14a1b0e0
09-23 20:19:43.497 I/godot   (23686): [BAKE] Disk cache HIT: loaded 312a1305
09-23 20:19:43.499 I/godot   (23686): [BAKE] Disk cache HIT: loaded a6443a14
09-23 20:19:43.501 I/godot   (23686): [BAKE] Disk cache HIT: loaded de99e143
09-23 20:19:43.503 I/godot   (23686): [BAKE] Disk cache HIT: loaded f582f5c8
09-23 20:19:43.505 I/godot   (23686): [BAKE] Disk cache HIT: loaded c18fa5c9
09-23 20:19:43.507 I/godot   (23686): [BAKE] Disk cache HIT: loaded 75160ea6
09-23 20:19:43.509 I/godot   (23686): [BAKE] Disk cache HIT: loaded 4d745b00
09-23 20:19:43.511 I/godot   (23686): [BAKE] Disk cache HIT: loaded baeabe01
09-23 20:19:43.513 I/godot   (23686): [BAKE] Disk cache HIT: loaded 535489de
09-23 20:19:43.515 I/godot   (23686): [BAKE] Disk cache HIT: loaded 3e4f2802
09-23 20:19:43.517 I/godot   (23686): [BAKE] Disk cache HIT: loaded 8f879e33
09-23 20:19:43.519 I/godot   (23686): [BAKE] Disk cache HIT: loaded e5158604
09-23 20:19:43.522 I/godot   (23686): [BAKE] Disk cache HIT: loaded bda6b76f
09-23 20:19:43.524 I/godot   (23686): [BAKE] Disk cache HIT: loaded 6ae15ade
09-23 20:19:43.526 I/godot   (23686): [BAKE] Disk cache HIT: loaded d2778f01
09-23 20:19:43.529 I/godot   (23686): [BAKE] Disk cache HIT: loaded 8acb8dbd
09-23 20:19:43.531 I/godot   (23686): [BAKE] Disk cache HIT: loaded f8179f2c
09-23 20:19:43.534 I/godot   (23686): [BAKE] Disk cache HIT: loaded c3776c5b
09-23 20:19:43.537 I/godot   (23686): [BAKE] Disk cache HIT: loaded ddea6eff
09-23 20:19:43.539 I/godot   (23686): [BAKE] Disk cache HIT: loaded df849bae
09-23 20:19:43.542 I/godot   (23686): [BAKE] Disk cache HIT: loaded 4b738391
09-23 20:19:43.544 I/godot   (23686): [BAKE] Disk cache HIT: loaded 310dc82c
09-23 20:19:43.546 I/godot   (23686): [BAKE] Disk cache HIT: loaded c3c1b6bd
09-23 20:19:43.549 I/godot   (23686): [BAKE] Disk cache HIT: loaded 2a46d30a
09-23 20:19:43.551 I/godot   (23686): [BAKE] Disk cache HIT: loaded fdc7ddf1
09-23 20:19:43.553 I/godot   (23686): [BAKE] Disk cache HIT: loaded 0fb2e0b0
09-23 20:19:43.556 I/godot   (23686): [BAKE] Disk cache HIT: loaded db12addf
09-23 20:19:43.558 I/godot   (23686): [BAKE] Disk cache HIT: loaded 4f78b87f
09-23 20:19:43.560 I/godot   (23686): [BAKE] Disk cache HIT: loaded 5112e52e
09-23 20:19:43.563 I/godot   (23686): [BAKE] Disk cache HIT: loaded bd01cd11
09-23 20:19:43.565 I/godot   (23686): [BAKE] Disk cache HIT: loaded 75a5bc1d
09-23 20:19:43.567 I/godot   (23686): [BAKE] Disk cache HIT: loaded 564b730c
09-23 20:19:43.569 I/godot   (23686): [BAKE] Disk cache HIT: loaded a1ac09bb
09-23 20:19:43.572 I/godot   (23686): [BAKE] Disk cache HIT: loaded 62ea1cf0
09-23 20:19:43.575 I/godot   (23686): [BAKE] Disk cache HIT: loaded 50ff1a31
09-23 20:19:43.577 I/godot   (23686): [BAKE] Disk cache HIT: loaded dc23f14e
09-23 20:19:43.579 I/godot   (23686): [BAKE] Disk cache HIT: loaded 8b168722
09-23 20:19:43.582 I/godot   (23686): [BAKE] Disk cache HIT: loaded dd8c31d3
09-23 20:19:43.584 I/godot   (23686): [BAKE] Disk cache HIT: loaded 31dce524
09-23 20:19:43.586 I/godot   (23686): [BAKE] Disk cache HIT: loaded dbe61180
09-23 20:19:43.588 I/godot   (23686): [BAKE] Disk cache HIT: loaded 495c7481
09-23 20:19:43.591 I/godot   (23686): [BAKE] Disk cache HIT: loaded e1c6405e
09-23 20:19:43.593 I/godot   (23686): [BAKE] Disk cache HIT: loaded 266b01ab
09-23 20:19:43.595 I/godot   (23686): [BAKE] Disk cache HIT: loaded 53a66e9a
09-23 20:19:43.598 I/godot   (23686): [BAKE] Disk cache HIT: loaded d31dba8d
09-23 20:19:43.600 I/godot   (23686): [BAKE] Disk cache HIT: loaded 4da47f86
09-23 20:19:43.602 I/godot   (23686): [BAKE] Disk cache HIT: loaded ec09bbb7
09-23 20:19:43.604 I/godot   (23686): [BAKE] Disk cache HIT: loaded a05b0628
09-23 20:19:43.607 I/godot   (23686): [BAKE] Disk cache HIT: loaded 2ad8f476
09-23 20:19:43.609 I/godot   (23686): [BAKE] Disk cache HIT: loaded 7655f6e7
09-23 20:19:43.611 I/godot   (23686): [BAKE] Disk cache HIT: loaded aaa677d8
09-23 20:19:43.614 I/godot   (23686): [BAKE] Disk cache HIT: loaded 93993437
09-23 20:19:43.616 I/godot   (23686): [BAKE] Disk cache HIT: loaded f533f806
09-23 20:19:43.618 I/godot   (23686): [BAKE] Disk cache HIT: loaded 953399a9
09-23 20:19:43.621 I/godot   (23686): [BAKE] Disk cache HIT: loaded 0fc056b1
09-23 20:19:43.624 I/godot   (23686): [BAKE] Disk cache HIT: loaded 21ab5970
09-23 20:19:43.626 I/godot   (23686): [BAKE] Disk cache HIT: loaded ed0b269f
09-23 20:19:43.629 I/godot   (23686): [BAKE] Disk cache HIT: loaded 9b8ed3b4
09-23 20:19:43.631 I/godot   (23686): [BAKE] Disk cache HIT: loaded 99ce5225
09-23 20:19:43.633 I/godot   (23686): [BAKE] Disk cache HIT: loaded 48889b32
09-23 20:19:43.636 I/godot   (23686): [BAKE] Disk cache HIT: loaded 1a067eca
09-23 20:19:43.638 I/godot   (23686): [BAKE] Disk cache HIT: loaded ec2d411b
09-23 20:19:43.640 I/godot   (23686): [BAKE] Disk cache HIT: loaded 4d0c84ec
09-23 20:19:43.643 I/godot   (23686): [BAKE] Disk cache HIT: loaded 0054ff2c
09-23 20:19:43.645 I/godot   (23686): [BAKE] Disk cache HIT: loaded 9308edbd
09-23 20:19:43.647 I/godot   (23686): [BAKE] Disk cache HIT: loaded f98e0a0a
09-23 20:19:43.649 I/godot   (23686): [BAKE] Disk cache HIT: loaded bcf9043b
09-23 20:19:43.651 I/godot   (23686): [BAKE] Disk cache HIT: loaded ead241ea
09-23 20:19:43.654 I/godot   (23686): [BAKE] Disk cache HIT: loaded 90f2b69d
09-23 20:19:43.656 I/godot   (23686): [BAKE] Disk cache HIT: loaded 9e92ca16
09-23 20:19:43.659 I/godot   (23686): [BAKE] Disk cache HIT: loaded 101b2487
09-23 20:19:43.661 I/godot   (23686): [BAKE] Disk cache HIT: loaded caa027f8
09-23 20:19:43.663 I/godot   (23686): [BAKE] Disk cache HIT: loaded db3c5d88
09-23 20:19:43.665 I/godot   (23686): [BAKE] Disk cache HIT: loaded a7490d89
09-23 20:19:43.668 I/godot   (23686): [BAKE] Disk cache HIT: loaded b387b366
09-23 20:19:43.670 I/godot   (23686): [BAKE] Disk cache HIT: loaded d51907ad
09-23 20:19:43.672 I/godot   (23686): [BAKE] Disk cache HIT: loaded c303b35c
09-23 20:19:43.675 I/godot   (23686): [BAKE] Disk cache HIT: loaded 0dc4e64b
09-23 20:19:43.677 I/godot   (23686): [BAKE] Disk cache HIT: loaded 6f0d800b
09-23 20:19:43.680 I/godot   (23686): [BAKE] Disk cache HIT: loaded 988e09fa
09-23 20:19:43.682 I/godot   (23686): [BAKE] Disk cache HIT: loaded 3661a16d
09-23 20:19:43.685 I/godot   (23686): [BAKE] Disk cache HIT: loaded 00714a05
09-23 20:19:43.687 I/godot   (23686): [BAKE] Disk cache HIT: loaded 758b7114
09-23 20:19:43.690 I/godot   (23686): [BAKE] Disk cache HIT: loaded ade11843
09-23 20:19:43.692 I/godot   (23686): [BAKE] Disk cache HIT: loaded c99c60fa
09-23 20:19:43.695 I/godot   (23686): [BAKE] Disk cache HIT: loaded a01bd70b
09-23 20:19:43.697 I/godot   (23686): [BAKE] Disk cache HIT: loaded 555aa41c
09-23 20:19:43.699 I/godot   (23686): [BAKE] Disk cache HIT: loaded d172d041
09-23 20:19:43.702 I/godot   (23686): [BAKE] Disk cache HIT: loaded 0b443040
09-23 20:19:43.704 I/godot   (23686): [BAKE] Disk cache HIT: loaded 63e9bbaf
09-23 20:19:43.706 I/godot   (23686): [BAKE] Disk cache HIT: loaded 7dc14c67
09-23 20:19:43.709 I/godot   (23686): [BAKE] Disk cache HIT: loaded 324449f6
09-23 20:19:43.711 I/godot   (23686): [BAKE] Disk cache HIT: loaded febd1799
09-23 20:19:43.713 I/godot   (23686): [BAKE] Disk cache HIT: loaded 80070612
09-23 20:19:43.716 I/godot   (23686): [BAKE] Disk cache HIT: loaded d27cb0c3
09-23 20:19:43.718 I/godot   (23686): [BAKE] Disk cache HIT: loaded 9a270994
09-23 20:19:43.721 I/godot   (23686): [BAKE] Disk cache HIT: loaded 408a168c
09-23 20:19:43.723 I/godot   (23686): [BAKE] Disk cache HIT: loaded 5fe45f9d
09-23 20:19:43.725 I/godot   (23686): [BAKE] Disk cache HIT: loaded b9c3eaea
09-23 20:19:43.728 I/godot   (23686): [BAKE] Disk cache HIT: loaded fb0049ea
09-23 20:19:43.730 I/godot   (23686): [BAKE] Disk cache HIT: loaded cd270c3b
09-23 20:19:43.732 I/godot   (23686): [BAKE] Disk cache HIT: loaded 81c6758c
09-23 20:19:43.735 I/godot   (23686): [BAKE] Disk cache HIT: loaded 725b1a95
09-23 20:19:43.737 I/godot   (23686): [BAKE] Disk cache HIT: loaded f41ad2a4
09-23 20:19:43.740 I/godot   (23686): [BAKE] Disk cache HIT: loaded 9fca1f53
09-23 20:19:43.742 I/godot   (23686): [BAKE] Disk cache HIT: loaded 3ce87820
09-23 20:19:43.744 I/godot   (23686): [BAKE] Disk cache HIT: loaded aa5edb21
09-23 20:19:43.746 I/godot   (23686): [BAKE] Disk cache HIT: loaded dd6945fe
09-23 20:19:43.748 I/godot   (23686): [BAKE] Disk cache HIT: loaded 375c7783
09-23 20:19:43.751 I/godot   (23686): [BAKE] Disk cache HIT: loaded e4e6ccd2
09-23 20:19:43.754 I/godot   (23686): [BAKE] Disk cache HIT: loaded 89eca945
09-23 20:19:43.757 I/godot   (23686): [BAKE] Disk cache HIT: loaded 6f1c8b0d
09-23 20:19:43.759 I/godot   (23686): [BAKE] Disk cache HIT: loaded cf23a7bc
09-23 20:19:43.762 I/godot   (23686): [BAKE] Disk cache HIT: loaded c269d22b
09-23 20:19:43.765 I/godot   (23686): [BAKE] Disk cache HIT: loaded a2f6a7a8
09-23 20:19:43.767 I/godot   (23686): [BAKE] Disk cache HIT: loaded f03fc2a9
09-23 20:19:43.770 I/godot   (23686): [BAKE] Disk cache HIT: loaded 50402106
09-23 20:19:43.773 I/godot   (23686): [BAKE] Disk cache HIT: loaded 170da79e
09-23 20:19:43.775 I/godot   (23686): [BAKE] Disk cache HIT: loaded 69d3042f
09-23 20:19:43.778 I/godot   (23686): [BAKE] Disk cache HIT: loaded 112d78c0
09-23 20:19:43.781 I/godot   (23686): [BAKE] Disk cache HIT: loaded 0bea3be0
09-23 20:19:43.783 I/godot   (23686): [BAKE] Disk cache HIT: loaded 79609ee1
09-23 20:19:43.785 I/godot   (23686): [BAKE] Disk cache HIT: loaded d8e435be
09-23 20:19:43.787 I/godot   (23686): [BAKE] Disk cache HIT: loaded c2f0fe17
09-23 20:19:43.790 I/godot   (23686): [BAKE] Disk cache HIT: loaded d0ca0966
09-23 20:19:43.792 I/godot   (23686): [BAKE] Disk cache HIT: loaded c48b6389
09-23 20:19:43.795 I/godot   (23686): [BAKE] Disk cache HIT: loaded f42ffe0a
09-23 20:19:43.797 I/godot   (23686): [BAKE] Disk cache HIT: loaded c656c05b
09-23 20:19:43.800 I/godot   (23686): [BAKE] Disk cache HIT: loaded faf6f32c
09-23 20:19:43.802 I/godot   (23686): [BAKE] Disk cache HIT: loaded 8e459ee2
09-23 20:19:43.804 I/godot   (23686): [BAKE] Disk cache HIT: loaded e0bb4993
09-23 20:19:43.806 I/godot   (23686): [BAKE] Disk cache HIT: loaded 350bfce4
09-23 20:19:43.809 I/godot   (23686): [BAKE] Disk cache HIT: loaded 22b77a14
09-23 20:19:43.811 I/godot   (23686): [BAKE] Disk cache HIT: loaded ad9d5305
09-23 20:19:43.813 I/godot   (23686): [BAKE] Disk cache HIT: loaded 08977692
09-23 20:19:43.816 I/godot   (23686): [BAKE] Disk cache HIT: loaded 2b3ac651
09-23 20:19:43.819 I/godot   (23686): [BAKE] Disk cache HIT: loaded 4b0a2190
09-23 20:19:43.821 I/godot   (23686): [BAKE] Disk cache HIT: loaded 1669eebf
09-23 20:19:43.824 I/godot   (23686): [BAKE] Disk cache HIT: loaded ddd178df
09-23 20:19:43.826 I/godot   (23686): [BAKE] Disk cache HIT: loaded 8bab800e
09-23 20:19:43.829 I/godot   (23686): [BAKE] Disk cache HIT: loaded 0086a8f1
09-23 20:19:43.831 I/godot   (23686): [BAKE] Disk cache HIT: loaded 078ff8c9
09-23 20:19:43.833 I/godot   (23686): [BAKE] Disk cache HIT: loaded 3b8348c8
09-23 20:19:43.836 I/godot   (23686): [BAKE] Disk cache HIT: loaded 05f59357
09-23 20:19:43.839 I/godot   (23686): [BAKE] Disk cache HIT: loaded fa29a4f6
09-23 20:19:43.841 I/godot   (23686): [BAKE] Disk cache HIT: loaded 45a6a767
09-23 20:19:43.844 I/godot   (23686): [BAKE] Disk cache HIT: loaded 79f72858
09-23 20:19:43.846 I/godot   (23686): [BAKE] Disk cache HIT: loaded c43fb14b
09-23 20:19:43.848 I/godot   (23686): [BAKE] Disk cache HIT: loaded 72b7893a
09-23 20:19:43.851 I/godot   (23686): [BAKE] Disk cache HIT: loaded 8b93d2ad
09-23 20:19:43.854 I/godot   (23686): [BAKE] Disk cache HIT: loaded 3c0fdd7d
09-23 20:19:43.856 I/godot   (23686): [BAKE] Disk cache HIT: loaded 50a3b1ec
09-23 20:19:43.859 I/godot   (23686): [BAKE] Disk cache HIT: loaded efc46e1b
09-23 20:19:43.862 I/godot   (23686): [BAKE] Disk cache HIT: loaded 5d243053
09-23 20:19:43.864 I/godot   (23686): [BAKE] Disk cache HIT: loaded 0aae85a2
09-23 20:19:43.867 I/godot   (23686): [BAKE] Disk cache HIT: loaded 2fb52b95
09-23 20:19:43.870 I/godot   (23686): [BAKE] Disk cache HIT: loaded dcc1c5e6
09-23 20:19:43.873 I/godot   (23686): [BAKE] Disk cache HIT: loaded cee8ba97
09-23 20:19:43.875 I/godot   (23686): [BAKE] Disk cache HIT: loaded 04767008
09-23 20:19:43.878 I/godot   (23686): [BAKE] Disk cache HIT: loaded e8344460
09-23 20:19:43.880 I/godot   (23686): [BAKE] Disk cache HIT: loaded 55aaa761
09-23 20:19:43.883 I/godot   (23686): [BAKE] Disk cache HIT: loaded b52e3e3e
09-23 20:19:43.885 I/godot   (23686): [BAKE] Disk cache HIT: loaded 3ac39f1e
09-23 20:19:43.888 I/godot   (23686): [BAKE] Disk cache HIT: loaded 8d88fbaf
09-23 20:19:43.890 I/godot   (23686): [BAKE] Disk cache HIT: loaded 34e37040
09-23 20:19:43.893 I/godot   (23686): [BAKE] Disk cache HIT: loaded ae9fd721
09-23 20:19:43.895 I/godot   (23686): [BAKE] Disk cache HIT: loaded 41297420
09-23 20:19:43.898 I/godot   (23686): [BAKE] Disk cache HIT: loaded 8beaa70f
09-23 20:19:43.900 I/godot   (23686): [BAKE] Disk cache HIT: loaded 991789cc
09-23 20:19:43.903 I/godot   (23686): [BAKE] Disk cache HIT: loaded b871d2dd
09-23 20:19:43.905 I/godot   (23686): [BAKE] Disk cache HIT: loaded b999212a
09-23 20:19:43.908 I/godot   (23686): [BAKE] Disk cache HIT: loaded 5e0bedbc
09-23 20:19:43.910 I/godot   (23686): [BAKE] Disk cache HIT: loaded fe04d10d
09-23 20:19:43.913 I/godot   (23686): [BAKE] Disk cache HIT: loaded 7e8d851a
09-23 20:19:43.916 I/godot   (23686): [BAKE] Disk cache HIT: loaded f0cbacc5
09-23 20:19:43.918 I/godot   (23686): [BAKE] Disk cache HIT: loaded 65e5d3d4
09-23 20:19:43.921 I/godot   (23686): [BAKE] Disk cache HIT: loaded 9e3b7b03
09-23 20:19:43.924 I/godot   (23686): [BAKE] Disk cache HIT: loaded fe7ed17f
09-23 20:19:43.926 I/godot   (23686): [BAKE] Disk cache HIT: loaded 0018fe2e
09-23 20:19:43.929 I/godot   (23686): [BAKE] Disk cache HIT: loaded 6c07e611
09-23 20:19:43.931 I/godot   (23686): [BAKE] Disk cache HIT: loaded f8617f42
09-23 20:19:43.933 I/godot   (23686): [BAKE] Disk cache HIT: loaded a2523273
09-23 20:19:43.936 I/godot   (23686): [BAKE] Disk cache HIT: loaded 241f2b44
09-23 20:19:43.939 I/godot   (23686): [BAKE] Disk cache HIT: loaded 43e30398
09-23 20:19:43.941 I/godot   (23686): [BAKE] Disk cache HIT: loaded 908e4dd9
09-23 20:19:43.943 I/godot   (23686): [BAKE] Disk cache HIT: loaded 1ccdbd36
09-23 20:19:43.945 I/godot   (23686): [BAKE] Disk cache HIT: loaded 9bc17792
09-23 20:19:43.948 I/godot   (23686): [BAKE] Disk cache HIT: loaded ee372243
09-23 20:19:43.950 I/godot   (23686): [BAKE] Disk cache HIT: loaded b5e17b14
09-23 20:19:43.952 I/godot   (23686): [BAKE] Disk cache HIT: loaded 8af654d1
09-23 20:19:43.955 I/godot   (23686): [BAKE] Disk cache HIT: loaded aac5b010
09-23 20:19:43.958 I/godot   (23686): [BAKE] Disk cache HIT: loaded 76257d3f
09-23 20:19:43.960 I/godot   (23686): [BAKE] Disk cache HIT: loaded 97f724ec
09-23 20:19:43.963 I/godot   (23686): [BAKE] Disk cache HIT: loaded 8363507d
09-23 20:19:43.965 I/godot   (23686): [BAKE] Disk cache HIT: loaded 64f11eca
09-23 20:19:43.968 I/godot   (23686): [BAKE] Disk cache HIT: loaded 02300d3e
09-23 20:19:43.970 I/godot   (23686): [BAKE] Disk cache HIT: loaded 53b8354f
09-23 20:19:43.973 I/godot   (23686): [BAKE] Disk cache HIT: loaded 35361360
09-23 20:19:43.975 I/godot   (23686): [BAKE] Disk cache HIT: loaded cc7a3463
09-23 20:19:43.978 I/godot   (23686): [BAKE] Disk cache HIT: loaded cf01e3b2
09-23 20:19:43.980 I/godot   (23686): [BAKE] Disk cache HIT: loaded 20479aa5
09-23 20:19:43.983 I/godot   (23686): [BAKE] Disk cache HIT: loaded a4e028c1
09-23 20:19:43.985 I/godot   (23686): [BAKE] Disk cache HIT: loaded deb188c0
09-23 20:19:43.987 I/godot   (23686): [BAKE] Disk cache HIT: loaded 3757142f
09-23 20:19:43.990 I/godot   (23686): [BAKE] Disk cache HIT: loaded 37935b73
09-23 20:19:43.992 I/godot   (23686): [BAKE] Disk cache HIT: loaded 8da2a842
09-23 20:19:43.995 I/godot   (23686): [BAKE] Disk cache HIT: loaded 8b60c1b5
09-23 20:19:43.998 I/godot   (23686): [BAKE] Disk cache HIT: loaded 02b23628
09-23 20:19:44.000 I/godot   (23686): [BAKE] Disk cache HIT: loaded 4ffb5129
09-23 20:19:44.003 I/godot   (23686): [BAKE] Disk cache HIT: loaded affbaf86
09-23 20:19:44.005 I/godot   (23686): [BAKE] Disk cache HIT: loaded b9cd8a6b
09-23 20:19:44.008 I/godot   (23686): [BAKE] Disk cache HIT: loaded e708f75a
09-23 20:19:44.010 I/godot   (23686): [BAKE] Disk cache HIT: loaded 0dc8064d
09-23 20:19:44.013 I/godot   (23686): [BAKE] Disk cache HIT: loaded cefc66e9
09-23 20:19:44.015 I/godot   (23686): [BAKE] Disk cache HIT: loaded 28fb0ee8
09-23 20:19:44.018 I/godot   (23686): [BAKE] Disk cache HIT: loaded 74a9c477
09-23 20:19:44.021 I/godot   (23686): [BAKE] Disk cache HIT: loaded 4a4da5e4
09-23 20:19:44.023 I/godot   (23686): [BAKE] Disk cache HIT: loaded 21462ad5
09-23 20:19:44.026 I/godot   (23686): [BAKE] Disk cache HIT: loaded a38747e2
09-23 20:19:44.028 I/godot   (23686): [BAKE] Disk cache HIT: loaded 72002296
09-23 20:19:44.031 I/godot   (23686): [BAKE] Disk cache HIT: loaded e3887d07
09-23 20:19:44.033 I/godot   (23686): [BAKE] Disk cache HIT: loaded 9e0d8078
09-23 20:19:44.036 I/godot   (23686): [BAKE] Disk cache HIT: loaded b7494534
09-23 20:19:44.039 I/godot   (23686): [BAKE] Disk cache HIT: loaded b588c3a5
09-23 20:19:44.041 I/godot   (23686): [BAKE] Disk cache HIT: loaded 64430cb2
09-23 20:19:44.044 I/godot   (23686): [BAKE] Disk cache HIT: loaded cae2dc07
09-23 20:19:44.046 I/godot   (23686): [BAKE] Disk cache HIT: loaded 595a8196
09-23 20:19:44.048 I/godot   (23686): [BAKE] Disk cache HIT: loaded b279a9b9
09-23 20:19:44.051 I/godot   (23686): [BAKE] Disk cache HIT: loaded de015d02
09-23 20:19:44.053 I/godot   (23686): [BAKE] Disk cache HIT: loaded 2f39d333
09-23 20:19:44.055 I/godot   (23686): [BAKE] Disk cache HIT: loaded 84c7bb04
09-23 20:19:44.058 I/godot   (23686): [BAKE] Disk cache HIT: loaded 9925edef
09-23 20:19:44.060 I/godot   (23686): [BAKE] Disk cache HIT: loaded 4660915e
09-23 20:19:44.062 I/godot   (23686): [BAKE] Disk cache HIT: loaded adf6c581
09-23 20:19:44.065 I/godot   (23686): [BAKE] Disk cache HIT: loaded db105109
09-23 20:19:44.067 I/godot   (23686): [BAKE] Disk cache HIT: loaded 0f03a108
09-23 20:19:44.070 I/godot   (23686): [BAKE] Disk cache HIT: loaded d975eb97
09-23 20:19:44.072 I/godot   (23686): [BAKE] Disk cache HIT: loaded 78a85bfc
09-23 20:19:44.074 I/godot   (23686): [BAKE] Disk cache HIT: loaded 18a13f4d
09-23 20:19:44.077 I/godot   (23686): [BAKE] Disk cache HIT: loaded f1e2305a
09-23 20:19:44.080 I/godot   (23686): [BAKE] Disk cache HIT: loaded 4d0a65c2
09-23 20:19:44.082 I/godot   (23686): [BAKE] Disk cache HIT: loaded f6fb18f3
09-23 20:19:44.085 I/godot   (23686): [BAKE] Disk cache HIT: loaded 78c811c4
09-23 20:19:44.087 I/godot   (23686): [BAKE] Disk cache HIT: loaded a78c2364
09-23 20:19:44.090 I/godot   (23686): [BAKE] Disk cache HIT: loaded 7e84a855
09-23 20:19:44.092 I/godot   (23686): [BAKE] Disk cache HIT: loaded 00c5c562
09-23 20:19:44.094 I/godot   (23686): [BAKE] Disk cache HIT: loaded 2db3fd43
09-23 20:19:44.097 I/godot   (23686): [BAKE] Disk cache HIT: loaded db3e5292
09-23 20:19:44.099 I/godot   (23686): [BAKE] Disk cache HIT: loaded 80442f05
09-23 20:19:44.102 I/godot   (23686): [BAKE] Disk cache HIT: loaded 94daf0a6
09-23 20:19:44.104 I/godot   (23686): [BAKE] Disk cache HIT: loaded dfba2257
09-23 20:19:44.106 I/godot   (23686): [BAKE] Disk cache HIT: loaded 1547d7c8
09-23 20:19:44.109 I/godot   (23686): [BAKE] Disk cache HIT: loaded 441eecae
09-23 20:19:44.111 I/godot   (23686): [BAKE] Disk cache HIT: loaded 4284bfff
09-23 20:19:44.113 I/godot   (23686): [BAKE] Disk cache HIT: loaded cfdd2fd0
09-23 20:19:44.116 I/godot   (23686): [BAKE] Disk cache HIT: loaded 3822d120
09-23 20:19:44.118 I/godot   (23686): [BAKE] Disk cache HIT: loaded a5993421
09-23 20:19:44.121 I/godot   (23686): [BAKE] Disk cache HIT: loaded d8a39efe
09-23 20:19:44.124 I/godot   (23686): [BAKE] Disk cache HIT: loaded 7dbcbe55
09-23 20:19:44.126 I/godot   (23686): [BAKE] Disk cache HIT: loaded a6c43964
09-23 20:19:44.129 I/godot   (23686): [BAKE] Disk cache HIT: loaded 52738613
09-23 20:19:44.131 I/godot   (23686): [BAKE] Disk cache HIT: loaded 21231ae3
09-23 20:19:44.134 I/godot   (23686): [BAKE] Disk cache HIT: loaded 23aaca32
09-23 20:19:44.136 I/godot   (23686): [BAKE] Disk cache HIT: loaded 74f08125
09-23 20:19:44.139 I/godot   (23686): [BAKE] Disk cache HIT: loaded 3b0bc8dd
09-23 20:19:44.141 I/godot   (23686): [BAKE] Disk cache HIT: loaded 1bb17fcc
09-23 20:19:44.144 I/godot   (23686): [BAKE] Disk cache HIT: loaded 0e59d97b
09-23 20:19:44.147 I/godot   (23686): [BAKE] Disk cache HIT: loaded dd5561a2
09-23 20:19:44.150 I/godot   (23686): [BAKE] Disk cache HIT: loaded 2fcb0c53
09-23 20:19:44.152 I/godot   (23686): [BAKE] Disk cache HIT: loaded 841bbfa4
09-23 20:19:44.155 I/godot   (23686): [BAKE] Disk cache HIT: loaded 269bba47
09-23 20:19:44.158 I/godot   (23686): [BAKE] Disk cache HIT: loaded b5135fd6
09-23 20:19:44.161 I/godot   (23686): [BAKE] Disk cache HIT: loaded b57a4af9
09-23 20:19:44.164 I/godot   (23686): [BAKE] Disk cache HIT: loaded e5a9a719
09-23 20:19:44.166 I/godot   (23686): [BAKE] Disk cache HIT: loaded 98fe5cd8
09-23 20:19:44.169 I/godot   (23686): [BAKE] Disk cache HIT: loaded 64addbe7
09-23 20:19:44.171 I/godot   (23686): [BAKE] Disk cache HIT: loaded 0146d99f
09-23 20:19:44.174 I/godot   (23686): [BAKE] Disk cache HIT: loaded af20e0ce
09-23 20:19:44.176 I/godot   (23686): [BAKE] Disk cache HIT: loaded 23fc09b1
09-23 20:19:44.178 I/godot   (23686): [BAKE] Disk cache HIT: loaded 7fa109ba
09-23 20:19:44.181 I/godot   (23686): [BAKE] Disk cache HIT: loaded d12931cb
09-23 20:19:44.183 I/godot   (23686): [BAKE] Disk cache HIT: loaded 8667fedc
09-23 20:19:44.185 I/godot   (23686): [BAKE] Disk cache HIT: loaded 9ef68c64
09-23 20:19:44.188 I/godot   (23686): [BAKE] Disk cache HIT: loaded 75ef1155
09-23 20:19:44.191 I/godot   (23686): [BAKE] Disk cache HIT: loaded f8302e62
09-23 20:19:44.193 I/godot   (23686): [BAKE] Disk cache HIT: loaded 559ffcc2
09-23 20:19:44.195 I/godot   (23686): [BAKE] Disk cache HIT: loaded ff90aff3
09-23 20:19:44.198 I/godot   (23686): [BAKE] Disk cache HIT: loaded 815da8c4
09-23 20:19:44.201 I/godot   (23686): [BAKE] Disk cache HIT: loaded dd0a683d
09-23 20:19:44.203 I/godot   (23686): [BAKE] Disk cache HIT: loaded 4a5679ac
09-23 20:19:44.205 I/godot   (23686): [BAKE] Disk cache HIT: loaded 15b646db
09-23 20:19:44.208 I/godot   (23686): [BAKE] Disk cache HIT: loaded d973c668
09-23 20:19:44.210 I/godot   (23686): [BAKE] Disk cache HIT: loaded 7f751e69
09-23 20:19:44.213 I/godot   (23686): [BAKE] Disk cache HIT: loaded b2fc50c6
09-23 20:19:44.215 I/godot   (23686): [BAKE] Disk cache HIT: loaded 01598f48
09-23 20:19:44.219 I/godot   (23686): [BAKE] Disk cache HIT: loaded cd663f49
09-23 20:19:44.223 I/godot   (23686): [BAKE] Disk cache HIT: loaded 80eca826
09-23 20:19:44.229 I/godot   (23686): [BAKE] Disk cache MISS: file not found /data/data/com.example.infiltraitor/files/damage_atom_cache/dc910c0e.bin
09-23 20:19:44.232 I/godot   (23686): [BAKE] Disk cache MISS: file not found /data/data/com.example.infiltraitor/files/damage_atom_cache/2eb704df.bin
09-23 20:19:44.236 I/godot   (23686): [BAKE] Disk cache MISS: file not found /data/data/com.example.infiltraitor/files/damage_atom_cache/635737b0.bin
09-23 20:19:44.240 I/godot   (23686): [BAKE] Disk cache MISS: file not found /data/data/com.example.infiltraitor/files/damage_atom_cache/96667239.bin
09-23 20:19:44.244 I/godot   (23686): [BAKE] Disk cache MISS: file not found /data/data/com.example.infiltraitor/files/damage_atom_cache/6954a7f8.bin
09-23 20:19:44.248 I/godot   (23686): [BAKE] Disk cache MISS: file not found /data/data/com.example.infiltraitor/files/damage_atom_cache/aecfa487.bin
09-23 20:19:44.251 I/godot   (23686): [BAKE] Disk cache MISS: file not found /data/data/com.example.infiltraitor/files/damage_atom_cache/b6e72c0c.bin
09-23 20:19:44.255 I/godot   (23686): [BAKE] Disk cache MISS: file not found /data/data/com.example.infiltraitor/files/damage_atom_cache/d641751d.bin
09-23 20:19:44.259 I/godot   (23686): [BAKE] Disk cache MISS: file not found /data/data/com.example.infiltraitor/files/damage_atom_cache/3021006a.bin
09-23 20:19:44.263 I/godot   (23686): [BAKE] Disk cache MISS: file not found /data/data/com.example.infiltraitor/files/damage_atom_cache/3c0a4a83.bin
09-23 20:19:44.267 I/godot   (23686): [BAKE] Disk cache MISS: file not found /data/data/com.example.infiltraitor/files/damage_atom_cache/e9949fd2.bin
09-23 20:19:44.271 I/godot   (23686): [BAKE] Disk cache MISS: file not found /data/data/com.example.infiltraitor/files/damage_atom_cache/8e9a7c45.bin
09-23 20:19:44.275 I/godot   (23686): [BAKE] Disk cache MISS: file not found /data/data/com.example.infiltraitor/files/damage_atom_cache/96667239.bin
09-23 20:19:44.278 I/godot   (23686): [BAKE] Disk cache MISS: file not found /data/data/com.example.infiltraitor/files/damage_atom_cache/6954a7f8.bin
09-23 20:19:44.282 I/godot   (23686): [BAKE] Disk cache MISS: file not found /data/data/com.example.infiltraitor/files/damage_atom_cache/aecfa487.bin
09-23 20:19:44.285 I/godot   (23686): [BAKE] Disk cache MISS: file not found /data/data/com.example.infiltraitor/files/damage_atom_cache/b6e72c0c.bin
09-23 20:19:44.289 I/godot   (23686): [BAKE] Disk cache MISS: file not found /data/data/com.example.infiltraitor/files/damage_atom_cache/d641751d.bin
09-23 20:19:44.293 I/godot   (23686): [BAKE] Disk cache MISS: file not found /data/data/com.example.infiltraitor/files/damage_atom_cache/3021006a.bin
09-23 20:19:44.297 I/godot   (23686): [BAKE] Disk cache MISS: file not found /data/data/com.example.infiltraitor/files/damage_atom_cache/dc910c0e.bin
09-23 20:19:44.300 I/godot   (23686): [BAKE] Disk cache MISS: file not found /data/data/com.example.infiltraitor/files/damage_atom_cache/2eb704df.bin
09-23 20:19:44.304 I/godot   (23686): [BAKE] Disk cache MISS: file not found /data/data/com.example.infiltraitor/files/damage_atom_cache/635737b0.bin
09-23 20:19:44.307 I/godot   (23686): [BAKE] Disk cache MISS: file not found /data/data/com.example.infiltraitor/files/damage_atom_cache/96667239.bin
09-23 20:19:44.310 I/godot   (23686): [BAKE] Disk cache MISS: file not found /data/data/com.example.infiltraitor/files/damage_atom_cache/6954a7f8.bin
09-23 20:19:44.312 I/godot   (23686): [BAKE] Disk cache MISS: file not found /data/data/com.example.infiltraitor/files/damage_atom_cache/aecfa487.bin
09-23 20:19:44.315 I/godot   (23686): [BAKE] Disk cache MISS: file not found /data/data/com.example.infiltraitor/files/damage_atom_cache/b6e72c0c.bin
09-23 20:19:44.317 I/godot   (23686): [BAKE] Disk cache MISS: file not found /data/data/com.example.infiltraitor/files/damage_atom_cache/d641751d.bin
09-23 20:19:44.320 I/godot   (23686): [BAKE] Disk cache MISS: file not found /data/data/com.example.infiltraitor/files/damage_atom_cache/3021006a.bin
09-23 20:19:44.323 I/godot   (23686): [BAKE] Disk cache MISS: file not found /data/data/com.example.infiltraitor/files/damage_atom_cache/3c0a4a83.bin
09-23 20:19:44.326 I/godot   (23686): [BAKE] Disk cache MISS: file not found /data/data/com.example.infiltraitor/files/damage_atom_cache/e9949fd2.bin
09-23 20:19:44.329 I/godot   (23686): [BAKE] Disk cache MISS: file not found /data/data/com.example.infiltraitor/files/damage_atom_cache/8e9a7c45.bin
09-23 20:19:44.332 I/godot   (23686): [BAKE] Disk cache MISS: file not found /data/data/com.example.infiltraitor/files/damage_atom_cache/96667239.bin
09-23 20:19:44.335 I/godot   (23686): [BAKE] Disk cache MISS: file not found /data/data/com.example.infiltraitor/files/damage_atom_cache/6954a7f8.bin
09-23 20:19:44.338 I/godot   (23686): [BAKE] Disk cache MISS: file not found /data/data/com.example.infiltraitor/files/damage_atom_cache/aecfa487.bin
09-23 20:19:44.340 I/godot   (23686): [BAKE] Disk cache MISS: file not found /data/data/com.example.infiltraitor/files/damage_atom_cache/b6e72c0c.bin
09-23 20:19:44.343 I/godot   (23686): [BAKE] Disk cache MISS: file not found /data/data/com.example.infiltraitor/files/damage_atom_cache/d641751d.bin
09-23 20:19:44.346 I/godot   (23686): [BAKE] Disk cache MISS: file not found /data/data/com.example.infiltraitor/files/damage_atom_cache/3021006a.bin
09-23 20:19:44.348 I/godot   (23686): [BAKE] Disk cache MISS: file not found /data/data/com.example.infiltraitor/files/damage_atom_cache/dc910c0e.bin
09-23 20:19:44.351 I/godot   (23686): [BAKE] Disk cache MISS: file not found /data/data/com.example.infiltraitor/files/damage_atom_cache/2eb704df.bin
09-23 20:19:44.354 I/godot   (23686): [BAKE] Disk cache MISS: file not found /data/data/com.example.infiltraitor/files/damage_atom_cache/635737b0.bin
09-23 20:19:44.357 I/godot   (23686): [BAKE] Disk cache MISS: file not found /data/data/com.example.infiltraitor/files/damage_atom_cache/96667239.bin
09-23 20:19:44.359 I/godot   (23686): [BAKE] Disk cache MISS: file not found /data/data/com.example.infiltraitor/files/damage_atom_cache/6954a7f8.bin
09-23 20:19:44.362 I/godot   (23686): [BAKE] Disk cache MISS: file not found /data/data/com.example.infiltraitor/files/damage_atom_cache/aecfa487.bin
09-23 20:19:44.365 I/godot   (23686): [BAKE] Disk cache MISS: file not found /data/data/com.example.infiltraitor/files/damage_atom_cache/b6e72c0c.bin
09-23 20:19:44.367 I/godot   (23686): [BAKE] Disk cache MISS: file not found /data/data/com.example.infiltraitor/files/damage_atom_cache/d641751d.bin
09-23 20:19:44.370 I/godot   (23686): [BAKE] Disk cache MISS: file not found /data/data/com.example.infiltraitor/files/damage_atom_cache/3021006a.bin
09-23 20:19:44.373 I/godot   (23686): [BAKE] Disk cache MISS: file not found /data/data/com.example.infiltraitor/files/damage_atom_cache/3c0a4a83.bin
09-23 20:19:44.376 I/godot   (23686): [BAKE] Disk cache MISS: file not found /data/data/com.example.infiltraitor/files/damage_atom_cache/e9949fd2.bin
09-23 20:19:44.378 I/godot   (23686): [BAKE] Disk cache MISS: file not found /data/data/com.example.infiltraitor/files/damage_atom_cache/8e9a7c45.bin
09-23 20:19:44.381 I/godot   (23686): [BAKE] Disk cache MISS: file not found /data/data/com.example.infiltraitor/files/damage_atom_cache/96667239.bin
09-23 20:19:44.384 I/godot   (23686): [BAKE] Disk cache MISS: file not found /data/data/com.example.infiltraitor/files/damage_atom_cache/6954a7f8.bin
09-23 20:19:44.386 I/godot   (23686): [BAKE] Disk cache MISS: file not found /data/data/com.example.infiltraitor/files/damage_atom_cache/aecfa487.bin
09-23 20:19:44.389 I/godot   (23686): [BAKE] Disk cache MISS: file not found /data/data/com.example.infiltraitor/files/damage_atom_cache/b6e72c0c.bin
09-23 20:19:44.392 I/godot   (23686): [BAKE] Disk cache MISS: file not found /data/data/com.example.infiltraitor/files/damage_atom_cache/d641751d.bin
09-23 20:19:44.394 I/godot   (23686): [BAKE] Disk cache MISS: file not found /data/data/com.example.infiltraitor/files/damage_atom_cache/3021006a.bin
09-23 20:19:44.397 I/godot   (23686): [BAKE] Disk cache MISS: file not found /data/data/com.example.infiltraitor/files/damage_atom_cache/fa046aa8.bin
09-23 20:19:44.400 I/godot   (23686): [BAKE] Disk cache MISS: file not found /data/data/com.example.infiltraitor/files/damage_atom_cache/474d85a9.bin
09-23 20:19:44.402 I/godot   (23686): [BAKE] Disk cache MISS: file not found /data/data/com.example.infiltraitor/files/damage_atom_cache/a74de406.bin
09-23 20:19:44.405 I/godot   (23686): [BAKE] Disk cache MISS: file not found /data/data/com.example.infiltraitor/files/damage_atom_cache/112c1c4b.bin
09-23 20:19:44.408 I/godot   (23686): [BAKE] Disk cache MISS: file not found /data/data/com.example.infiltraitor/files/damage_atom_cache/bfa3f43a.bin
09-23 20:19:44.410 I/godot   (23686): [BAKE] Disk cache MISS: file not found /data/data/com.example.infiltraitor/files/damage_atom_cache/d8803dad.bin
09-23 20:19:44.413 I/godot   (23686): [BAKE] Disk cache MISS: file not found /data/data/com.example.infiltraitor/files/damage_atom_cache/bd68f70e.bin
09-23 20:19:44.416 I/godot   (23686): [BAKE] Disk cache MISS: file not found /data/data/com.example.infiltraitor/files/damage_atom_cache/0f8eefdf.bin
09-23 20:19:44.418 I/godot   (23686): [BAKE] Disk cache MISS: file not found /data/data/com.example.infiltraitor/files/damage_atom_cache/442f22b0.bin
09-23 20:19:44.421 I/godot   (23686): [BAKE] Disk cache MISS: file not found /data/data/com.example.infiltraitor/files/damage_atom_cache/6b0acc9d.bin
09-23 20:19:44.424 I/godot   (23686): [BAKE] Disk cache MISS: file not found /data/data/com.example.infiltraitor/files/damage_atom_cache/4bb0838c.bin
09-23 20:19:44.426 I/godot   (23686): [BAKE] Disk cache MISS: file not found /data/data/com.example.infiltraitor/files/damage_atom_cache/97111a3b.bin
09-23 20:19:44.429 I/godot   (23686): [BAKE] Disk cache MISS: file not found /data/data/com.example.infiltraitor/files/damage_atom_cache/112c1c4b.bin
09-23 20:19:44.431 I/godot   (23686): [BAKE] Disk cache MISS: file not found /data/data/com.example.infiltraitor/files/damage_atom_cache/bfa3f43a.bin
09-23 20:19:44.434 I/godot   (23686): [BAKE] Disk cache MISS: file not found /data/data/com.example.infiltraitor/files/damage_atom_cache/d8803dad.bin
09-23 20:19:44.436 I/godot   (23686): [BAKE] Disk cache MISS: file not found /data/data/com.example.infiltraitor/files/damage_atom_cache/bd68f70e.bin
09-23 20:19:44.439 I/godot   (23686): [BAKE] Disk cache MISS: file not found /data/data/com.example.infiltraitor/files/damage_atom_cache/0f8eefdf.bin
09-23 20:19:44.441 I/godot   (23686): [BAKE] Disk cache MISS: file not found /data/data/com.example.infiltraitor/files/damage_atom_cache/442f22b0.bin
09-23 20:19:44.444 I/godot   (23686): [BAKE] Disk cache MISS: file not found /data/data/com.example.infiltraitor/files/damage_atom_cache/fa046aa8.bin
09-23 20:19:44.446 I/godot   (23686): [BAKE] Disk cache MISS: file not found /data/data/com.example.infiltraitor/files/damage_atom_cache/474d85a9.bin
09-23 20:19:44.449 I/godot   (23686): [BAKE] Disk cache MISS: file not found /data/data/com.example.infiltraitor/files/damage_atom_cache/a74de406.bin
09-23 20:19:44.451 I/godot   (23686): [BAKE] Disk cache MISS: file not found /data/data/com.example.infiltraitor/files/damage_atom_cache/112c1c4b.bin
09-23 20:19:44.453 I/godot   (23686): [BAKE] Disk cache MISS: file not found /data/data/com.example.infiltraitor/files/damage_atom_cache/bfa3f43a.bin
09-23 20:19:44.456 I/godot   (23686): [BAKE] Disk cache MISS: file not found /data/data/com.example.infiltraitor/files/damage_atom_cache/d8803dad.bin
09-23 20:19:44.459 I/godot   (23686): [BAKE] Disk cache MISS: file not found /data/data/com.example.infiltraitor/files/damage_atom_cache/bd68f70e.bin
09-23 20:19:44.461 I/godot   (23686): [BAKE] Disk cache MISS: file not found /data/data/com.example.infiltraitor/files/damage_atom_cache/0f8eefdf.bin
09-23 20:19:44.463 I/godot   (23686): [BAKE] Disk cache MISS: file not found /data/data/com.example.infiltraitor/files/damage_atom_cache/442f22b0.bin
09-23 20:19:44.466 I/godot   (23686): [BAKE] Disk cache MISS: file not found /data/data/com.example.infiltraitor/files/damage_atom_cache/6b0acc9d.bin
09-23 20:19:44.468 I/godot   (23686): [BAKE] Disk cache MISS: file not found /data/data/com.example.infiltraitor/files/damage_atom_cache/4bb0838c.bin
09-23 20:19:44.471 I/godot   (23686): [BAKE] Disk cache MISS: file not found /data/data/com.example.infiltraitor/files/damage_atom_cache/97111a3b.bin
09-23 20:19:44.473 I/godot   (23686): [BAKE] Disk cache MISS: file not found /data/data/com.example.infiltraitor/files/damage_atom_cache/112c1c4b.bin
09-23 20:19:44.476 I/godot   (23686): [BAKE] Disk cache MISS: file not found /data/data/com.example.infiltraitor/files/damage_atom_cache/bfa3f43a.bin
09-23 20:19:44.478 I/godot   (23686): [BAKE] Disk cache MISS: file not found /data/data/com.example.infiltraitor/files/damage_atom_cache/d8803dad.bin
09-23 20:19:44.480 I/godot   (23686): [BAKE] Disk cache MISS: file not found /data/data/com.example.infiltraitor/files/damage_atom_cache/bd68f70e.bin
09-23 20:19:44.482 I/godot   (23686): [BAKE] Disk cache MISS: file not found /data/data/com.example.infiltraitor/files/damage_atom_cache/0f8eefdf.bin
09-23 20:19:44.485 I/godot   (23686): [BAKE] Disk cache MISS: file not found /data/data/com.example.infiltraitor/files/damage_atom_cache/442f22b0.bin
09-23 20:19:44.487 I/godot   (23686): [BAKE] Disk cache MISS: file not found /data/data/com.example.infiltraitor/files/damage_atom_cache/fa046aa8.bin
09-23 20:19:44.490 I/godot   (23686): [BAKE] Disk cache MISS: file not found /data/data/com.example.infiltraitor/files/damage_atom_cache/474d85a9.bin
09-23 20:19:44.492 I/godot   (23686): [BAKE] Disk cache MISS: file not found /data/data/com.example.infiltraitor/files/damage_atom_cache/a74de406.bin
09-23 20:19:44.495 I/godot   (23686): [BAKE] Disk cache MISS: file not found /data/data/com.example.infiltraitor/files/damage_atom_cache/112c1c4b.bin
09-23 20:19:44.497 I/godot   (23686): [BAKE] Disk cache MISS: file not found /data/data/com.example.infiltraitor/files/damage_atom_cache/bfa3f43a.bin
09-23 20:19:44.500 I/godot   (23686): [BAKE] Disk cache MISS: file not found /data/data/com.example.infiltraitor/files/damage_atom_cache/d8803dad.bin
09-23 20:19:44.502 I/godot   (23686): [BAKE] Disk cache MISS: file not found /data/data/com.example.infiltraitor/files/damage_atom_cache/bd68f70e.bin
09-23 20:19:44.505 I/godot   (23686): [BAKE] Disk cache MISS: file not found /data/data/com.example.infiltraitor/files/damage_atom_cache/0f8eefdf.bin
09-23 20:19:44.507 I/godot   (23686): [BAKE] Disk cache MISS: file not found /data/data/com.example.infiltraitor/files/damage_atom_cache/442f22b0.bin
09-23 20:19:44.509 I/godot   (23686): [BAKE] Disk cache MISS: file not found /data/data/com.example.infiltraitor/files/damage_atom_cache/6b0acc9d.bin
09-23 20:19:44.512 I/godot   (23686): [BAKE] Disk cache MISS: file not found /data/data/com.example.infiltraitor/files/damage_atom_cache/4bb0838c.bin
09-23 20:19:44.514 I/godot   (23686): [BAKE] Disk cache MISS: file not found /data/data/com.example.infiltraitor/files/damage_atom_cache/97111a3b.bin
09-23 20:19:44.517 I/godot   (23686): [BAKE] Disk cache MISS: file not found /data/data/com.example.infiltraitor/files/damage_atom_cache/112c1c4b.bin
09-23 20:19:44.519 I/godot   (23686): [BAKE] Disk cache MISS: file not found /data/data/com.example.infiltraitor/files/damage_atom_cache/bfa3f43a.bin
09-23 20:19:44.521 I/godot   (23686): [BAKE] Disk cache MISS: file not found /data/data/com.example.infiltraitor/files/damage_atom_cache/d8803dad.bin
09-23 20:19:44.524 I/godot   (23686): [BAKE] Disk cache MISS: file not found /data/data/com.example.infiltraitor/files/damage_atom_cache/bd68f70e.bin
09-23 20:19:44.526 I/godot   (23686): [BAKE] Disk cache MISS: file not found /data/data/com.example.infiltraitor/files/damage_atom_cache/0f8eefdf.bin
09-23 20:19:44.528 I/godot   (23686): [BAKE] Disk cache MISS: file not found /data/data/com.example.infiltraitor/files/damage_atom_cache/442f22b0.bin
09-23 20:19:44.531 I/godot   (23686): [BAKE] Disk cache MISS: file not found /data/data/com.example.infiltraitor/files/damage_atom_cache/b5a59a96.bin
09-23 20:19:44.534 I/godot   (23686): [BAKE] Disk cache MISS: file not found /data/data/com.example.infiltraitor/files/damage_atom_cache/272df507.bin
09-23 20:19:44.536 I/godot   (23686): [BAKE] Disk cache MISS: file not found /data/data/com.example.infiltraitor/files/damage_atom_cache/e1b2f878.bin
09-23 20:19:44.539 I/godot   (23686): [BAKE] Disk cache MISS: file not found /data/data/com.example.infiltraitor/files/damage_atom_cache/599485d1.bin
09-23 20:19:44.541 I/godot   (23686): [BAKE] Disk cache MISS: file not found /data/data/com.example.infiltraitor/files/damage_atom_cache/7963e110.bin
09-23 20:19:44.544 I/godot   (23686): [BAKE] Disk cache MISS: file not found /data/data/com.example.infiltraitor/files/damage_atom_cache/44c3ae3f.bin
09-23 20:19:44.546 I/godot   (23686): [BAKE] Disk cache MISS: file not found /data/data/com.example.infiltraitor/files/damage_atom_cache/944190b4.bin
09-23 20:19:44.549 I/godot   (23686): [BAKE] Disk cache MISS: file not found /data/data/com.example.infiltraitor/files/damage_atom_cache/92810f25.bin
09-23 20:19:44.551 I/godot   (23686): [BAKE] Disk cache MISS: file not found /data/data/com.example.infiltraitor/files/damage_atom_cache/413b5832.bin
09-23 20:19:44.554 I/godot   (23686): [BAKE] Disk cache MISS: file not found /data/data/com.example.infiltraitor/files/damage_atom_cache/803e17eb.bin
09-23 20:19:44.557 I/godot   (23686): [BAKE] Disk cache MISS: file not found /data/data/com.example.infiltraitor/files/damage_atom_cache/ad7984da.bin
09-23 20:19:44.559 I/godot   (23686): [BAKE] Disk cache MISS: file not found /data/data/com.example.infiltraitor/files/damage_atom_cache/d43893cd.bin
09-23 20:19:44.562 I/godot   (23686): [BAKE] Disk cache MISS: file not found /data/data/com.example.infiltraitor/files/damage_atom_cache/599485d1.bin
09-23 20:19:44.564 I/godot   (23686): [BAKE] Disk cache MISS: file not found /data/data/com.example.infiltraitor/files/damage_atom_cache/7963e110.bin
09-23 20:19:44.567 I/godot   (23686): [BAKE] Disk cache MISS: file not found /data/data/com.example.infiltraitor/files/damage_atom_cache/44c3ae3f.bin
09-23 20:19:44.570 I/godot   (23686): [BAKE] Disk cache MISS: file not found /data/data/com.example.infiltraitor/files/damage_atom_cache/944190b4.bin
09-23 20:19:44.572 I/godot   (23686): [BAKE] Disk cache MISS: file not found /data/data/com.example.infiltraitor/files/damage_atom_cache/92810f25.bin
09-23 20:19:44.575 I/godot   (23686): [BAKE] Disk cache MISS: file not found /data/data/com.example.infiltraitor/files/damage_atom_cache/413b5832.bin
09-23 20:19:44.577 I/godot   (23686): [BAKE] Disk cache MISS: file not found /data/data/com.example.infiltraitor/files/damage_atom_cache/b5a59a96.bin
09-23 20:19:44.580 I/godot   (23686): [BAKE] Disk cache MISS: file not found /data/data/com.example.infiltraitor/files/damage_atom_cache/272df507.bin
09-23 20:19:44.582 I/godot   (23686): [BAKE] Disk cache MISS: file not found /data/data/com.example.infiltraitor/files/damage_atom_cache/e1b2f878.bin
09-23 20:19:44.585 I/godot   (23686): [BAKE] Disk cache MISS: file not found /data/data/com.example.infiltraitor/files/damage_atom_cache/599485d1.bin
09-23 20:19:44.587 I/godot   (23686): [BAKE] Disk cache MISS: file not found /data/data/com.example.infiltraitor/files/damage_atom_cache/7963e110.bin
09-23 20:19:44.589 I/godot   (23686): [BAKE] Disk cache MISS: file not found /data/data/com.example.infiltraitor/files/damage_atom_cache/44c3ae3f.bin
09-23 20:19:44.591 I/godot   (23686): [BAKE] Disk cache MISS: file not found /data/data/com.example.infiltraitor/files/damage_atom_cache/944190b4.bin
09-23 20:19:44.594 I/godot   (23686): [BAKE] Disk cache MISS: file not found /data/data/com.example.infiltraitor/files/damage_atom_cache/92810f25.bin
09-23 20:19:44.596 I/godot   (23686): [BAKE] Disk cache MISS: file not found /data/data/com.example.infiltraitor/files/damage_atom_cache/413b5832.bin
09-23 20:19:44.599 I/godot   (23686): [BAKE] Disk cache MISS: file not found /data/data/com.example.infiltraitor/files/damage_atom_cache/803e17eb.bin
09-23 20:19:44.601 I/godot   (23686): [BAKE] Disk cache MISS: file not found /data/data/com.example.infiltraitor/files/damage_atom_cache/ad7984da.bin
09-23 20:19:44.604 I/godot   (23686): [BAKE] Disk cache MISS: file not found /data/data/com.example.infiltraitor/files/damage_atom_cache/d43893cd.bin
09-23 20:19:44.606 I/godot   (23686): [BAKE] Disk cache MISS: file not found /data/data/com.example.infiltraitor/files/damage_atom_cache/599485d1.bin
09-23 20:19:44.609 I/godot   (23686): [BAKE] Disk cache MISS: file not found /data/data/com.example.infiltraitor/files/damage_atom_cache/7963e110.bin
09-23 20:19:44.611 I/godot   (23686): [BAKE] Disk cache MISS: file not found /data/data/com.example.infiltraitor/files/damage_atom_cache/44c3ae3f.bin
09-23 20:19:44.614 I/godot   (23686): [BAKE] Disk cache MISS: file not found /data/data/com.example.infiltraitor/files/damage_atom_cache/944190b4.bin
09-23 20:19:44.617 I/godot   (23686): [BAKE] Disk cache MISS: file not found /data/data/com.example.infiltraitor/files/damage_atom_cache/92810f25.bin
09-23 20:19:44.619 I/godot   (23686): [BAKE] Disk cache MISS: file not found /data/data/com.example.infiltraitor/files/damage_atom_cache/413b5832.bin
09-23 20:19:44.622 I/godot   (23686): [BAKE] Disk cache MISS: file not found /data/data/com.example.infiltraitor/files/damage_atom_cache/b5a59a96.bin
09-23 20:19:44.624 I/godot   (23686): [BAKE] Disk cache MISS: file not found /data/data/com.example.infiltraitor/files/damage_atom_cache/272df507.bin
09-23 20:19:44.626 I/godot   (23686): [BAKE] Disk cache MISS: file not found /data/data/com.example.infiltraitor/files/damage_atom_cache/e1b2f878.bin
09-23 20:19:44.629 I/godot   (23686): [BAKE] Disk cache MISS: file not found /data/data/com.example.infiltraitor/files/damage_atom_cache/599485d1.bin
09-23 20:19:44.632 I/godot   (23686): [BAKE] Disk cache MISS: file not found /data/data/com.example.infiltraitor/files/damage_atom_cache/7963e110.bin
09-23 20:19:44.634 I/godot   (23686): [BAKE] Disk cache MISS: file not found /data/data/com.example.infiltraitor/files/damage_atom_cache/44c3ae3f.bin
09-23 20:19:44.636 I/godot   (23686): [BAKE] Disk cache MISS: file not found /data/data/com.example.infiltraitor/files/damage_atom_cache/944190b4.bin
09-23 20:19:44.639 I/godot   (23686): [BAKE] Disk cache MISS: file not found /data/data/com.example.infiltraitor/files/damage_atom_cache/92810f25.bin
09-23 20:19:44.641 I/godot   (23686): [BAKE] Disk cache MISS: file not found /data/data/com.example.infiltraitor/files/damage_atom_cache/413b5832.bin
09-23 20:19:44.643 I/godot   (23686): [BAKE] Disk cache MISS: file not found /data/data/com.example.infiltraitor/files/damage_atom_cache/803e17eb.bin
09-23 20:19:44.646 I/godot   (23686): [BAKE] Disk cache MISS: file not found /data/data/com.example.infiltraitor/files/damage_atom_cache/ad7984da.bin
09-23 20:19:44.648 I/godot   (23686): [BAKE] Disk cache MISS: file not found /data/data/com.example.infiltraitor/files/damage_atom_cache/d43893cd.bin
09-23 20:19:44.651 I/godot   (23686): [BAKE] Disk cache MISS: file not found /data/data/com.example.infiltraitor/files/damage_atom_cache/599485d1.bin
09-23 20:19:44.654 I/godot   (23686): [BAKE] Disk cache MISS: file not found /data/data/com.example.infiltraitor/files/damage_atom_cache/7963e110.bin
09-23 20:19:44.656 I/godot   (23686): [BAKE] Disk cache MISS: file not found /data/data/com.example.infiltraitor/files/damage_atom_cache/44c3ae3f.bin
09-23 20:19:44.659 I/godot   (23686): [BAKE] Disk cache MISS: file not found /data/data/com.example.infiltraitor/files/damage_atom_cache/944190b4.bin
09-23 20:19:44.661 I/godot   (23686): [BAKE] Disk cache MISS: file not found /data/data/com.example.infiltraitor/files/damage_atom_cache/92810f25.bin
09-23 20:19:44.664 I/godot   (23686): [BAKE] Disk cache MISS: file not found /data/data/com.example.infiltraitor/files/damage_atom_cache/413b5832.bin
09-23 20:19:44.681 I/godot   (23686): [BAKE] Disk cache HIT: loaded 7c862013
09-23 20:19:44.685 I/godot   (23686): [BAKE] Disk cache HIT: loaded 2a107562
09-23 20:19:44.688 I/godot   (23686): [BAKE] Disk cache HIT: loaded a7cf5855
09-23 20:19:44.691 I/godot   (23686): [BAKE] Disk cache HIT: loaded 558b1132
09-23 20:19:44.695 I/godot   (23686): [BAKE] Disk cache HIT: loaded 530361e3
09-23 20:19:44.698 I/godot   (23686): [BAKE] Disk cache HIT: loaded a89149b4
09-23 20:19:44.702 I/godot   (23686): [BAKE] Disk cache HIT: loaded 0ce26ecd
09-23 20:19:44.705 I/godot   (23686): [BAKE] Disk cache HIT: loaded 6ce98b7c
09-23 20:19:44.708 I/godot   (23686): [BAKE] Disk cache HIT: loaded b8e7f2eb
09-23 20:19:44.712 I/godot   (23686): [BAKE] Disk cache HIT: loaded 452e18ad
09-23 20:19:44.715 I/godot   (23686): [BAKE] Disk cache HIT: loaded 3318c45c
09-23 20:19:44.719 I/godot   (23686): [BAKE] Disk cache HIT: loaded 7dd9f74b
09-23 20:19:44.722 I/godot   (23686): [BAKE] Disk cache HIT: loaded 0ba3e4b4
09-23 20:19:44.725 I/godot   (23686): [BAKE] Disk cache HIT: loaded 09e36325
09-23 20:19:44.728 I/godot   (23686): [BAKE] Disk cache HIT: loaded b89dac32
09-23 20:19:44.731 I/godot   (23686): [BAKE] Disk cache HIT: loaded 8bedfaf3
09-23 20:19:44.735 I/godot   (23686): [BAKE] Disk cache HIT: loaded e1fd47c2
09-23 20:19:44.738 I/godot   (23686): [BAKE] Disk cache HIT: loaded dfbb6135
09-23 20:19:44.741 I/godot   (23686): [BAKE] Disk cache HIT: loaded 34f32541
09-23 20:19:44.744 I/godot   (23686): [BAKE] Disk cache HIT: loaded 6ec48540
09-23 20:19:44.748 I/godot   (23686): [BAKE] Disk cache HIT: loaded c76a10af
09-23 20:19:44.751 I/godot   (23686): [BAKE] Disk cache HIT: loaded d3f60018
09-23 20:19:44.754 I/godot   (23686): [BAKE] Disk cache HIT: loaded 20a14a59
09-23 20:19:44.758 I/godot   (23686): [BAKE] Disk cache HIT: loaded ace0b9b6
09-23 20:19:44.761 I/godot   (23686): [BAKE] Disk cache HIT: loaded f7198937
09-23 20:19:44.765 I/godot   (23686): [BAKE] Disk cache HIT: loaded 58b44d06
09-23 20:19:44.768 I/godot   (23686): [BAKE] Disk cache HIT: loaded f8b3eea9
09-23 20:19:44.771 I/godot   (23686): [BAKE] Disk cache HIT: loaded 38eb88c7
09-23 20:19:44.774 I/godot   (23686): [BAKE] Disk cache HIT: loaded c7632e56
09-23 20:19:44.777 I/godot   (23686): [BAKE] Disk cache HIT: loaded c7ca1979
09-23 20:19:44.780 I/godot   (23686): [BAKE] Disk cache HIT: loaded a72abf26
09-23 20:19:44.784 I/godot   (23686): [BAKE] Disk cache HIT: loaded f209f0d7
09-23 20:19:44.787 I/godot   (23686): [BAKE] Disk cache HIT: loaded 2797a648
09-23 20:19:44.791 I/godot   (23686): [BAKE] Disk cache HIT: loaded f8ff0191
09-23 20:19:44.794 I/godot   (23686): [BAKE] Disk cache HIT: loaded 18ce5cd0
09-23 20:19:44.798 I/godot   (23686): [BAKE] Disk cache HIT: loaded 8b75ecff
09-23 20:19:44.801 I/godot   (23686): [BAKE] Disk cache HIT: loaded 5efcfd35
09-23 20:19:44.805 I/godot   (23686): [BAKE] Disk cache HIT: loaded 8cfc8fc4
09-23 20:19:44.808 I/godot   (23686): [BAKE] Disk cache HIT: loaded 0b2f96f3
09-23 20:19:44.811 I/godot   (23686): [BAKE] Disk cache HIT: loaded 92cecfdc
09-23 20:19:44.814 I/godot   (23686): [BAKE] Disk cache HIT: loaded a4e4242d
09-23 20:19:44.817 I/godot   (23686): [BAKE] Disk cache HIT: loaded 8c07daba
09-23 20:19:44.821 I/godot   (23686): [BAKE] Disk cache HIT: loaded dfa711db
09-23 20:19:44.824 I/godot   (23686): [BAKE] Disk cache HIT: loaded 0d804f8a
09-23 20:19:44.827 I/godot   (23686): [BAKE] Disk cache HIT: loaded a6fb333d
09-23 20:19:44.830 I/godot   (23686): [BAKE] Disk cache HIT: loaded 42ba5c0b
09-23 20:19:44.834 I/godot   (23686): [BAKE] Disk cache HIT: loaded 6c3ae5fa
09-23 20:19:44.837 I/godot   (23686): [BAKE] Disk cache HIT: loaded 0a0e7d6d
09-23 20:19:44.840 I/godot   (23686): [BAKE] Disk cache HIT: loaded edb35aca
09-23 20:19:44.844 I/godot   (23686): [BAKE] Disk cache HIT: loaded bfda1d1b
09-23 20:19:44.847 I/godot   (23686): [BAKE] Disk cache HIT: loaded 20b960ec
09-23 20:19:44.850 I/godot   (23686): [BAKE] Disk cache HIT: loaded c2104765
09-23 20:19:44.853 I/godot   (23686): [BAKE] Disk cache HIT: loaded c3d0c8f4
09-23 20:19:44.857 I/godot   (23686): [BAKE] Disk cache HIT: loaded 158aa423
09-23 20:19:44.861 I/godot   (23686): [BAKE] Disk cache HIT: loaded 68b1ffea
09-23 20:19:44.864 I/godot   (23686): [BAKE] Disk cache HIT: loaded 3ad8c23b
09-23 20:19:44.867 I/godot   (23686): [BAKE] Disk cache HIT: loaded ef782b8c
09-23 20:19:44.870 I/godot   (23686): [BAKE] Disk cache HIT: loaded 6363eeab
09-23 20:19:44.874 I/godot   (23686): [BAKE] Disk cache HIT: loaded 909f5b9a
09-23 20:19:44.877 I/godot   (23686): [BAKE] Disk cache HIT: loaded 1016a78d
09-23 20:19:44.880 I/godot   (23686): [BAKE] Disk cache HIT: loaded 6e06b52c
09-23 20:19:44.884 I/godot   (23686): [BAKE] Disk cache HIT: loaded 00baa3bd
09-23 20:19:44.887 I/godot   (23686): [BAKE] Disk cache HIT: loaded 673fc00a
09-23 20:19:44.890 I/godot   (23686): [BAKE] Disk cache HIT: loaded cde764b3
09-23 20:19:44.893 I/godot   (23686): [BAKE] Disk cache HIT: loaded 7caeee82
09-23 20:19:44.896 I/godot   (23686): [BAKE] Disk cache HIT: loaded 21b4caf5
09-23 20:19:44.900 I/godot   (23686): [BAKE] Disk cache HIT: loaded 8acdbdd2
09-23 20:19:44.903 I/godot   (23686): [BAKE] Disk cache HIT: loaded dd436883
09-23 20:19:44.906 I/godot   (23686): [BAKE] Disk cache HIT: loaded a4edc154
09-23 20:19:44.910 I/godot   (23686): [BAKE] Disk cache HIT: loaded dfdfbf6d
09-23 20:19:44.913 I/godot   (23686): [BAKE] Disk cache HIT: loaded cdca6b1c
09-23 20:19:44.916 I/godot   (23686): [BAKE] Disk cache HIT: loaded 188b9e0b
09-23 20:19:44.920 I/godot   (23686): [BAKE] Disk cache HIT: loaded 830be869
09-23 20:19:44.924 I/godot   (23686): [BAKE] Disk cache HIT: loaded dd0a9068
09-23 20:19:44.927 I/godot   (23686): [BAKE] Disk cache HIT: loaded 28b945f7
09-23 20:19:44.930 I/godot   (23686): [BAKE] Disk cache HIT: loaded b089f580
09-23 20:19:44.934 I/godot   (23686): [BAKE] Disk cache HIT: loaded 1e005881
09-23 20:19:44.937 I/godot   (23686): [BAKE] Disk cache HIT: loaded b66a245e
09-23 20:19:44.941 I/godot   (23686): [BAKE] Disk cache HIT: loaded b28e52ff
09-23 20:19:44.944 I/godot   (23686): [BAKE] Disk cache HIT: loaded b4287fae
09-23 20:19:44.947 I/godot   (23686): [BAKE] Disk cache HIT: loaded 20176791
09-23 20:19:44.948 I/godot   (23686): [DamageVariantBaker] Baked 447 atoms across 9 declared material(s), 9 floor material(s) in 2281 ms
09-23 20:19:44.964 I/godot   (23686): [ROOM] Uploaded 1 damage-composite page(s) at load in 15 ms — off the first shot's impact frame
09-23 20:19:44.964 I/godot   (23686): [VOXEL] Damage variant registry set (pre-baked variants available)
09-23 20:19:44.964 I/godot   (23686): [ROOM] Initialized damage variant registry (447 atoms)
09-23 20:19:46.828 I/godot   (23686): [VOXEL-STORE] built (map load: PLAYGROUND) — 216104 claim(s) in 2713 container(s), 0 irregular, 672 multi-claim cell(s), 13.59 MB, 1044 ms
09-23 20:19:47.282 I/godot   (23686): [AgentSprite] step (1, 0) draws (0.894427, 0.447214) -> screen SE (fit 1.000) -> frame W
09-23 20:19:47.282 I/godot   (23686): [AgentSprite] step (0, 1) draws (-0.894427, 0.447214) -> screen SW (fit 1.000) -> frame S
09-23 20:19:47.282 I/godot   (23686): [AgentSprite] step (-1, 0) draws (-0.894427, -0.447214) -> screen NW (fit 1.000) -> frame E
09-23 20:19:47.282 I/godot   (23686): [AgentSprite] step (0, -1) draws (0.894427, -0.447214) -> screen NE (fit 1.000) -> frame N
09-23 20:19:47.282 I/godot   (23686): [AgentSprite] head yaw mapping: grid 0 -> yaw 0, handedness -1
09-23 20:19:47.354 I/godot   (23686): [AgentSprite] layer 'head/standing': 24 yaws at 15.0 deg
09-23 20:19:47.425 I/godot   (23686): [AgentSprite] layer 'hat/standing': 24 yaws at 15.0 deg
09-23 20:19:47.545 I/godot   (23686): [AgentSprite] layer 'head/standing': 24 yaws at 15.0 deg
09-23 20:19:47.629 I/godot   (23686): [AgentSprite] layer 'hat/standing': 24 yaws at 15.0 deg
09-23 20:19:47.736 I/godot   (23686): [AgentSprite] layer 'head/standing': 24 yaws at 15.0 deg
09-23 20:19:47.820 I/godot   (23686): [AgentSprite] layer 'hat/standing': 24 yaws at 15.0 deg
09-23 20:19:47.820 I/godot   (23686): [OCC-03] Agent z_index set to 34 (max voxel layer z_index: 33, room size: (46, 24))
09-23 20:19:47.853 I/godot   (23686): [AgentSprite] step (1, 0) draws (0.894427, 0.447214) -> screen SE (fit 1.000) -> frame W
09-23 20:19:47.853 I/godot   (23686): [AgentSprite] step (0, 1) draws (-0.894427, 0.447214) -> screen SW (fit 1.000) -> frame S
09-23 20:19:47.853 I/godot   (23686): [AgentSprite] step (-1, 0) draws (-0.894427, -0.447214) -> screen NW (fit 1.000) -> frame E
09-23 20:19:47.853 I/godot   (23686): [AgentSprite] step (0, -1) draws (0.894427, -0.447214) -> screen NE (fit 1.000) -> frame N
09-23 20:19:47.853 I/godot   (23686): [AgentSprite] head yaw mapping: grid 0 -> yaw 0, handedness -1
09-23 20:19:47.938 I/godot   (23686): [AgentSprite] layer 'head/standing': 24 yaws at 15.0 deg
09-23 20:19:47.975 I/godot   (23686): [AgentSprite] step (1, 0) draws (0.894427, 0.447214) -> screen SE (fit 1.000) -> frame W
09-23 20:19:47.975 I/godot   (23686): [AgentSprite] step (0, 1) draws (-0.894427, 0.447214) -> screen SW (fit 1.000) -> frame S
09-23 20:19:47.975 I/godot   (23686): [AgentSprite] step (-1, 0) draws (-0.894427, -0.447214) -> screen NW (fit 1.000) -> frame E
09-23 20:19:47.975 I/godot   (23686): [AgentSprite] step (0, -1) draws (0.894427, -0.447214) -> screen NE (fit 1.000) -> frame N
09-23 20:19:47.975 I/godot   (23686): [AgentSprite] head yaw mapping: grid 0 -> yaw 0, handedness -1
09-23 20:19:48.064 I/godot   (23686): [AgentSprite] layer 'head/standing': 24 yaws at 15.0 deg
09-23 20:19:48.097 I/godot   (23686): [AgentSprite] step (1, 0) draws (0.894427, 0.447214) -> screen SE (fit 1.000) -> frame W
09-23 20:19:48.097 I/godot   (23686): [AgentSprite] step (0, 1) draws (-0.894427, 0.447214) -> screen SW (fit 1.000) -> frame S
09-23 20:19:48.097 I/godot   (23686): [AgentSprite] step (-1, 0) draws (-0.894427, -0.447214) -> screen NW (fit 1.000) -> frame E
09-23 20:19:48.097 I/godot   (23686): [AgentSprite] step (0, -1) draws (0.894427, -0.447214) -> screen NE (fit 1.000) -> frame N
09-23 20:19:48.097 I/godot   (23686): [AgentSprite] head yaw mapping: grid 0 -> yaw 0, handedness -1
09-23 20:19:48.185 I/godot   (23686): [AgentSprite] layer 'head/standing': 24 yaws at 15.0 deg
09-23 20:19:48.216 I/godot   (23686): [AgentSprite] step (1, 0) draws (0.894427, 0.447214) -> screen SE (fit 1.000) -> frame W
09-23 20:19:48.216 I/godot   (23686): [AgentSprite] step (0, 1) draws (-0.894427, 0.447214) -> screen SW (fit 1.000) -> frame S
09-23 20:19:48.216 I/godot   (23686): [AgentSprite] step (-1, 0) draws (-0.894427, -0.447214) -> screen NW (fit 1.000) -> frame E
09-23 20:19:48.216 I/godot   (23686): [AgentSprite] step (0, -1) draws (0.894427, -0.447214) -> screen NE (fit 1.000) -> frame N
09-23 20:19:48.216 I/godot   (23686): [AgentSprite] head yaw mapping: grid 0 -> yaw 0, handedness -1
09-23 20:19:48.290 I/godot   (23686): [AgentSprite] layer 'head/standing': 24 yaws at 15.0 deg
09-23 20:19:48.320 I/godot   (23686): [AgentSprite] step (1, 0) draws (0.894427, 0.447214) -> screen SE (fit 1.000) -> frame W
09-23 20:19:48.320 I/godot   (23686): [AgentSprite] step (0, 1) draws (-0.894427, 0.447214) -> screen SW (fit 1.000) -> frame S
09-23 20:19:48.320 I/godot   (23686): [AgentSprite] step (-1, 0) draws (-0.894427, -0.447214) -> screen NW (fit 1.000) -> frame E
09-23 20:19:48.320 I/godot   (23686): [AgentSprite] step (0, -1) draws (0.894427, -0.447214) -> screen NE (fit 1.000) -> frame N
09-23 20:19:48.320 I/godot   (23686): [AgentSprite] head yaw mapping: grid 0 -> yaw 0, handedness -1
09-23 20:19:48.397 I/godot   (23686): [AgentSprite] layer 'head/standing': 24 yaws at 15.0 deg
09-23 20:19:48.427 I/godot   (23686): [AgentSprite] step (1, 0) draws (0.894427, 0.447214) -> screen SE (fit 1.000) -> frame W
09-23 20:19:48.427 I/godot   (23686): [AgentSprite] step (0, 1) draws (-0.894427, 0.447214) -> screen SW (fit 1.000) -> frame S
09-23 20:19:48.427 I/godot   (23686): [AgentSprite] step (-1, 0) draws (-0.894427, -0.447214) -> screen NW (fit 1.000) -> frame E
09-23 20:19:48.427 I/godot   (23686): [AgentSprite] step (0, -1) draws (0.894427, -0.447214) -> screen NE (fit 1.000) -> frame N
09-23 20:19:48.427 I/godot   (23686): [AgentSprite] head yaw mapping: grid 0 -> yaw 0, handedness -1
09-23 20:19:48.506 I/godot   (23686): [AgentSprite] layer 'head/standing': 24 yaws at 15.0 deg
09-23 20:19:48.536 I/godot   (23686): [AgentSprite] step (1, 0) draws (0.894427, 0.447214) -> screen SE (fit 1.000) -> frame W
09-23 20:19:48.537 I/godot   (23686): [AgentSprite] step (0, 1) draws (-0.894427, 0.447214) -> screen SW (fit 1.000) -> frame S
09-23 20:19:48.537 I/godot   (23686): [AgentSprite] step (-1, 0) draws (-0.894427, -0.447214) -> screen NW (fit 1.000) -> frame E
09-23 20:19:48.537 I/godot   (23686): [AgentSprite] step (0, -1) draws (0.894427, -0.447214) -> screen NE (fit 1.000) -> frame N
09-23 20:19:48.537 I/godot   (23686): [AgentSprite] head yaw mapping: grid 0 -> yaw 0, handedness -1
09-23 20:19:48.628 I/godot   (23686): [AgentSprite] layer 'head/standing': 24 yaws at 15.0 deg
09-23 20:19:48.661 I/godot   (23686): [AgentSprite] step (1, 0) draws (0.894427, 0.447214) -> screen SE (fit 1.000) -> frame W
09-23 20:19:48.661 I/godot   (23686): [AgentSprite] step (0, 1) draws (-0.894427, 0.447214) -> screen SW (fit 1.000) -> frame S
09-23 20:19:48.661 I/godot   (23686): [AgentSprite] step (-1, 0) draws (-0.894427, -0.447214) -> screen NW (fit 1.000) -> frame E
09-23 20:19:48.661 I/godot   (23686): [AgentSprite] step (0, -1) draws (0.894427, -0.447214) -> screen NE (fit 1.000) -> frame N
09-23 20:19:48.661 I/godot   (23686): [AgentSprite] head yaw mapping: grid 0 -> yaw 0, handedness -1
09-23 20:19:48.755 I/godot   (23686): [AgentSprite] layer 'head/standing': 24 yaws at 15.0 deg
09-23 20:19:48.787 I/godot   (23686): [AgentSprite] step (1, 0) draws (0.894427, 0.447214) -> screen SE (fit 1.000) -> frame W
09-23 20:19:48.787 I/godot   (23686): [AgentSprite] step (0, 1) draws (-0.894427, 0.447214) -> screen SW (fit 1.000) -> frame S
09-23 20:19:48.787 I/godot   (23686): [AgentSprite] step (-1, 0) draws (-0.894427, -0.447214) -> screen NW (fit 1.000) -> frame E
09-23 20:19:48.787 I/godot   (23686): [AgentSprite] step (0, -1) draws (0.894427, -0.447214) -> screen NE (fit 1.000) -> frame N
09-23 20:19:48.787 I/godot   (23686): [AgentSprite] head yaw mapping: grid 0 -> yaw 0, handedness -1
09-23 20:19:48.878 I/godot   (23686): [AgentSprite] layer 'head/standing': 24 yaws at 15.0 deg
09-23 20:19:48.890 I/godot   (23686): [Room] Light registry initialized with 12 map lights:
09-23 20:19:48.890 I/godot   (23686):   - map_light_1 @ cell(6,4) radius=7 type=omni
09-23 20:19:48.890 I/godot   (23686):   - map_light_2 @ cell(17,4) radius=6 type=omni
09-23 20:19:48.890 I/godot   (23686):   - map_light_3 @ cell(12,11) radius=7 type=omni
09-23 20:19:48.890 I/godot   (23686):   - map_light_4 @ cell(11,10) radius=10 type=omni
09-23 20:19:48.890 I/godot   (23686):   - map_light_5 @ cell(16,11) radius=8 type=omni
09-23 20:19:48.890 I/godot   (23686):   - map_light_6 @ cell(24,4) radius=7 type=omni
09-23 20:19:48.890 I/godot   (23686):   - map_light_7 @ cell(28,4) radius=7 type=omni
09-23 20:19:48.890 I/godot   (23686):   - map_light_8 @ cell(32,4) radius=7 type=omni
09-23 20:19:48.890 I/godot   (23686):   - map_light_9 @ cell(36,4) radius=7 type=omni
09-23 20:19:48.890 I/godot   (23686):   - map_light_10 @ cell(40,4) radius=7 type=omni
09-23 20:19:48.890 I/godot   (23686):   - map_light_11 @ cell(26,9) radius=8 type=omni
09-23 20:19:48.890 I/godot   (23686):   - map_light_12 @ cell(34,9) radius=8 type=omni
09-23 20:19:48.892 I/godot   (23686): [Room] Tile semantics initialized with 163 tiles, 12 light anchors
09-23 20:19:55.806 I/godot   (23686): 
09-23 20:19:55.806 I/godot   (23686): Attempting to resolve: facade_concrete (folder concrete)
09-23 20:19:55.806 I/godot   (23686):   [USER] File not found: user://textures/concrete/facade_concrete.png
09-23 20:19:55.806 I/godot   (23686):   [USER] File not found: user://textures/concrete/facade_concrete.webp
09-23 20:19:55.831 I/godot   (23686):   [DEFAULT] Validation PASS: res://ASSETS/materials/concrete/facade_concrete.png
09-23 20:19:55.831 I/godot   (23686): [RESOLVER] facade_concrete resolved from DEFAULT.png (dims 1024x512)
09-23 20:19:55.868 I/godot   (23686): 
09-23 20:19:55.868 I/godot   (23686): Attempting to resolve: facade_metal (folder metal)
09-23 20:19:55.868 I/godot   (23686):   [USER] File not found: user://textures/metal/facade_metal.png
09-23 20:19:55.868 I/godot   (23686):   [USER] File not found: user://textures/metal/facade_metal.webp
09-23 20:19:55.903 I/godot   (23686):   [DEFAULT] Validation PASS: res://ASSETS/materials/metal/facade_metal.png
09-23 20:19:55.903 I/godot   (23686): [RESOLVER] facade_metal resolved from DEFAULT.png (dims 1024x512)
09-23 20:19:55.942 I/godot   (23686): 
09-23 20:19:55.942 I/godot   (23686): Attempting to resolve: facade_stone (folder stone)
09-23 20:19:55.942 I/godot   (23686):   [USER] File not found: user://textures/stone/facade_stone.png
09-23 20:19:55.942 I/godot   (23686):   [USER] File not found: user://textures/stone/facade_stone.webp
09-23 20:19:55.974 I/godot   (23686):   [DEFAULT] Validation PASS: res://ASSETS/materials/stone/facade_stone.png
09-23 20:19:55.974 I/godot   (23686): [RESOLVER] facade_stone resolved from DEFAULT.png (dims 1024x512)
09-23 20:19:56.013 I/godot   (23686): 
09-23 20:19:56.013 I/godot   (23686): Attempting to resolve: facade_wood (folder wood)
09-23 20:19:56.013 I/godot   (23686):   [USER] File not found: user://textures/wood/facade_wood.png
09-23 20:19:56.013 I/godot   (23686):   [USER] File not found: user://textures/wood/facade_wood.webp
09-23 20:19:56.044 I/godot   (23686):   [DEFAULT] Validation PASS: res://ASSETS/materials/wood/facade_wood.png
09-23 20:19:56.044 I/godot   (23686): [RESOLVER] facade_wood resolved from DEFAULT.png (dims 1024x512)
09-23 20:19:56.083 I/godot   (23686): 
09-23 20:19:56.083 I/godot   (23686): Attempting to resolve: facade_brick (folder brick)
09-23 20:19:56.084 I/godot   (23686):   [USER] File not found: user://textures/brick/facade_brick.png
09-23 20:19:56.084 I/godot   (23686):   [USER] File not found: user://textures/brick/facade_brick.webp
09-23 20:19:56.117 I/godot   (23686):   [DEFAULT] Validation PASS: res://ASSETS/materials/brick/facade_brick.png
09-23 20:19:56.117 I/godot   (23686): [RESOLVER] facade_brick resolved from DEFAULT.png (dims 1024x512)
09-23 20:19:56.156 I/godot   (23686): 
09-23 20:19:56.156 I/godot   (23686): Attempting to resolve: facade_cardboard (folder cardboard)
09-23 20:19:56.156 I/godot   (23686):   [USER] File not found: user://textures/cardboard/facade_cardboard.png
09-23 20:19:56.156 I/godot   (23686):   [USER] File not found: user://textures/cardboard/facade_cardboard.webp
09-23 20:19:56.183 I/godot   (23686):   [DEFAULT] Validation PASS: res://ASSETS/materials/cardboard/facade_cardboard.png
09-23 20:19:56.183 I/godot   (23686): [RESOLVER] facade_cardboard resolved from DEFAULT.png (dims 1024x512)
09-23 20:19:56.220 I/godot   (23686): 
09-23 20:19:56.220 I/godot   (23686): Attempting to resolve: facade_fabric (folder fabric)
09-23 20:19:56.220 I/godot   (23686):   [USER] File not found: user://textures/fabric/facade_fabric.png
09-23 20:19:56.220 I/godot   (23686):   [USER] File not found: user://textures/fabric/facade_fabric.webp
09-23 20:19:56.246 I/godot   (23686):   [DEFAULT] Validation PASS: res://ASSETS/materials/fabric/facade_fabric.png
09-23 20:19:56.246 I/godot   (23686): [RESOLVER] facade_fabric resolved from DEFAULT.png (dims 1024x512)
09-23 20:19:56.285 I/godot   (23686): 
09-23 20:19:56.285 I/godot   (23686): Attempting to resolve: facade_plywood (folder plywood)
09-23 20:19:56.285 I/godot   (23686):   [USER] File not found: user://textures/plywood/facade_plywood.png
09-23 20:19:56.285 I/godot   (23686):   [USER] File not found: user://textures/plywood/facade_plywood.webp
09-23 20:19:56.318 I/godot   (23686):   [DEFAULT] Validation PASS: res://ASSETS/materials/plywood/facade_plywood.png
09-23 20:19:56.318 I/godot   (23686): [RESOLVER] facade_plywood resolved from DEFAULT.png (dims 1024x512)
09-23 20:19:56.398 I/godot   (23686): 
09-23 20:19:56.398 I/godot   (23686): Attempting to resolve: facade_earth (folder earth)
09-23 20:19:56.399 I/godot   (23686):   [USER] File not found: user://textures/earth/facade_earth.png
09-23 20:19:56.399 I/godot   (23686):   [USER] File not found: user://textures/earth/facade_earth.webp
09-23 20:19:56.434 I/godot   (23686):   [DEFAULT] Validation PASS: res://ASSETS/materials/earth/facade_earth.png
09-23 20:19:56.434 I/godot   (23686): [RESOLVER] facade_earth resolved from DEFAULT.png (dims 1024x512)
09-23 20:19:59.577 I/godot   (23686): [BOARD3D] 215432 voxel(s) (slices 69440, columns 672, slabs 145992; the 2D board holds 64 cell(s)) → 108772 face(s) → 732 quad(s) in 276 chunk(s), 11 material(s), plane levels 78..103; collect 1872 ms, mesh 1929 ms; skip 2D writes true; source store
09-23 20:19:59.656 I/godot   (23686): [SPIKE3D] lights: mode=(actors only) lamps=12 shadowed=0 board_lit=false
09-23 20:20:07.529 I/godot   (23686): [SPIKE3D] static props: 20 heavy instance(s), 1280 MeshInstance3D, 200800 tris total
09-23 20:20:08.183 I/godot   (23686): [TestZone] 0 pickups
09-23 20:20:08.706 I/godot   (23686): [DEV-HUD-01] DEV VISION Status Panel initialized
09-23 20:20:08.729 I/godot   (23686): [DEBUG] _ready() complete, starting probe
09-23 20:20:08.729 I/godot   (23686): [SLICE-02 probe] ===== STARTING ALIGNMENT CHECK =====
09-23 20:20:08.732 I/godot   (23686): [SLICE-02 probe] floor_cell = (0, 0)  voxel_cell = (0, 0)
09-23 20:20:08.732 I/godot   (23686): [SLICE-02 probe] floor_map=(128.0, 64.0)  voxel_map=(16.0, 8.0)
09-23 20:20:08.732 I/godot   (23686): [SLICE-02 probe] floor_adjusted=(0.0, 0.0)  voxel_adjusted=(0.0, 0.0)
09-23 20:20:08.732 I/godot   (23686): [SLICE-02 probe] canon_pos=(0.0, 512.0)  voxel_pos=(112.0, 576.0)  delta=(112.0, 64.0) px
09-23 20:20:08.732 I/godot   (23686): [SLICE-02 probe] INFO: no block_* tile found for footprint check
09-23 20:20:08.733 V/Godot   (23686): OnGodotMainLoopStarted
09-23 20:20:10.222 I/godot   (23686): [GLASS-TILE] mirrored 2240 glass cell(s) into the opaque layers, removed 0
09-23 20:20:10.350 I/godot   (23686): [SCENARIO] 4 step(s)
09-23 20:20:10.350 I/godot   (23686): [SCENARIO] 1/4 framing portrait
09-23 20:20:10.351 I/godot   (23686): [SCENARIO] 2/4 zoom 0.5
09-23 20:20:10.351 I/godot   (23686): [SCENARIO] 3/4 wait 25
09-23 20:20:12.950 I/godot   (23686): [FRAME-PROBE] 42.9 ms/frame · render cpu 2.4 ms · render gpu 21.7 ms · 859 draw call(s) · 122868 primitive(s) · 876 object(s) · process 47.9 ms · physics 26.9 ms · 2890 node(s) · view portrait 390x873 zoom 0.50 gu 95/1104 scale 1.00
09-23 20:20:12.950 I/godot   (23686): [FRAME-SPLIT] per frame: guard cone smooth draw 29.89 ms (9/f) · sprite light+throw 0.50 ms (10/f) · room temporal lights 0.06 ms (1/f) · room vision fog 0.06 ms (1/f) · guard attention 0.03 ms (9/f) · room enemy visibility 0.02 ms (1/f)
09-23 20:20:14.479 I/godot   (23686): [FRAME-PROBE] 25.8 ms/frame · render cpu 2.0 ms · render gpu 22.3 ms · 859 draw call(s) · 122868 primitive(s) · 876 object(s) · process 43.2 ms · physics 0.1 ms · 2890 node(s) · view portrait 390x873 zoom 0.50 gu 95/1104 scale 1.00
09-23 20:20:14.479 I/godot   (23686): [FRAME-SPLIT] per frame: guard cone smooth draw 2.34 ms (1/f) · sprite light+throw 0.50 ms (10/f) · room vision fog 0.06 ms (1/f) · room temporal lights 0.06 ms (1/f) · guard attention 0.03 ms (9/f) · room enemy visibility 0.02 ms (1/f)
09-23 20:20:15.875 I/godot   (23686): [FRAME-PROBE] 23.3 ms/frame · render cpu 1.9 ms · render gpu 22.1 ms · 859 draw call(s) · 122868 primitive(s) · 876 object(s) · process 35.7 ms · physics 0.1 ms · 2890 node(s) · view portrait 390x873 zoom 0.50 gu 95/1104 scale 1.00
09-23 20:20:15.875 I/godot   (23686): [FRAME-SPLIT] per frame: sprite light+throw 0.46 ms (10/f) · room temporal lights 0.06 ms (1/f) · room vision fog 0.05 ms (1/f) · guard attention 0.03 ms (9/f) · room enemy visibility 0.02 ms (1/f)
09-23 20:20:17.283 I/godot   (23686): [FRAME-PROBE] 23.5 ms/frame · render cpu 2.4 ms · render gpu 22.7 ms · 859 draw call(s) · 122868 primitive(s) · 876 object(s) · process 33.6 ms · physics 0.1 ms · 2890 node(s) · view portrait 390x873 zoom 0.50 gu 95/1104 scale 1.00
09-23 20:20:17.283 I/godot   (23686): [FRAME-SPLIT] per frame: sprite light+throw 0.46 ms (10/f) · room temporal lights 0.06 ms (1/f) · room vision fog 0.05 ms (1/f) · guard attention 0.03 ms (9/f) · room enemy visibility 0.02 ms (1/f)
09-23 20:20:18.725 I/godot   (23686): [FRAME-PROBE] 24.0 ms/frame · render cpu 2.0 ms · render gpu 22.3 ms · 859 draw call(s) · 122868 primitive(s) · 876 object(s) · process 33.8 ms · physics 0.1 ms · 2890 node(s) · view portrait 390x873 zoom 0.50 gu 95/1104 scale 1.00
09-23 20:20:18.725 I/godot   (23686): [FRAME-SPLIT] per frame: sprite light+throw 0.51 ms (10/f) · room temporal lights 0.06 ms (1/f) · room vision fog 0.06 ms (1/f) · guard attention 0.03 ms (9/f) · room enemy visibility 0.02 ms (1/f)
09-23 20:20:20.121 I/godot   (23686): [FRAME-PROBE] 23.3 ms/frame · render cpu 1.9 ms · render gpu 21.6 ms · 859 draw call(s) · 122868 primitive(s) · 876 object(s) · process 33.7 ms · physics 0.1 ms · 2890 node(s) · view portrait 390x873 zoom 0.50 gu 95/1104 scale 1.00
09-23 20:20:20.121 I/godot   (23686): [FRAME-SPLIT] per frame: sprite light+throw 0.48 ms (10/f) · room temporal lights 0.06 ms (1/f) · room vision fog 0.05 ms (1/f) · guard attention 0.03 ms (9/f) · room enemy visibility 0.02 ms (1/f)
09-23 20:20:21.528 I/godot   (23686): [FRAME-PROBE] 23.5 ms/frame · render cpu 2.0 ms · render gpu 21.9 ms · 859 draw call(s) · 122868 primitive(s) · 876 object(s) · process 33.4 ms · physics 0.1 ms · 2890 node(s) · view portrait 390x873 zoom 0.50 gu 95/1104 scale 1.00
09-23 20:20:21.529 I/godot   (23686): [FRAME-SPLIT] per frame: sprite light+throw 0.49 ms (10/f) · room temporal lights 0.06 ms (1/f) · room vision fog 0.05 ms (1/f) · guard attention 0.03 ms (9/f) · room enemy visibility 0.02 ms (1/f)
09-23 20:20:22.924 I/godot   (23686): [FRAME-PROBE] 23.3 ms/frame · render cpu 2.0 ms · render gpu 21.8 ms · 859 draw call(s) · 122868 primitive(s) · 876 object(s) · process 33.7 ms · physics 0.1 ms · 2890 node(s) · view portrait 390x873 zoom 0.50 gu 95/1104 scale 1.00
09-23 20:20:22.925 I/godot   (23686): [FRAME-SPLIT] per frame: sprite light+throw 0.46 ms (10/f) · room temporal lights 0.06 ms (1/f) · room vision fog 0.05 ms (1/f) · guard attention 0.03 ms (9/f) · room enemy visibility 0.02 ms (1/f)
09-23 20:20:24.321 I/godot   (23686): [FRAME-PROBE] 23.3 ms/frame · render cpu 1.9 ms · render gpu 22.0 ms · 859 draw call(s) · 122868 primitive(s) · 876 object(s) · process 33.6 ms · physics 0.1 ms · 2890 node(s) · view portrait 390x873 zoom 0.50 gu 95/1104 scale 1.00
09-23 20:20:24.321 I/godot   (23686): [FRAME-SPLIT] per frame: sprite light+throw 0.46 ms (10/f) · room temporal lights 0.06 ms (1/f) · room vision fog 0.05 ms (1/f) · guard attention 0.03 ms (9/f) · room enemy visibility 0.02 ms (1/f)
09-23 20:20:25.729 I/godot   (23686): [FRAME-PROBE] 23.5 ms/frame · render cpu 2.1 ms · render gpu 21.8 ms · 859 draw call(s) · 122868 primitive(s) · 876 object(s) · process 33.6 ms · physics 0.1 ms · 2890 node(s) · view portrait 390x873 zoom 0.50 gu 95/1104 scale 1.00
09-23 20:20:25.729 I/godot   (23686): [FRAME-SPLIT] per frame: sprite light+throw 0.47 ms (10/f) · room temporal lights 0.06 ms (1/f) · room vision fog 0.05 ms (1/f) · guard attention 0.03 ms (9/f) · room enemy visibility 0.02 ms (1/f)
09-23 20:20:27.136 I/godot   (23686): [FRAME-PROBE] 23.5 ms/frame · render cpu 2.0 ms · render gpu 22.3 ms · 859 draw call(s) · 122868 primitive(s) · 876 object(s) · process 33.6 ms · physics 0.1 ms · 2890 node(s) · view portrait 390x873 zoom 0.50 gu 95/1104 scale 1.00
09-23 20:20:27.136 I/godot   (23686): [FRAME-SPLIT] per frame: sprite light+throw 0.47 ms (10/f) · room temporal lights 0.06 ms (1/f) · room vision fog 0.05 ms (1/f) · guard attention 0.03 ms (9/f) · room enemy visibility 0.02 ms (1/f)
09-23 20:20:28.566 I/godot   (23686): [FRAME-PROBE] 23.8 ms/frame · render cpu 2.0 ms · render gpu 21.9 ms · 859 draw call(s) · 122868 primitive(s) · 876 object(s) · process 33.6 ms · physics 0.1 ms · 2890 node(s) · view portrait 390x873 zoom 0.50 gu 95/1104 scale 1.00
09-23 20:20:28.566 I/godot   (23686): [FRAME-SPLIT] per frame: sprite light+throw 0.49 ms (10/f) · room temporal lights 0.06 ms (1/f) · room vision fog 0.06 ms (1/f) · guard attention 0.03 ms (9/f) · room enemy visibility 0.02 ms (1/f)
09-23 20:20:29.974 I/godot   (23686): [FRAME-PROBE] 23.5 ms/frame · render cpu 2.1 ms · render gpu 22.1 ms · 859 draw call(s) · 122868 primitive(s) · 876 object(s) · process 37.0 ms · physics 0.1 ms · 2890 node(s) · view portrait 390x873 zoom 0.50 gu 95/1104 scale 1.00
09-23 20:20:29.974 I/godot   (23686): [FRAME-SPLIT] per frame: sprite light+throw 0.48 ms (10/f) · room temporal lights 0.06 ms (1/f) · room vision fog 0.05 ms (1/f) · guard attention 0.03 ms (9/f) · room enemy visibility 0.02 ms (1/f)
09-23 20:20:31.370 I/godot   (23686): [FRAME-PROBE] 23.3 ms/frame · render cpu 2.3 ms · render gpu 22.0 ms · 859 draw call(s) · 122868 primitive(s) · 876 object(s) · process 33.5 ms · physics 0.1 ms · 2890 node(s) · view portrait 390x873 zoom 0.50 gu 95/1104 scale 1.00
09-23 20:20:31.371 I/godot   (23686): [FRAME-SPLIT] per frame: sprite light+throw 0.46 ms (10/f) · room temporal lights 0.06 ms (1/f) · room vision fog 0.05 ms (1/f) · guard attention 0.03 ms (9/f) · room enemy visibility 0.02 ms (1/f)
09-23 20:20:32.767 I/godot   (23686): [FRAME-PROBE] 23.3 ms/frame · render cpu 2.0 ms · render gpu 21.8 ms · 859 draw call(s) · 122868 primitive(s) · 876 object(s) · process 33.5 ms · physics 0.1 ms · 2890 node(s) · view portrait 390x873 zoom 0.50 gu 95/1104 scale 1.00
09-23 20:20:32.767 I/godot   (23686): [FRAME-SPLIT] per frame: sprite light+throw 0.46 ms (10/f) · room temporal lights 0.06 ms (1/f) · room vision fog 0.05 ms (1/f) · guard attention 0.03 ms (9/f) · room enemy visibility 0.02 ms (1/f)
09-23 20:20:34.185 I/godot   (23686): [FRAME-PROBE] 23.6 ms/frame · render cpu 2.1 ms · render gpu 22.0 ms · 859 draw call(s) · 122868 primitive(s) · 876 object(s) · process 33.4 ms · physics 0.1 ms · 2890 node(s) · view portrait 390x873 zoom 0.50 gu 95/1104 scale 1.00
09-23 20:20:34.186 I/godot   (23686): [FRAME-SPLIT] per frame: sprite light+throw 0.49 ms (10/f) · room temporal lights 0.06 ms (1/f) · room vision fog 0.06 ms (1/f) · guard attention 0.03 ms (9/f) · room enemy visibility 0.02 ms (1/f)
09-23 20:20:35.372 I/godot   (23686): [SCENARIO] 4/4 quit
09-23 20:20:39.648 V/Godot   (23686): OnGodotTerminating
[DIAG-02] com.example.infiltraitor exited on its own at 20:20:42 — capture ends
