--------- beginning of main
09-23 20:16:05.457 V/Godot   (20438): InitEngine with params: [--xr_mode_regular, --xr-mode, off, --fullscreen, --background_color, #000000]
09-23 20:16:05.457 V/Godot   (20438): Initializing Godot plugin registry
09-23 20:16:05.524 V/Godot   (20438): Godot native layer initialization completed: true
09-23 20:16:05.767 V/Godot   (20438): Godot native layer setup completed
09-23 20:16:05.768 V/Godot   (20438): OnInitRenderView: GodotFragment{fc29790} (1a039b65-52d5-44eb-a96f-f5939630839a id=0x7f070033)
09-23 20:16:05.779 D/Godot   (20438): Render view should be transparent: false
09-23 20:16:05.779 D/Godot   (20438): usesVulkan(): true
09-23 20:16:05.779 D/Godot   (20438): 			renderingDevice: vulkan (ProjectSettings)
09-23 20:16:05.779 D/Godot   (20438): 			renderer: mobile (ProjectSettings)
09-23 20:16:05.799 V/Godot   (20438): OnStart: GodotFragment{fc29790} (1a039b65-52d5-44eb-a96f-f5939630839a id=0x7f070033)
09-23 20:16:05.805 V/Godot   (20438): OnResume: GodotFragment{fc29790} (1a039b65-52d5-44eb-a96f-f5939630839a id=0x7f070033)
09-23 20:16:05.845 I/godot   (20438): Godot Engine v4.6.1.stable.official.14d19694e - https://godotengine.org
09-23 20:16:05.907 I/godot   (20438): Vulkan 1.3.225 - Forward Mobile - Using Device #0: ARM - Mali-G57
09-23 20:16:06.340 I/godot   (20438): 
09-23 20:16:10.911 V/Godot   (20438): OnGodotSetupCompleted
09-23 20:16:10.935 I/godot   (20438): [DevFlags] 7 override(s) from /sdcard/Android/data/com.example.infiltraitor/files/dev_flags.cfg — ACTOR_MESH=9, FRAME_PROBE=1, MAP=PLAYGROUND, MESH_PLANES=1, RENDER3D=1, RNG_SEED=1, SCENARIO=framing portrait; zoom 0.5; wait 25; quit
09-23 20:16:10.936 I/godot   (20438): [INFILTRAITOR] Version 0.9.107
09-23 20:16:10.942 I/godot   (20438): [Registries] Autoload initialized
09-23 20:16:10.946 I/godot   (20438): [RNG] seeded 1 — particle rolls are reproducible this boot
09-23 20:16:10.946 I/godot   (20438): [MaterialRegistry] Registered: brick (color: 0.55,0.29,0.22)
09-23 20:16:10.946 I/godot   (20438): [MaterialRegistry] Registered: cardboard (color: 0.70,0.55,0.36)
09-23 20:16:10.947 I/godot   (20438): [MaterialRegistry] Registered: concrete (color: 0.62,0.62,0.62)
09-23 20:16:10.948 I/godot   (20438): [MaterialRegistry] Registered: dirt (color: 0.50,0.38,0.27)
09-23 20:16:10.948 I/godot   (20438): [MaterialRegistry] Registered: earth (color: 0.52,0.39,0.26)
09-23 20:16:10.948 I/godot   (20438): [MaterialRegistry] Registered: fabric (color: 0.78,0.74,0.66)
09-23 20:16:10.950 I/godot   (20438): [MaterialRegistry] Registered: glass (color: 0.62,0.74,0.78)
09-23 20:16:10.950 I/godot   (20438): [MaterialRegistry] Registered: glass_armored (color: 0.74,0.62,0.78)
09-23 20:16:10.950 I/godot   (20438): [MaterialRegistry] Registered: glass_screen_amber (color: 0.70,0.60,0.38)
09-23 20:16:10.950 I/godot   (20438): [MaterialRegistry] Registered: glass_screen_green (color: 0.38,0.55,0.42)
09-23 20:16:10.951 I/godot   (20438): [MaterialRegistry] Registered: glass_screen_red (color: 0.62,0.40,0.41)
09-23 20:16:10.951 I/godot   (20438): [MaterialRegistry] Registered: grass (color: 0.42,0.55,0.29)
09-23 20:16:10.952 I/godot   (20438): [MaterialRegistry] Registered: gravel (color: 0.55,0.52,0.49)
09-23 20:16:10.952 I/godot   (20438): [MaterialRegistry] Registered: metal (color: 0.49,0.53,0.56)
09-23 20:16:10.952 I/godot   (20438): [MaterialRegistry] Registered: plywood (color: 0.78,0.63,0.42)
09-23 20:16:10.952 I/godot   (20438): [MaterialRegistry] Registered: sand (color: 0.76,0.67,0.51)
09-23 20:16:10.952 I/godot   (20438): [MaterialRegistry] Registered: stone (color: 0.55,0.55,0.58)
09-23 20:16:10.953 I/godot   (20438): [MaterialRegistry] Registered: wood (color: 0.66,0.47,0.31)
09-23 20:16:10.953 I/godot   (20438): [Registries] Material registry initialized with defaults
09-23 20:16:10.953 I/godot   (20438): [BakeConfig] Enabled: true, Blend Mode: 0, Facade Tops: true
09-23 20:16:10.966 I/godot   (20438): [Room] 4 tiles registered.
09-23 20:16:11.793 I/godot   (20438): [Room] Light registry initialized with 0 map lights:
09-23 20:16:11.793 I/godot   (20438): [Room] Tile semantics initialized with 0 tiles, 0 light anchors
09-23 20:16:11.793 I/godot   (20438): [Room] Shadow projector initialized
09-23 20:16:11.793 I/godot   (20438): [Room] Exposure system initialized with 0 light projections
09-23 20:16:11.793 I/godot   (20438): [VisionController] Shadow overlay initialized
09-23 20:16:11.793 I/godot   (20438): [VisionController] Exposure overlay initialized
09-23 20:16:11.793 I/godot   (20438): [VisionController] Tile risk heatmap overlay initialized
09-23 20:16:11.793 I/godot   (20438): [VisionController] Elite exposure overlay initialized: [EliteExposureOverlay safe=0 total=0 confidence=0.00 depth_layers=6 stability_types=4]
09-23 20:16:11.904 I/godot   (20438): [Registries] File map source initialized
09-23 20:16:12.799 I/godot   (20438): [MaterialRegistry] Registered: brick (color: 0.55,0.29,0.22)
09-23 20:16:12.799 I/godot   (20438): [MaterialRegistry] Registered: cardboard (color: 0.70,0.55,0.36)
09-23 20:16:12.799 I/godot   (20438): [MaterialRegistry] Registered: concrete (color: 0.62,0.62,0.62)
09-23 20:16:12.800 I/godot   (20438): [MaterialRegistry] Registered: dirt (color: 0.50,0.38,0.27)
09-23 20:16:12.800 I/godot   (20438): [MaterialRegistry] Registered: earth (color: 0.52,0.39,0.26)
09-23 20:16:12.800 I/godot   (20438): [MaterialRegistry] Registered: fabric (color: 0.78,0.74,0.66)
09-23 20:16:12.800 I/godot   (20438): [MaterialRegistry] Registered: glass (color: 0.62,0.74,0.78)
09-23 20:16:12.800 I/godot   (20438): [MaterialRegistry] Registered: glass_armored (color: 0.74,0.62,0.78)
09-23 20:16:12.801 I/godot   (20438): [MaterialRegistry] Registered: glass_screen_amber (color: 0.70,0.60,0.38)
09-23 20:16:12.801 I/godot   (20438): [MaterialRegistry] Registered: glass_screen_green (color: 0.38,0.55,0.42)
09-23 20:16:12.801 I/godot   (20438): [MaterialRegistry] Registered: glass_screen_red (color: 0.62,0.40,0.41)
09-23 20:16:12.801 I/godot   (20438): [MaterialRegistry] Registered: grass (color: 0.42,0.55,0.29)
09-23 20:16:12.801 I/godot   (20438): [MaterialRegistry] Registered: gravel (color: 0.55,0.52,0.49)
09-23 20:16:12.802 I/godot   (20438): [MaterialRegistry] Registered: metal (color: 0.49,0.53,0.56)
09-23 20:16:12.802 I/godot   (20438): [MaterialRegistry] Registered: plywood (color: 0.78,0.63,0.42)
09-23 20:16:12.802 I/godot   (20438): [MaterialRegistry] Registered: sand (color: 0.76,0.67,0.51)
09-23 20:16:12.802 I/godot   (20438): [MaterialRegistry] Registered: stone (color: 0.55,0.55,0.58)
09-23 20:16:12.802 I/godot   (20438): [MaterialRegistry] Registered: wood (color: 0.66,0.47,0.31)
09-23 20:16:13.540 I/godot   (20438): [ROOM] Baking textures with 40 junction columns...
09-23 20:16:13.567 I/godot   (20438): [ROOM] Grouped edges into 43 runs
09-23 20:16:13.574 I/godot   (20438): [BAKE] Loaded voxel atom: concrete (32×36, 0 AA pixels)
09-23 20:16:13.575 I/godot   (20438): [BAKE] Loaded voxel atom: metal (32×36, 0 AA pixels)
09-23 20:16:13.576 I/godot   (20438): [BAKE] Loaded voxel atom: stone (32×36, 0 AA pixels)
09-23 20:16:13.577 I/godot   (20438): [BAKE] Loaded voxel atom: wood (32×36, 0 AA pixels)
09-23 20:16:13.585 I/godot   (20438): [BAKE] Loaded voxel atom: grass (32×36, 0 AA pixels)
09-23 20:16:13.588 I/godot   (20438): [BAKE] Loaded voxel atom: dirt (32×36, 0 AA pixels)
09-23 20:16:13.590 I/godot   (20438): [BAKE] Loaded voxel atom: gravel (32×36, 0 AA pixels)
09-23 20:16:13.593 I/godot   (20438): [BAKE] Loaded voxel atom: sand (32×36, 0 AA pixels)
09-23 20:16:13.594 I/godot   (20438): [BAKE] Loaded voxel atom: earth (32×36, 0 AA pixels)
09-23 20:16:13.595 I/godot   (20438): [BAKE] Loaded voxel atom: brick (32×36, 0 AA pixels)
09-23 20:16:13.596 I/godot   (20438): [BAKE] Loaded voxel atom: cardboard (32×36, 0 AA pixels)
09-23 20:16:13.597 I/godot   (20438): [BAKE] Loaded voxel atom: fabric (32×36, 0 AA pixels)
09-23 20:16:13.598 I/godot   (20438): [BAKE] Loaded voxel atom: plywood (32×36, 0 AA pixels)
09-23 20:16:13.599 I/godot   (20438): [BAKE] Loaded voxel atom: glass (32×36, 0 AA pixels)
09-23 20:16:13.599 I/godot   (20438): [BAKE] Created persistent BakeCompositor for session
09-23 20:16:13.601 I/godot   (20438): [BAKE] Found 9 unique (material, facade) combos
09-23 20:16:13.738 I/godot   (20438): 
09-23 20:16:13.738 I/godot   (20438): Attempting to resolve: facade_concrete (folder concrete)
09-23 20:16:13.738 I/godot   (20438):   [USER] File not found: user://textures/concrete/facade_concrete.png
09-23 20:16:13.738 I/godot   (20438):   [USER] File not found: user://textures/concrete/facade_concrete.webp
09-23 20:16:13.764 I/godot   (20438):   [DEFAULT] Validation PASS: res://ASSETS/materials/concrete/facade_concrete.png
09-23 20:16:13.764 I/godot   (20438): [RESOLVER] facade_concrete resolved from DEFAULT.png (dims 1024x512)
09-23 20:16:13.764 I/godot   (20438): 
09-23 20:16:13.764 I/godot   (20438): Attempting to resolve: facade_metal (folder metal)
09-23 20:16:13.764 I/godot   (20438):   [USER] File not found: user://textures/metal/facade_metal.png
09-23 20:16:13.764 I/godot   (20438):   [USER] File not found: user://textures/metal/facade_metal.webp
09-23 20:16:13.795 I/godot   (20438):   [DEFAULT] Validation PASS: res://ASSETS/materials/metal/facade_metal.png
09-23 20:16:13.795 I/godot   (20438): [RESOLVER] facade_metal resolved from DEFAULT.png (dims 1024x512)
09-23 20:16:13.795 I/godot   (20438): 
09-23 20:16:13.796 I/godot   (20438): Attempting to resolve: facade_stone (folder stone)
09-23 20:16:13.796 I/godot   (20438):   [USER] File not found: user://textures/stone/facade_stone.png
09-23 20:16:13.796 I/godot   (20438):   [USER] File not found: user://textures/stone/facade_stone.webp
09-23 20:16:13.824 I/godot   (20438):   [DEFAULT] Validation PASS: res://ASSETS/materials/stone/facade_stone.png
09-23 20:16:13.824 I/godot   (20438): [RESOLVER] facade_stone resolved from DEFAULT.png (dims 1024x512)
09-23 20:16:13.824 I/godot   (20438): 
09-23 20:16:13.824 I/godot   (20438): Attempting to resolve: facade_wood (folder wood)
09-23 20:16:13.824 I/godot   (20438):   [USER] File not found: user://textures/wood/facade_wood.png
09-23 20:16:13.824 I/godot   (20438):   [USER] File not found: user://textures/wood/facade_wood.webp
09-23 20:16:13.852 I/godot   (20438):   [DEFAULT] Validation PASS: res://ASSETS/materials/wood/facade_wood.png
09-23 20:16:13.852 I/godot   (20438): [RESOLVER] facade_wood resolved from DEFAULT.png (dims 1024x512)
09-23 20:16:13.852 I/godot   (20438): 
09-23 20:16:13.852 I/godot   (20438): Attempting to resolve: facade_brick (folder brick)
09-23 20:16:13.852 I/godot   (20438):   [USER] File not found: user://textures/brick/facade_brick.png
09-23 20:16:13.852 I/godot   (20438):   [USER] File not found: user://textures/brick/facade_brick.webp
09-23 20:16:13.881 I/godot   (20438):   [DEFAULT] Validation PASS: res://ASSETS/materials/brick/facade_brick.png
09-23 20:16:13.881 I/godot   (20438): [RESOLVER] facade_brick resolved from DEFAULT.png (dims 1024x512)
09-23 20:16:13.881 I/godot   (20438): 
09-23 20:16:13.881 I/godot   (20438): Attempting to resolve: facade_cardboard (folder cardboard)
09-23 20:16:13.881 I/godot   (20438):   [USER] File not found: user://textures/cardboard/facade_cardboard.png
09-23 20:16:13.881 I/godot   (20438):   [USER] File not found: user://textures/cardboard/facade_cardboard.webp
09-23 20:16:13.903 I/godot   (20438):   [DEFAULT] Validation PASS: res://ASSETS/materials/cardboard/facade_cardboard.png
09-23 20:16:13.903 I/godot   (20438): [RESOLVER] facade_cardboard resolved from DEFAULT.png (dims 1024x512)
09-23 20:16:13.903 I/godot   (20438): 
09-23 20:16:13.903 I/godot   (20438): Attempting to resolve: facade_fabric (folder fabric)
09-23 20:16:13.904 I/godot   (20438):   [USER] File not found: user://textures/fabric/facade_fabric.png
09-23 20:16:13.904 I/godot   (20438):   [USER] File not found: user://textures/fabric/facade_fabric.webp
09-23 20:16:13.925 I/godot   (20438):   [DEFAULT] Validation PASS: res://ASSETS/materials/fabric/facade_fabric.png
09-23 20:16:13.925 I/godot   (20438): [RESOLVER] facade_fabric resolved from DEFAULT.png (dims 1024x512)
09-23 20:16:13.925 I/godot   (20438): 
09-23 20:16:13.925 I/godot   (20438): Attempting to resolve: facade_plywood (folder plywood)
09-23 20:16:13.925 I/godot   (20438):   [USER] File not found: user://textures/plywood/facade_plywood.png
09-23 20:16:13.925 I/godot   (20438):   [USER] File not found: user://textures/plywood/facade_plywood.webp
09-23 20:16:13.952 I/godot   (20438):   [DEFAULT] Validation PASS: res://ASSETS/materials/plywood/facade_plywood.png
09-23 20:16:13.953 I/godot   (20438): [RESOLVER] facade_plywood resolved from DEFAULT.png (dims 1024x512)
09-23 20:16:13.953 I/godot   (20438): 
09-23 20:16:13.953 I/godot   (20438): Attempting to resolve: facade_glass (folder glass)
09-23 20:16:13.953 I/godot   (20438):   [USER] File not found: user://textures/glass/facade_glass.png
09-23 20:16:13.953 I/godot   (20438):   [USER] File not found: user://textures/glass/facade_glass.webp
09-23 20:16:13.962 I/godot   (20438):   [DEFAULT] Validation PASS: res://ASSETS/materials/glass/facade_glass.png
09-23 20:16:13.962 I/godot   (20438): [RESOLVER] facade_glass resolved from DEFAULT.png (dims 1024x512)
09-23 20:16:14.721 I/godot   (20438): [BAKE] Composed sheet concrete|facade_concrete|0 (2048 atoms)
09-23 20:16:15.581 I/godot   (20438): [BAKE] Composed sheet concrete|facade_concrete|1 (2048 atoms)
09-23 20:16:16.085 I/godot   (20438): [BAKE] Composed sheet metal|facade_metal|0 (2048 atoms)
09-23 20:16:16.538 I/godot   (20438): [BAKE] Composed sheet metal|facade_metal|1 (2048 atoms)
09-23 20:16:16.974 I/godot   (20438): [BAKE] Composed sheet stone|facade_stone|0 (2048 atoms)
09-23 20:16:17.426 I/godot   (20438): [BAKE] Composed sheet stone|facade_stone|1 (2048 atoms)
09-23 20:16:17.865 I/godot   (20438): [BAKE] Composed sheet wood|facade_wood|0 (2048 atoms)
09-23 20:16:18.318 I/godot   (20438): [BAKE] Composed sheet wood|facade_wood|1 (2048 atoms)
09-23 20:16:18.753 I/godot   (20438): [BAKE] Composed sheet brick|facade_brick|0 (2048 atoms)
09-23 20:16:19.210 I/godot   (20438): [BAKE] Composed sheet brick|facade_brick|1 (2048 atoms)
09-23 20:16:19.648 I/godot   (20438): [BAKE] Composed sheet cardboard|facade_cardboard|0 (2048 atoms)
09-23 20:16:20.100 I/godot   (20438): [BAKE] Composed sheet cardboard|facade_cardboard|1 (2048 atoms)
09-23 20:16:20.540 I/godot   (20438): [BAKE] Composed sheet fabric|facade_fabric|0 (2048 atoms)
09-23 20:16:20.986 I/godot   (20438): [BAKE] Composed sheet fabric|facade_fabric|1 (2048 atoms)
09-23 20:16:21.421 I/godot   (20438): [BAKE] Composed sheet plywood|facade_plywood|0 (2048 atoms)
09-23 20:16:21.875 I/godot   (20438): [BAKE] Composed sheet plywood|facade_plywood|1 (2048 atoms)
09-23 20:16:22.306 I/godot   (20438): [BAKE] Composed sheet glass|facade_glass|0 (2048 atoms)
09-23 20:16:22.750 I/godot   (20438): [BAKE] Composed sheet glass|facade_glass|1 (2048 atoms)
09-23 20:16:22.816 I/godot   (20438): [BAKE] Composed junction page: concrete|facade_concrete (160 atoms)
09-23 20:16:22.852 I/godot   (20438): [BAKE] Composed junction page: metal|facade_metal (64 atoms)
09-23 20:16:22.890 I/godot   (20438): [BAKE] Composed junction page: stone|facade_stone (64 atoms)
09-23 20:16:22.926 I/godot   (20438): [BAKE] Composed junction page: wood|facade_wood (64 atoms)
09-23 20:16:22.963 I/godot   (20438): [BAKE] Composed junction page: brick|facade_brick (64 atoms)
09-23 20:16:23.001 I/godot   (20438): [BAKE] Composed junction page: cardboard|facade_cardboard (64 atoms)
09-23 20:16:23.038 I/godot   (20438): [BAKE] Composed junction page: fabric|facade_fabric (64 atoms)
09-23 20:16:23.076 I/godot   (20438): [BAKE] Composed junction page: plywood|facade_plywood (64 atoms)
09-23 20:16:23.112 I/godot   (20438): [BAKE] Composed junction page: glass|facade_glass (64 atoms)
09-23 20:16:24.103 I/godot   (20438): [BAKE] Composed roof page ROOF|concrete|facade_concrete (4096 atoms)
09-23 20:16:24.711 I/godot   (20438): [BAKE] Composed roof page ROOF|metal|facade_metal (586 atoms)
09-23 20:16:25.294 I/godot   (20438): [BAKE] Composed roof page ROOF|stone|facade_stone (586 atoms)
09-23 20:16:25.877 I/godot   (20438): [BAKE] Composed roof page ROOF|wood|facade_wood (586 atoms)
09-23 20:16:26.459 I/godot   (20438): [BAKE] Composed roof page ROOF|brick|facade_brick (586 atoms)
09-23 20:16:27.042 I/godot   (20438): [BAKE] Composed roof page ROOF|cardboard|facade_cardboard (586 atoms)
09-23 20:16:27.621 I/godot   (20438): [BAKE] Composed roof page ROOF|fabric|facade_fabric (586 atoms)
09-23 20:16:28.215 I/godot   (20438): [BAKE] Composed roof page ROOF|plywood|facade_plywood (586 atoms)
09-23 20:16:28.794 I/godot   (20438): [BAKE] Composed roof page ROOF|glass|facade_glass (586 atoms)
09-23 20:16:28.799 I/godot   (20438): [BAKE] Baked 9 combos × 2 directions in 14837.0 ms
09-23 20:16:28.801 I/godot   (20438): [ROOM] Bake complete: 15201 ms, 36 pages
09-23 20:16:33.431 I/godot   (20438): [ROOM] Registered baked atlas page 0 as source 98 on voxel_renderer (8448 tiles created)
09-23 20:16:38.085 I/godot   (20438): [ROOM] Registered baked atlas page 1 as source 99 on voxel_renderer (8448 tiles created)
09-23 20:16:38.100 I/godot   (20438): [ROOM] Registered baked atlas page 2 as source 100 on voxel_renderer (384 tiles created)
09-23 20:16:38.114 I/godot   (20438): [ROOM] Registered baked atlas page 3 as source 101 on voxel_renderer (384 tiles created)
09-23 20:16:38.129 I/godot   (20438): [ROOM] Registered baked atlas page 4 as source 102 on voxel_renderer (384 tiles created)
09-23 20:16:38.144 I/godot   (20438): [ROOM] Registered baked atlas page 5 as source 103 on voxel_renderer (384 tiles created)
09-23 20:16:38.158 I/godot   (20438): [ROOM] Registered baked atlas page 6 as source 104 on voxel_renderer (384 tiles created)
09-23 20:16:38.173 I/godot   (20438): [ROOM] Registered baked atlas page 7 as source 105 on voxel_renderer (384 tiles created)
09-23 20:16:38.188 I/godot   (20438): [ROOM] Registered baked atlas page 8 as source 106 on voxel_renderer (384 tiles created)
09-23 20:16:38.202 I/godot   (20438): [ROOM] Registered baked atlas page 9 as source 107 on voxel_renderer (384 tiles created)
09-23 20:16:38.219 I/godot   (20438): [ROOM] Registered baked atlas page 10 as source 108 on voxel_renderer (384 tiles created)
09-23 20:16:38.234 I/godot   (20438): [ROOM] Registered baked atlas page 11 as source 109 on voxel_renderer (384 tiles created)
09-23 20:16:38.249 I/godot   (20438): [ROOM] Registered baked atlas page 12 as source 110 on voxel_renderer (384 tiles created)
09-23 20:16:38.265 I/godot   (20438): [ROOM] Registered baked atlas page 13 as source 111 on voxel_renderer (384 tiles created)
09-23 20:16:38.280 I/godot   (20438): [ROOM] Registered baked atlas page 14 as source 112 on voxel_renderer (384 tiles created)
09-23 20:16:38.296 I/godot   (20438): [ROOM] Registered baked atlas page 15 as source 113 on voxel_renderer (384 tiles created)
09-23 20:16:38.319 I/godot   (20438): [ROOM] Registered baked atlas page 16 as source 114 on voxel_renderer (384 tiles created)
09-23 20:16:38.424 I/godot   (20438): [ROOM] Registered baked atlas page 17 as source 115 on voxel_renderer (384 tiles created)
09-23 20:16:38.429 I/godot   (20438): [ROOM] Registered baked atlas page 18 as source 116 on voxel_renderer (160 tiles created)
09-23 20:16:38.431 I/godot   (20438): [ROOM] Registered baked atlas page 19 as source 117 on voxel_renderer (64 tiles created)
09-23 20:16:38.434 I/godot   (20438): [ROOM] Registered baked atlas page 20 as source 118 on voxel_renderer (64 tiles created)
09-23 20:16:38.436 I/godot   (20438): [ROOM] Registered baked atlas page 21 as source 119 on voxel_renderer (64 tiles created)
09-23 20:16:38.438 I/godot   (20438): [ROOM] Registered baked atlas page 22 as source 120 on voxel_renderer (64 tiles created)
09-23 20:16:38.440 I/godot   (20438): [ROOM] Registered baked atlas page 23 as source 121 on voxel_renderer (64 tiles created)
09-23 20:16:38.442 I/godot   (20438): [ROOM] Registered baked atlas page 24 as source 122 on voxel_renderer (64 tiles created)
09-23 20:16:38.445 I/godot   (20438): [ROOM] Registered baked atlas page 25 as source 123 on voxel_renderer (64 tiles created)
09-23 20:16:38.447 I/godot   (20438): [ROOM] Registered baked atlas page 26 as source 124 on voxel_renderer (64 tiles created)
09-23 20:16:39.474 I/godot   (20438): [ROOM] Registered baked atlas page 27 as source 125 on voxel_renderer (4096 tiles created)
09-23 20:16:39.503 I/godot   (20438): [ROOM] Registered baked atlas page 28 as source 126 on voxel_renderer (586 tiles created)
09-23 20:16:39.533 I/godot   (20438): [ROOM] Registered baked atlas page 29 as source 127 on voxel_renderer (586 tiles created)
09-23 20:16:39.562 I/godot   (20438): [ROOM] Registered baked atlas page 30 as source 128 on voxel_renderer (586 tiles created)
09-23 20:16:39.591 I/godot   (20438): [ROOM] Registered baked atlas page 31 as source 129 on voxel_renderer (586 tiles created)
09-23 20:16:39.619 I/godot   (20438): [ROOM] Registered baked atlas page 32 as source 130 on voxel_renderer (586 tiles created)
09-23 20:16:39.649 I/godot   (20438): [ROOM] Registered baked atlas page 33 as source 131 on voxel_renderer (586 tiles created)
09-23 20:16:39.678 I/godot   (20438): [ROOM] Registered baked atlas page 34 as source 132 on voxel_renderer (586 tiles created)
09-23 20:16:39.707 I/godot   (20438): [ROOM] Registered baked atlas page 35 as source 133 on voxel_renderer (586 tiles created)
09-23 20:16:39.708 I/godot   (20438): [VOXEL] Baked lookup set: registered
09-23 20:16:39.730 I/godot   (20438): [BAKE] Disk cache HIT: loaded 1ff64de9
09-23 20:16:40.484 I/godot   (20438): [D33] composite page: 3584 tile(s) created up front in 739.4 ms
09-23 20:16:40.510 I/godot   (20438): [BAKE] Disk cache HIT: loaded 79f4f5e8
09-23 20:16:40.513 I/godot   (20438): [BAKE] Disk cache HIT: loaded c5a3ab77
09-23 20:16:40.517 I/godot   (20438): [BAKE] Disk cache HIT: loaded 38139423
09-23 20:16:40.520 I/godot   (20438): [BAKE] Disk cache HIT: loaded 66da5472
09-23 20:16:40.523 I/godot   (20438): [BAKE] Disk cache HIT: loaded e4993765
09-23 20:16:40.526 I/godot   (20438): [BAKE] Disk cache HIT: loaded 689fb62e
09-23 20:16:40.529 I/godot   (20438): [BAKE] Disk cache HIT: loaded 6705897f
09-23 20:16:40.531 I/godot   (20438): [BAKE] Disk cache HIT: loaded f45df950
09-23 20:16:40.534 I/godot   (20438): [BAKE] Disk cache HIT: loaded a69e54c4
09-23 20:16:40.537 I/godot   (20438): [BAKE] Disk cache HIT: loaded 789ec235
09-23 20:16:40.540 I/godot   (20438): [BAKE] Disk cache HIT: loaded 7ae0a8c2
09-23 20:16:40.543 I/godot   (20438): [BAKE] Disk cache HIT: loaded e19baabe
09-23 20:16:40.545 I/godot   (20438): [BAKE] Disk cache HIT: loaded 3323d2cf
09-23 20:16:40.549 I/godot   (20438): [BAKE] Disk cache HIT: loaded 14a1b0e0
09-23 20:16:40.552 I/godot   (20438): [BAKE] Disk cache HIT: loaded 312a1305
09-23 20:16:40.555 I/godot   (20438): [BAKE] Disk cache HIT: loaded a6443a14
09-23 20:16:40.558 I/godot   (20438): [BAKE] Disk cache HIT: loaded de99e143
09-23 20:16:40.561 I/godot   (20438): [BAKE] Disk cache HIT: loaded f582f5c8
09-23 20:16:40.563 I/godot   (20438): [BAKE] Disk cache HIT: loaded c18fa5c9
09-23 20:16:40.566 I/godot   (20438): [BAKE] Disk cache HIT: loaded 75160ea6
09-23 20:16:40.569 I/godot   (20438): [BAKE] Disk cache HIT: loaded 4d745b00
09-23 20:16:40.572 I/godot   (20438): [BAKE] Disk cache HIT: loaded baeabe01
09-23 20:16:40.575 I/godot   (20438): [BAKE] Disk cache HIT: loaded 535489de
09-23 20:16:40.578 I/godot   (20438): [BAKE] Disk cache HIT: loaded 3e4f2802
09-23 20:16:40.581 I/godot   (20438): [BAKE] Disk cache HIT: loaded 8f879e33
09-23 20:16:40.584 I/godot   (20438): [BAKE] Disk cache HIT: loaded e5158604
09-23 20:16:40.587 I/godot   (20438): [BAKE] Disk cache HIT: loaded bda6b76f
09-23 20:16:40.590 I/godot   (20438): [BAKE] Disk cache HIT: loaded 6ae15ade
09-23 20:16:40.592 I/godot   (20438): [BAKE] Disk cache HIT: loaded d2778f01
09-23 20:16:40.595 I/godot   (20438): [BAKE] Disk cache HIT: loaded 8acb8dbd
09-23 20:16:40.598 I/godot   (20438): [BAKE] Disk cache HIT: loaded f8179f2c
09-23 20:16:40.601 I/godot   (20438): [BAKE] Disk cache HIT: loaded c3776c5b
09-23 20:16:40.604 I/godot   (20438): [BAKE] Disk cache HIT: loaded ddea6eff
09-23 20:16:40.607 I/godot   (20438): [BAKE] Disk cache HIT: loaded df849bae
09-23 20:16:40.609 I/godot   (20438): [BAKE] Disk cache HIT: loaded 4b738391
09-23 20:16:40.612 I/godot   (20438): [BAKE] Disk cache HIT: loaded 310dc82c
09-23 20:16:40.614 I/godot   (20438): [BAKE] Disk cache HIT: loaded c3c1b6bd
09-23 20:16:40.618 I/godot   (20438): [BAKE] Disk cache HIT: loaded 2a46d30a
09-23 20:16:40.620 I/godot   (20438): [BAKE] Disk cache HIT: loaded fdc7ddf1
09-23 20:16:40.623 I/godot   (20438): [BAKE] Disk cache HIT: loaded 0fb2e0b0
09-23 20:16:40.625 I/godot   (20438): [BAKE] Disk cache HIT: loaded db12addf
09-23 20:16:40.628 I/godot   (20438): [BAKE] Disk cache HIT: loaded 4f78b87f
09-23 20:16:40.631 I/godot   (20438): [BAKE] Disk cache HIT: loaded 5112e52e
09-23 20:16:40.634 I/godot   (20438): [BAKE] Disk cache HIT: loaded bd01cd11
09-23 20:16:40.637 I/godot   (20438): [BAKE] Disk cache HIT: loaded 75a5bc1d
09-23 20:16:40.640 I/godot   (20438): [BAKE] Disk cache HIT: loaded 564b730c
09-23 20:16:40.642 I/godot   (20438): [BAKE] Disk cache HIT: loaded a1ac09bb
09-23 20:16:40.645 I/godot   (20438): [BAKE] Disk cache HIT: loaded 62ea1cf0
09-23 20:16:40.648 I/godot   (20438): [BAKE] Disk cache HIT: loaded 50ff1a31
09-23 20:16:40.650 I/godot   (20438): [BAKE] Disk cache HIT: loaded dc23f14e
09-23 20:16:40.653 I/godot   (20438): [BAKE] Disk cache HIT: loaded 8b168722
09-23 20:16:40.656 I/godot   (20438): [BAKE] Disk cache HIT: loaded dd8c31d3
09-23 20:16:40.659 I/godot   (20438): [BAKE] Disk cache HIT: loaded 31dce524
09-23 20:16:40.662 I/godot   (20438): [BAKE] Disk cache HIT: loaded dbe61180
09-23 20:16:40.664 I/godot   (20438): [BAKE] Disk cache HIT: loaded 495c7481
09-23 20:16:40.667 I/godot   (20438): [BAKE] Disk cache HIT: loaded e1c6405e
09-23 20:16:40.670 I/godot   (20438): [BAKE] Disk cache HIT: loaded 266b01ab
09-23 20:16:40.672 I/godot   (20438): [BAKE] Disk cache HIT: loaded 53a66e9a
09-23 20:16:40.675 I/godot   (20438): [BAKE] Disk cache HIT: loaded d31dba8d
09-23 20:16:40.678 I/godot   (20438): [BAKE] Disk cache HIT: loaded 4da47f86
09-23 20:16:40.680 I/godot   (20438): [BAKE] Disk cache HIT: loaded ec09bbb7
09-23 20:16:40.683 I/godot   (20438): [BAKE] Disk cache HIT: loaded a05b0628
09-23 20:16:40.686 I/godot   (20438): [BAKE] Disk cache HIT: loaded 2ad8f476
09-23 20:16:40.689 I/godot   (20438): [BAKE] Disk cache HIT: loaded 7655f6e7
09-23 20:16:40.691 I/godot   (20438): [BAKE] Disk cache HIT: loaded aaa677d8
09-23 20:16:40.694 I/godot   (20438): [BAKE] Disk cache HIT: loaded 93993437
09-23 20:16:40.697 I/godot   (20438): [BAKE] Disk cache HIT: loaded f533f806
09-23 20:16:40.699 I/godot   (20438): [BAKE] Disk cache HIT: loaded 953399a9
09-23 20:16:40.702 I/godot   (20438): [BAKE] Disk cache HIT: loaded 0fc056b1
09-23 20:16:40.705 I/godot   (20438): [BAKE] Disk cache HIT: loaded 21ab5970
09-23 20:16:40.708 I/godot   (20438): [BAKE] Disk cache HIT: loaded ed0b269f
09-23 20:16:40.711 I/godot   (20438): [BAKE] Disk cache HIT: loaded 9b8ed3b4
09-23 20:16:40.714 I/godot   (20438): [BAKE] Disk cache HIT: loaded 99ce5225
09-23 20:16:40.717 I/godot   (20438): [BAKE] Disk cache HIT: loaded 48889b32
09-23 20:16:40.720 I/godot   (20438): [BAKE] Disk cache HIT: loaded 1a067eca
09-23 20:16:40.723 I/godot   (20438): [BAKE] Disk cache HIT: loaded ec2d411b
09-23 20:16:40.726 I/godot   (20438): [BAKE] Disk cache HIT: loaded 4d0c84ec
09-23 20:16:40.728 I/godot   (20438): [BAKE] Disk cache HIT: loaded 0054ff2c
09-23 20:16:40.731 I/godot   (20438): [BAKE] Disk cache HIT: loaded 9308edbd
09-23 20:16:40.734 I/godot   (20438): [BAKE] Disk cache HIT: loaded f98e0a0a
09-23 20:16:40.737 I/godot   (20438): [BAKE] Disk cache HIT: loaded bcf9043b
09-23 20:16:40.739 I/godot   (20438): [BAKE] Disk cache HIT: loaded ead241ea
09-23 20:16:40.742 I/godot   (20438): [BAKE] Disk cache HIT: loaded 90f2b69d
09-23 20:16:40.745 I/godot   (20438): [BAKE] Disk cache HIT: loaded 9e92ca16
09-23 20:16:40.748 I/godot   (20438): [BAKE] Disk cache HIT: loaded 101b2487
09-23 20:16:40.750 I/godot   (20438): [BAKE] Disk cache HIT: loaded caa027f8
09-23 20:16:40.753 I/godot   (20438): [BAKE] Disk cache HIT: loaded db3c5d88
09-23 20:16:40.756 I/godot   (20438): [BAKE] Disk cache HIT: loaded a7490d89
09-23 20:16:40.759 I/godot   (20438): [BAKE] Disk cache HIT: loaded b387b366
09-23 20:16:40.762 I/godot   (20438): [BAKE] Disk cache HIT: loaded d51907ad
09-23 20:16:40.765 I/godot   (20438): [BAKE] Disk cache HIT: loaded c303b35c
09-23 20:16:40.768 I/godot   (20438): [BAKE] Disk cache HIT: loaded 0dc4e64b
09-23 20:16:40.771 I/godot   (20438): [BAKE] Disk cache HIT: loaded 6f0d800b
09-23 20:16:40.773 I/godot   (20438): [BAKE] Disk cache HIT: loaded 988e09fa
09-23 20:16:40.776 I/godot   (20438): [BAKE] Disk cache HIT: loaded 3661a16d
09-23 20:16:40.779 I/godot   (20438): [BAKE] Disk cache HIT: loaded 00714a05
09-23 20:16:40.782 I/godot   (20438): [BAKE] Disk cache HIT: loaded 758b7114
09-23 20:16:40.785 I/godot   (20438): [BAKE] Disk cache HIT: loaded ade11843
09-23 20:16:40.788 I/godot   (20438): [BAKE] Disk cache HIT: loaded c99c60fa
09-23 20:16:40.791 I/godot   (20438): [BAKE] Disk cache HIT: loaded a01bd70b
09-23 20:16:40.794 I/godot   (20438): [BAKE] Disk cache HIT: loaded 555aa41c
09-23 20:16:40.797 I/godot   (20438): [BAKE] Disk cache HIT: loaded d172d041
09-23 20:16:40.799 I/godot   (20438): [BAKE] Disk cache HIT: loaded 0b443040
09-23 20:16:40.802 I/godot   (20438): [BAKE] Disk cache HIT: loaded 63e9bbaf
09-23 20:16:40.805 I/godot   (20438): [BAKE] Disk cache HIT: loaded 7dc14c67
09-23 20:16:40.807 I/godot   (20438): [BAKE] Disk cache HIT: loaded 324449f6
09-23 20:16:40.810 I/godot   (20438): [BAKE] Disk cache HIT: loaded febd1799
09-23 20:16:40.812 I/godot   (20438): [BAKE] Disk cache HIT: loaded 80070612
09-23 20:16:40.816 I/godot   (20438): [BAKE] Disk cache HIT: loaded d27cb0c3
09-23 20:16:40.819 I/godot   (20438): [BAKE] Disk cache HIT: loaded 9a270994
09-23 20:16:40.821 I/godot   (20438): [BAKE] Disk cache HIT: loaded 408a168c
09-23 20:16:40.824 I/godot   (20438): [BAKE] Disk cache HIT: loaded 5fe45f9d
09-23 20:16:40.827 I/godot   (20438): [BAKE] Disk cache HIT: loaded b9c3eaea
09-23 20:16:40.830 I/godot   (20438): [BAKE] Disk cache HIT: loaded fb0049ea
09-23 20:16:40.833 I/godot   (20438): [BAKE] Disk cache HIT: loaded cd270c3b
09-23 20:16:40.836 I/godot   (20438): [BAKE] Disk cache HIT: loaded 81c6758c
09-23 20:16:40.839 I/godot   (20438): [BAKE] Disk cache HIT: loaded 725b1a95
09-23 20:16:40.842 I/godot   (20438): [BAKE] Disk cache HIT: loaded f41ad2a4
09-23 20:16:40.845 I/godot   (20438): [BAKE] Disk cache HIT: loaded 9fca1f53
09-23 20:16:40.848 I/godot   (20438): [BAKE] Disk cache HIT: loaded 3ce87820
09-23 20:16:40.851 I/godot   (20438): [BAKE] Disk cache HIT: loaded aa5edb21
09-23 20:16:40.855 I/godot   (20438): [BAKE] Disk cache HIT: loaded dd6945fe
09-23 20:16:40.858 I/godot   (20438): [BAKE] Disk cache HIT: loaded 375c7783
09-23 20:16:40.860 I/godot   (20438): [BAKE] Disk cache HIT: loaded e4e6ccd2
09-23 20:16:40.863 I/godot   (20438): [BAKE] Disk cache HIT: loaded 89eca945
09-23 20:16:40.866 I/godot   (20438): [BAKE] Disk cache HIT: loaded 6f1c8b0d
09-23 20:16:40.869 I/godot   (20438): [BAKE] Disk cache HIT: loaded cf23a7bc
09-23 20:16:40.873 I/godot   (20438): [BAKE] Disk cache HIT: loaded c269d22b
09-23 20:16:40.876 I/godot   (20438): [BAKE] Disk cache HIT: loaded a2f6a7a8
09-23 20:16:40.879 I/godot   (20438): [BAKE] Disk cache HIT: loaded f03fc2a9
09-23 20:16:40.882 I/godot   (20438): [BAKE] Disk cache HIT: loaded 50402106
09-23 20:16:40.885 I/godot   (20438): [BAKE] Disk cache HIT: loaded 170da79e
09-23 20:16:40.890 I/godot   (20438): [BAKE] Disk cache HIT: loaded 69d3042f
09-23 20:16:40.895 I/godot   (20438): [BAKE] Disk cache HIT: loaded 112d78c0
09-23 20:16:40.900 I/godot   (20438): [BAKE] Disk cache HIT: loaded 0bea3be0
09-23 20:16:40.904 I/godot   (20438): [BAKE] Disk cache HIT: loaded 79609ee1
09-23 20:16:40.908 I/godot   (20438): [BAKE] Disk cache HIT: loaded d8e435be
09-23 20:16:40.913 I/godot   (20438): [BAKE] Disk cache HIT: loaded c2f0fe17
09-23 20:16:40.916 I/godot   (20438): [BAKE] Disk cache HIT: loaded d0ca0966
09-23 20:16:40.919 I/godot   (20438): [BAKE] Disk cache HIT: loaded c48b6389
09-23 20:16:40.922 I/godot   (20438): [BAKE] Disk cache HIT: loaded f42ffe0a
09-23 20:16:40.925 I/godot   (20438): [BAKE] Disk cache HIT: loaded c656c05b
09-23 20:16:40.928 I/godot   (20438): [BAKE] Disk cache HIT: loaded faf6f32c
09-23 20:16:40.931 I/godot   (20438): [BAKE] Disk cache HIT: loaded 8e459ee2
09-23 20:16:40.934 I/godot   (20438): [BAKE] Disk cache HIT: loaded e0bb4993
09-23 20:16:40.937 I/godot   (20438): [BAKE] Disk cache HIT: loaded 350bfce4
09-23 20:16:40.941 I/godot   (20438): [BAKE] Disk cache HIT: loaded 22b77a14
09-23 20:16:40.944 I/godot   (20438): [BAKE] Disk cache HIT: loaded ad9d5305
09-23 20:16:40.947 I/godot   (20438): [BAKE] Disk cache HIT: loaded 08977692
09-23 20:16:40.950 I/godot   (20438): [BAKE] Disk cache HIT: loaded 2b3ac651
09-23 20:16:40.953 I/godot   (20438): [BAKE] Disk cache HIT: loaded 4b0a2190
09-23 20:16:40.957 I/godot   (20438): [BAKE] Disk cache HIT: loaded 1669eebf
09-23 20:16:40.960 I/godot   (20438): [BAKE] Disk cache HIT: loaded ddd178df
09-23 20:16:40.963 I/godot   (20438): [BAKE] Disk cache HIT: loaded 8bab800e
09-23 20:16:40.966 I/godot   (20438): [BAKE] Disk cache HIT: loaded 0086a8f1
09-23 20:16:40.969 I/godot   (20438): [BAKE] Disk cache HIT: loaded 078ff8c9
09-23 20:16:40.972 I/godot   (20438): [BAKE] Disk cache HIT: loaded 3b8348c8
09-23 20:16:40.976 I/godot   (20438): [BAKE] Disk cache HIT: loaded 05f59357
09-23 20:16:40.979 I/godot   (20438): [BAKE] Disk cache HIT: loaded fa29a4f6
09-23 20:16:40.981 I/godot   (20438): [BAKE] Disk cache HIT: loaded 45a6a767
09-23 20:16:40.984 I/godot   (20438): [BAKE] Disk cache HIT: loaded 79f72858
09-23 20:16:40.988 I/godot   (20438): [BAKE] Disk cache HIT: loaded c43fb14b
09-23 20:16:40.991 I/godot   (20438): [BAKE] Disk cache HIT: loaded 72b7893a
09-23 20:16:40.995 I/godot   (20438): [BAKE] Disk cache HIT: loaded 8b93d2ad
09-23 20:16:40.998 I/godot   (20438): [BAKE] Disk cache HIT: loaded 3c0fdd7d
09-23 20:16:41.001 I/godot   (20438): [BAKE] Disk cache HIT: loaded 50a3b1ec
09-23 20:16:41.004 I/godot   (20438): [BAKE] Disk cache HIT: loaded efc46e1b
09-23 20:16:41.007 I/godot   (20438): [BAKE] Disk cache HIT: loaded 5d243053
09-23 20:16:41.010 I/godot   (20438): [BAKE] Disk cache HIT: loaded 0aae85a2
09-23 20:16:41.013 I/godot   (20438): [BAKE] Disk cache HIT: loaded 2fb52b95
09-23 20:16:41.016 I/godot   (20438): [BAKE] Disk cache HIT: loaded dcc1c5e6
09-23 20:16:41.019 I/godot   (20438): [BAKE] Disk cache HIT: loaded cee8ba97
09-23 20:16:41.022 I/godot   (20438): [BAKE] Disk cache HIT: loaded 04767008
09-23 20:16:41.026 I/godot   (20438): [BAKE] Disk cache HIT: loaded e8344460
09-23 20:16:41.029 I/godot   (20438): [BAKE] Disk cache HIT: loaded 55aaa761
09-23 20:16:41.032 I/godot   (20438): [BAKE] Disk cache HIT: loaded b52e3e3e
09-23 20:16:41.035 I/godot   (20438): [BAKE] Disk cache HIT: loaded 3ac39f1e
09-23 20:16:41.038 I/godot   (20438): [BAKE] Disk cache HIT: loaded 8d88fbaf
09-23 20:16:41.041 I/godot   (20438): [BAKE] Disk cache HIT: loaded 34e37040
09-23 20:16:41.044 I/godot   (20438): [BAKE] Disk cache HIT: loaded ae9fd721
09-23 20:16:41.047 I/godot   (20438): [BAKE] Disk cache HIT: loaded 41297420
09-23 20:16:41.050 I/godot   (20438): [BAKE] Disk cache HIT: loaded 8beaa70f
09-23 20:16:41.053 I/godot   (20438): [BAKE] Disk cache HIT: loaded 991789cc
09-23 20:16:41.057 I/godot   (20438): [BAKE] Disk cache HIT: loaded b871d2dd
09-23 20:16:41.060 I/godot   (20438): [BAKE] Disk cache HIT: loaded b999212a
09-23 20:16:41.064 I/godot   (20438): [BAKE] Disk cache HIT: loaded 5e0bedbc
09-23 20:16:41.067 I/godot   (20438): [BAKE] Disk cache HIT: loaded fe04d10d
09-23 20:16:41.070 I/godot   (20438): [BAKE] Disk cache HIT: loaded 7e8d851a
09-23 20:16:41.074 I/godot   (20438): [BAKE] Disk cache HIT: loaded f0cbacc5
09-23 20:16:41.078 I/godot   (20438): [BAKE] Disk cache HIT: loaded 65e5d3d4
09-23 20:16:41.081 I/godot   (20438): [BAKE] Disk cache HIT: loaded 9e3b7b03
09-23 20:16:41.085 I/godot   (20438): [BAKE] Disk cache HIT: loaded fe7ed17f
09-23 20:16:41.088 I/godot   (20438): [BAKE] Disk cache HIT: loaded 0018fe2e
09-23 20:16:41.092 I/godot   (20438): [BAKE] Disk cache HIT: loaded 6c07e611
09-23 20:16:41.096 I/godot   (20438): [BAKE] Disk cache HIT: loaded f8617f42
09-23 20:16:41.099 I/godot   (20438): [BAKE] Disk cache HIT: loaded a2523273
09-23 20:16:41.102 I/godot   (20438): [BAKE] Disk cache HIT: loaded 241f2b44
09-23 20:16:41.106 I/godot   (20438): [BAKE] Disk cache HIT: loaded 43e30398
09-23 20:16:41.109 I/godot   (20438): [BAKE] Disk cache HIT: loaded 908e4dd9
09-23 20:16:41.111 I/godot   (20438): [BAKE] Disk cache HIT: loaded 1ccdbd36
09-23 20:16:41.115 I/godot   (20438): [BAKE] Disk cache HIT: loaded 9bc17792
09-23 20:16:41.118 I/godot   (20438): [BAKE] Disk cache HIT: loaded ee372243
09-23 20:16:41.121 I/godot   (20438): [BAKE] Disk cache HIT: loaded b5e17b14
09-23 20:16:41.124 I/godot   (20438): [BAKE] Disk cache HIT: loaded 8af654d1
09-23 20:16:41.127 I/godot   (20438): [BAKE] Disk cache HIT: loaded aac5b010
09-23 20:16:41.130 I/godot   (20438): [BAKE] Disk cache HIT: loaded 76257d3f
09-23 20:16:41.133 I/godot   (20438): [BAKE] Disk cache HIT: loaded 97f724ec
09-23 20:16:41.136 I/godot   (20438): [BAKE] Disk cache HIT: loaded 8363507d
09-23 20:16:41.140 I/godot   (20438): [BAKE] Disk cache HIT: loaded 64f11eca
09-23 20:16:41.142 I/godot   (20438): [BAKE] Disk cache HIT: loaded 02300d3e
09-23 20:16:41.145 I/godot   (20438): [BAKE] Disk cache HIT: loaded 53b8354f
09-23 20:16:41.149 I/godot   (20438): [BAKE] Disk cache HIT: loaded 35361360
09-23 20:16:41.151 I/godot   (20438): [BAKE] Disk cache HIT: loaded cc7a3463
09-23 20:16:41.154 I/godot   (20438): [BAKE] Disk cache HIT: loaded cf01e3b2
09-23 20:16:41.157 I/godot   (20438): [BAKE] Disk cache HIT: loaded 20479aa5
09-23 20:16:41.159 I/godot   (20438): [BAKE] Disk cache HIT: loaded a4e028c1
09-23 20:16:41.162 I/godot   (20438): [BAKE] Disk cache HIT: loaded deb188c0
09-23 20:16:41.164 I/godot   (20438): [BAKE] Disk cache HIT: loaded 3757142f
09-23 20:16:41.167 I/godot   (20438): [BAKE] Disk cache HIT: loaded 37935b73
09-23 20:16:41.170 I/godot   (20438): [BAKE] Disk cache HIT: loaded 8da2a842
09-23 20:16:41.172 I/godot   (20438): [BAKE] Disk cache HIT: loaded 8b60c1b5
09-23 20:16:41.175 I/godot   (20438): [BAKE] Disk cache HIT: loaded 02b23628
09-23 20:16:41.178 I/godot   (20438): [BAKE] Disk cache HIT: loaded 4ffb5129
09-23 20:16:41.180 I/godot   (20438): [BAKE] Disk cache HIT: loaded affbaf86
09-23 20:16:41.182 I/godot   (20438): [BAKE] Disk cache HIT: loaded b9cd8a6b
09-23 20:16:41.185 I/godot   (20438): [BAKE] Disk cache HIT: loaded e708f75a
09-23 20:16:41.187 I/godot   (20438): [BAKE] Disk cache HIT: loaded 0dc8064d
09-23 20:16:41.190 I/godot   (20438): [BAKE] Disk cache HIT: loaded cefc66e9
09-23 20:16:41.192 I/godot   (20438): [BAKE] Disk cache HIT: loaded 28fb0ee8
09-23 20:16:41.195 I/godot   (20438): [BAKE] Disk cache HIT: loaded 74a9c477
09-23 20:16:41.198 I/godot   (20438): [BAKE] Disk cache HIT: loaded 4a4da5e4
09-23 20:16:41.200 I/godot   (20438): [BAKE] Disk cache HIT: loaded 21462ad5
09-23 20:16:41.202 I/godot   (20438): [BAKE] Disk cache HIT: loaded a38747e2
09-23 20:16:41.205 I/godot   (20438): [BAKE] Disk cache HIT: loaded 72002296
09-23 20:16:41.207 I/godot   (20438): [BAKE] Disk cache HIT: loaded e3887d07
09-23 20:16:41.210 I/godot   (20438): [BAKE] Disk cache HIT: loaded 9e0d8078
09-23 20:16:41.212 I/godot   (20438): [BAKE] Disk cache HIT: loaded b7494534
09-23 20:16:41.215 I/godot   (20438): [BAKE] Disk cache HIT: loaded b588c3a5
09-23 20:16:41.217 I/godot   (20438): [BAKE] Disk cache HIT: loaded 64430cb2
09-23 20:16:41.220 I/godot   (20438): [BAKE] Disk cache HIT: loaded cae2dc07
09-23 20:16:41.223 I/godot   (20438): [BAKE] Disk cache HIT: loaded 595a8196
09-23 20:16:41.225 I/godot   (20438): [BAKE] Disk cache HIT: loaded b279a9b9
09-23 20:16:41.227 I/godot   (20438): [BAKE] Disk cache HIT: loaded de015d02
09-23 20:16:41.230 I/godot   (20438): [BAKE] Disk cache HIT: loaded 2f39d333
09-23 20:16:41.232 I/godot   (20438): [BAKE] Disk cache HIT: loaded 84c7bb04
09-23 20:16:41.235 I/godot   (20438): [BAKE] Disk cache HIT: loaded 9925edef
09-23 20:16:41.237 I/godot   (20438): [BAKE] Disk cache HIT: loaded 4660915e
09-23 20:16:41.239 I/godot   (20438): [BAKE] Disk cache HIT: loaded adf6c581
09-23 20:16:41.242 I/godot   (20438): [BAKE] Disk cache HIT: loaded db105109
09-23 20:16:41.244 I/godot   (20438): [BAKE] Disk cache HIT: loaded 0f03a108
09-23 20:16:41.247 I/godot   (20438): [BAKE] Disk cache HIT: loaded d975eb97
09-23 20:16:41.249 I/godot   (20438): [BAKE] Disk cache HIT: loaded 78a85bfc
09-23 20:16:41.252 I/godot   (20438): [BAKE] Disk cache HIT: loaded 18a13f4d
09-23 20:16:41.254 I/godot   (20438): [BAKE] Disk cache HIT: loaded f1e2305a
09-23 20:16:41.257 I/godot   (20438): [BAKE] Disk cache HIT: loaded 4d0a65c2
09-23 20:16:41.260 I/godot   (20438): [BAKE] Disk cache HIT: loaded f6fb18f3
09-23 20:16:41.262 I/godot   (20438): [BAKE] Disk cache HIT: loaded 78c811c4
09-23 20:16:41.265 I/godot   (20438): [BAKE] Disk cache HIT: loaded a78c2364
09-23 20:16:41.267 I/godot   (20438): [BAKE] Disk cache HIT: loaded 7e84a855
09-23 20:16:41.270 I/godot   (20438): [BAKE] Disk cache HIT: loaded 00c5c562
09-23 20:16:41.272 I/godot   (20438): [BAKE] Disk cache HIT: loaded 2db3fd43
09-23 20:16:41.275 I/godot   (20438): [BAKE] Disk cache HIT: loaded db3e5292
09-23 20:16:41.277 I/godot   (20438): [BAKE] Disk cache HIT: loaded 80442f05
09-23 20:16:41.279 I/godot   (20438): [BAKE] Disk cache HIT: loaded 94daf0a6
09-23 20:16:41.282 I/godot   (20438): [BAKE] Disk cache HIT: loaded dfba2257
09-23 20:16:41.284 I/godot   (20438): [BAKE] Disk cache HIT: loaded 1547d7c8
09-23 20:16:41.286 I/godot   (20438): [BAKE] Disk cache HIT: loaded 441eecae
09-23 20:16:41.289 I/godot   (20438): [BAKE] Disk cache HIT: loaded 4284bfff
09-23 20:16:41.291 I/godot   (20438): [BAKE] Disk cache HIT: loaded cfdd2fd0
09-23 20:16:41.294 I/godot   (20438): [BAKE] Disk cache HIT: loaded 3822d120
09-23 20:16:41.296 I/godot   (20438): [BAKE] Disk cache HIT: loaded a5993421
09-23 20:16:41.299 I/godot   (20438): [BAKE] Disk cache HIT: loaded d8a39efe
09-23 20:16:41.301 I/godot   (20438): [BAKE] Disk cache HIT: loaded 7dbcbe55
09-23 20:16:41.303 I/godot   (20438): [BAKE] Disk cache HIT: loaded a6c43964
09-23 20:16:41.306 I/godot   (20438): [BAKE] Disk cache HIT: loaded 52738613
09-23 20:16:41.308 I/godot   (20438): [BAKE] Disk cache HIT: loaded 21231ae3
09-23 20:16:41.311 I/godot   (20438): [BAKE] Disk cache HIT: loaded 23aaca32
09-23 20:16:41.313 I/godot   (20438): [BAKE] Disk cache HIT: loaded 74f08125
09-23 20:16:41.316 I/godot   (20438): [BAKE] Disk cache HIT: loaded 3b0bc8dd
09-23 20:16:41.319 I/godot   (20438): [BAKE] Disk cache HIT: loaded 1bb17fcc
09-23 20:16:41.321 I/godot   (20438): [BAKE] Disk cache HIT: loaded 0e59d97b
09-23 20:16:41.324 I/godot   (20438): [BAKE] Disk cache HIT: loaded dd5561a2
09-23 20:16:41.326 I/godot   (20438): [BAKE] Disk cache HIT: loaded 2fcb0c53
09-23 20:16:41.329 I/godot   (20438): [BAKE] Disk cache HIT: loaded 841bbfa4
09-23 20:16:41.331 I/godot   (20438): [BAKE] Disk cache HIT: loaded 269bba47
09-23 20:16:41.334 I/godot   (20438): [BAKE] Disk cache HIT: loaded b5135fd6
09-23 20:16:41.337 I/godot   (20438): [BAKE] Disk cache HIT: loaded b57a4af9
09-23 20:16:41.339 I/godot   (20438): [BAKE] Disk cache HIT: loaded e5a9a719
09-23 20:16:41.342 I/godot   (20438): [BAKE] Disk cache HIT: loaded 98fe5cd8
09-23 20:16:41.344 I/godot   (20438): [BAKE] Disk cache HIT: loaded 64addbe7
09-23 20:16:41.347 I/godot   (20438): [BAKE] Disk cache HIT: loaded 0146d99f
09-23 20:16:41.350 I/godot   (20438): [BAKE] Disk cache HIT: loaded af20e0ce
09-23 20:16:41.352 I/godot   (20438): [BAKE] Disk cache HIT: loaded 23fc09b1
09-23 20:16:41.355 I/godot   (20438): [BAKE] Disk cache HIT: loaded 7fa109ba
09-23 20:16:41.358 I/godot   (20438): [BAKE] Disk cache HIT: loaded d12931cb
09-23 20:16:41.361 I/godot   (20438): [BAKE] Disk cache HIT: loaded 8667fedc
09-23 20:16:41.363 I/godot   (20438): [BAKE] Disk cache HIT: loaded 9ef68c64
09-23 20:16:41.366 I/godot   (20438): [BAKE] Disk cache HIT: loaded 75ef1155
09-23 20:16:41.368 I/godot   (20438): [BAKE] Disk cache HIT: loaded f8302e62
09-23 20:16:41.371 I/godot   (20438): [BAKE] Disk cache HIT: loaded 559ffcc2
09-23 20:16:41.373 I/godot   (20438): [BAKE] Disk cache HIT: loaded ff90aff3
09-23 20:16:41.376 I/godot   (20438): [BAKE] Disk cache HIT: loaded 815da8c4
09-23 20:16:41.379 I/godot   (20438): [BAKE] Disk cache HIT: loaded dd0a683d
09-23 20:16:41.381 I/godot   (20438): [BAKE] Disk cache HIT: loaded 4a5679ac
09-23 20:16:41.384 I/godot   (20438): [BAKE] Disk cache HIT: loaded 15b646db
09-23 20:16:41.387 I/godot   (20438): [BAKE] Disk cache HIT: loaded d973c668
09-23 20:16:41.389 I/godot   (20438): [BAKE] Disk cache HIT: loaded 7f751e69
09-23 20:16:41.391 I/godot   (20438): [BAKE] Disk cache HIT: loaded b2fc50c6
09-23 20:16:41.394 I/godot   (20438): [BAKE] Disk cache HIT: loaded 01598f48
09-23 20:16:41.396 I/godot   (20438): [BAKE] Disk cache HIT: loaded cd663f49
09-23 20:16:41.399 I/godot   (20438): [BAKE] Disk cache HIT: loaded 80eca826
09-23 20:16:41.401 I/godot   (20438): [BAKE] Disk cache MISS: file not found /data/data/com.example.infiltraitor/files/damage_atom_cache/dc910c0e.bin
09-23 20:16:41.403 I/godot   (20438): [BAKE] Disk cache MISS: file not found /data/data/com.example.infiltraitor/files/damage_atom_cache/2eb704df.bin
09-23 20:16:41.405 I/godot   (20438): [BAKE] Disk cache MISS: file not found /data/data/com.example.infiltraitor/files/damage_atom_cache/635737b0.bin
09-23 20:16:41.407 I/godot   (20438): [BAKE] Disk cache MISS: file not found /data/data/com.example.infiltraitor/files/damage_atom_cache/96667239.bin
09-23 20:16:41.409 I/godot   (20438): [BAKE] Disk cache MISS: file not found /data/data/com.example.infiltraitor/files/damage_atom_cache/6954a7f8.bin
09-23 20:16:41.411 I/godot   (20438): [BAKE] Disk cache MISS: file not found /data/data/com.example.infiltraitor/files/damage_atom_cache/aecfa487.bin
09-23 20:16:41.412 I/godot   (20438): [BAKE] Disk cache MISS: file not found /data/data/com.example.infiltraitor/files/damage_atom_cache/b6e72c0c.bin
09-23 20:16:41.414 I/godot   (20438): [BAKE] Disk cache MISS: file not found /data/data/com.example.infiltraitor/files/damage_atom_cache/d641751d.bin
09-23 20:16:41.417 I/godot   (20438): [BAKE] Disk cache MISS: file not found /data/data/com.example.infiltraitor/files/damage_atom_cache/3021006a.bin
09-23 20:16:41.419 I/godot   (20438): [BAKE] Disk cache MISS: file not found /data/data/com.example.infiltraitor/files/damage_atom_cache/3c0a4a83.bin
09-23 20:16:41.421 I/godot   (20438): [BAKE] Disk cache MISS: file not found /data/data/com.example.infiltraitor/files/damage_atom_cache/e9949fd2.bin
09-23 20:16:41.422 I/godot   (20438): [BAKE] Disk cache MISS: file not found /data/data/com.example.infiltraitor/files/damage_atom_cache/8e9a7c45.bin
09-23 20:16:41.424 I/godot   (20438): [BAKE] Disk cache MISS: file not found /data/data/com.example.infiltraitor/files/damage_atom_cache/96667239.bin
09-23 20:16:41.426 I/godot   (20438): [BAKE] Disk cache MISS: file not found /data/data/com.example.infiltraitor/files/damage_atom_cache/6954a7f8.bin
09-23 20:16:41.428 I/godot   (20438): [BAKE] Disk cache MISS: file not found /data/data/com.example.infiltraitor/files/damage_atom_cache/aecfa487.bin
09-23 20:16:41.430 I/godot   (20438): [BAKE] Disk cache MISS: file not found /data/data/com.example.infiltraitor/files/damage_atom_cache/b6e72c0c.bin
09-23 20:16:41.431 I/godot   (20438): [BAKE] Disk cache MISS: file not found /data/data/com.example.infiltraitor/files/damage_atom_cache/d641751d.bin
09-23 20:16:41.433 I/godot   (20438): [BAKE] Disk cache MISS: file not found /data/data/com.example.infiltraitor/files/damage_atom_cache/3021006a.bin
09-23 20:16:41.435 I/godot   (20438): [BAKE] Disk cache MISS: file not found /data/data/com.example.infiltraitor/files/damage_atom_cache/dc910c0e.bin
09-23 20:16:41.437 I/godot   (20438): [BAKE] Disk cache MISS: file not found /data/data/com.example.infiltraitor/files/damage_atom_cache/2eb704df.bin
09-23 20:16:41.438 I/godot   (20438): [BAKE] Disk cache MISS: file not found /data/data/com.example.infiltraitor/files/damage_atom_cache/635737b0.bin
09-23 20:16:41.440 I/godot   (20438): [BAKE] Disk cache MISS: file not found /data/data/com.example.infiltraitor/files/damage_atom_cache/96667239.bin
09-23 20:16:41.442 I/godot   (20438): [BAKE] Disk cache MISS: file not found /data/data/com.example.infiltraitor/files/damage_atom_cache/6954a7f8.bin
09-23 20:16:41.443 I/godot   (20438): [BAKE] Disk cache MISS: file not found /data/data/com.example.infiltraitor/files/damage_atom_cache/aecfa487.bin
09-23 20:16:41.445 I/godot   (20438): [BAKE] Disk cache MISS: file not found /data/data/com.example.infiltraitor/files/damage_atom_cache/b6e72c0c.bin
09-23 20:16:41.447 I/godot   (20438): [BAKE] Disk cache MISS: file not found /data/data/com.example.infiltraitor/files/damage_atom_cache/d641751d.bin
09-23 20:16:41.448 I/godot   (20438): [BAKE] Disk cache MISS: file not found /data/data/com.example.infiltraitor/files/damage_atom_cache/3021006a.bin
09-23 20:16:41.450 I/godot   (20438): [BAKE] Disk cache MISS: file not found /data/data/com.example.infiltraitor/files/damage_atom_cache/3c0a4a83.bin
09-23 20:16:41.451 I/godot   (20438): [BAKE] Disk cache MISS: file not found /data/data/com.example.infiltraitor/files/damage_atom_cache/e9949fd2.bin
09-23 20:16:41.453 I/godot   (20438): [BAKE] Disk cache MISS: file not found /data/data/com.example.infiltraitor/files/damage_atom_cache/8e9a7c45.bin
09-23 20:16:41.455 I/godot   (20438): [BAKE] Disk cache MISS: file not found /data/data/com.example.infiltraitor/files/damage_atom_cache/96667239.bin
09-23 20:16:41.457 I/godot   (20438): [BAKE] Disk cache MISS: file not found /data/data/com.example.infiltraitor/files/damage_atom_cache/6954a7f8.bin
09-23 20:16:41.458 I/godot   (20438): [BAKE] Disk cache MISS: file not found /data/data/com.example.infiltraitor/files/damage_atom_cache/aecfa487.bin
09-23 20:16:41.460 I/godot   (20438): [BAKE] Disk cache MISS: file not found /data/data/com.example.infiltraitor/files/damage_atom_cache/b6e72c0c.bin
09-23 20:16:41.462 I/godot   (20438): [BAKE] Disk cache MISS: file not found /data/data/com.example.infiltraitor/files/damage_atom_cache/d641751d.bin
09-23 20:16:41.464 I/godot   (20438): [BAKE] Disk cache MISS: file not found /data/data/com.example.infiltraitor/files/damage_atom_cache/3021006a.bin
09-23 20:16:41.466 I/godot   (20438): [BAKE] Disk cache MISS: file not found /data/data/com.example.infiltraitor/files/damage_atom_cache/dc910c0e.bin
09-23 20:16:41.468 I/godot   (20438): [BAKE] Disk cache MISS: file not found /data/data/com.example.infiltraitor/files/damage_atom_cache/2eb704df.bin
09-23 20:16:41.469 I/godot   (20438): [BAKE] Disk cache MISS: file not found /data/data/com.example.infiltraitor/files/damage_atom_cache/635737b0.bin
09-23 20:16:41.471 I/godot   (20438): [BAKE] Disk cache MISS: file not found /data/data/com.example.infiltraitor/files/damage_atom_cache/96667239.bin
09-23 20:16:41.473 I/godot   (20438): [BAKE] Disk cache MISS: file not found /data/data/com.example.infiltraitor/files/damage_atom_cache/6954a7f8.bin
09-23 20:16:41.475 I/godot   (20438): [BAKE] Disk cache MISS: file not found /data/data/com.example.infiltraitor/files/damage_atom_cache/aecfa487.bin
09-23 20:16:41.477 I/godot   (20438): [BAKE] Disk cache MISS: file not found /data/data/com.example.infiltraitor/files/damage_atom_cache/b6e72c0c.bin
09-23 20:16:41.479 I/godot   (20438): [BAKE] Disk cache MISS: file not found /data/data/com.example.infiltraitor/files/damage_atom_cache/d641751d.bin
09-23 20:16:41.481 I/godot   (20438): [BAKE] Disk cache MISS: file not found /data/data/com.example.infiltraitor/files/damage_atom_cache/3021006a.bin
09-23 20:16:41.482 I/godot   (20438): [BAKE] Disk cache MISS: file not found /data/data/com.example.infiltraitor/files/damage_atom_cache/3c0a4a83.bin
09-23 20:16:41.484 I/godot   (20438): [BAKE] Disk cache MISS: file not found /data/data/com.example.infiltraitor/files/damage_atom_cache/e9949fd2.bin
09-23 20:16:41.486 I/godot   (20438): [BAKE] Disk cache MISS: file not found /data/data/com.example.infiltraitor/files/damage_atom_cache/8e9a7c45.bin
09-23 20:16:41.487 I/godot   (20438): [BAKE] Disk cache MISS: file not found /data/data/com.example.infiltraitor/files/damage_atom_cache/96667239.bin
09-23 20:16:41.489 I/godot   (20438): [BAKE] Disk cache MISS: file not found /data/data/com.example.infiltraitor/files/damage_atom_cache/6954a7f8.bin
09-23 20:16:41.491 I/godot   (20438): [BAKE] Disk cache MISS: file not found /data/data/com.example.infiltraitor/files/damage_atom_cache/aecfa487.bin
09-23 20:16:41.492 I/godot   (20438): [BAKE] Disk cache MISS: file not found /data/data/com.example.infiltraitor/files/damage_atom_cache/b6e72c0c.bin
09-23 20:16:41.494 I/godot   (20438): [BAKE] Disk cache MISS: file not found /data/data/com.example.infiltraitor/files/damage_atom_cache/d641751d.bin
09-23 20:16:41.496 I/godot   (20438): [BAKE] Disk cache MISS: file not found /data/data/com.example.infiltraitor/files/damage_atom_cache/3021006a.bin
09-23 20:16:41.498 I/godot   (20438): [BAKE] Disk cache MISS: file not found /data/data/com.example.infiltraitor/files/damage_atom_cache/fa046aa8.bin
09-23 20:16:41.500 I/godot   (20438): [BAKE] Disk cache MISS: file not found /data/data/com.example.infiltraitor/files/damage_atom_cache/474d85a9.bin
09-23 20:16:41.502 I/godot   (20438): [BAKE] Disk cache MISS: file not found /data/data/com.example.infiltraitor/files/damage_atom_cache/a74de406.bin
09-23 20:16:41.503 I/godot   (20438): [BAKE] Disk cache MISS: file not found /data/data/com.example.infiltraitor/files/damage_atom_cache/112c1c4b.bin
09-23 20:16:41.505 I/godot   (20438): [BAKE] Disk cache MISS: file not found /data/data/com.example.infiltraitor/files/damage_atom_cache/bfa3f43a.bin
09-23 20:16:41.507 I/godot   (20438): [BAKE] Disk cache MISS: file not found /data/data/com.example.infiltraitor/files/damage_atom_cache/d8803dad.bin
09-23 20:16:41.509 I/godot   (20438): [BAKE] Disk cache MISS: file not found /data/data/com.example.infiltraitor/files/damage_atom_cache/bd68f70e.bin
09-23 20:16:41.511 I/godot   (20438): [BAKE] Disk cache MISS: file not found /data/data/com.example.infiltraitor/files/damage_atom_cache/0f8eefdf.bin
09-23 20:16:41.513 I/godot   (20438): [BAKE] Disk cache MISS: file not found /data/data/com.example.infiltraitor/files/damage_atom_cache/442f22b0.bin
09-23 20:16:41.515 I/godot   (20438): [BAKE] Disk cache MISS: file not found /data/data/com.example.infiltraitor/files/damage_atom_cache/6b0acc9d.bin
09-23 20:16:41.517 I/godot   (20438): [BAKE] Disk cache MISS: file not found /data/data/com.example.infiltraitor/files/damage_atom_cache/4bb0838c.bin
09-23 20:16:41.519 I/godot   (20438): [BAKE] Disk cache MISS: file not found /data/data/com.example.infiltraitor/files/damage_atom_cache/97111a3b.bin
09-23 20:16:41.520 I/godot   (20438): [BAKE] Disk cache MISS: file not found /data/data/com.example.infiltraitor/files/damage_atom_cache/112c1c4b.bin
09-23 20:16:41.522 I/godot   (20438): [BAKE] Disk cache MISS: file not found /data/data/com.example.infiltraitor/files/damage_atom_cache/bfa3f43a.bin
09-23 20:16:41.523 I/godot   (20438): [BAKE] Disk cache MISS: file not found /data/data/com.example.infiltraitor/files/damage_atom_cache/d8803dad.bin
09-23 20:16:41.525 I/godot   (20438): [BAKE] Disk cache MISS: file not found /data/data/com.example.infiltraitor/files/damage_atom_cache/bd68f70e.bin
09-23 20:16:41.527 I/godot   (20438): [BAKE] Disk cache MISS: file not found /data/data/com.example.infiltraitor/files/damage_atom_cache/0f8eefdf.bin
09-23 20:16:41.528 I/godot   (20438): [BAKE] Disk cache MISS: file not found /data/data/com.example.infiltraitor/files/damage_atom_cache/442f22b0.bin
09-23 20:16:41.530 I/godot   (20438): [BAKE] Disk cache MISS: file not found /data/data/com.example.infiltraitor/files/damage_atom_cache/fa046aa8.bin
09-23 20:16:41.532 I/godot   (20438): [BAKE] Disk cache MISS: file not found /data/data/com.example.infiltraitor/files/damage_atom_cache/474d85a9.bin
09-23 20:16:41.533 I/godot   (20438): [BAKE] Disk cache MISS: file not found /data/data/com.example.infiltraitor/files/damage_atom_cache/a74de406.bin
09-23 20:16:41.535 I/godot   (20438): [BAKE] Disk cache MISS: file not found /data/data/com.example.infiltraitor/files/damage_atom_cache/112c1c4b.bin
09-23 20:16:41.537 I/godot   (20438): [BAKE] Disk cache MISS: file not found /data/data/com.example.infiltraitor/files/damage_atom_cache/bfa3f43a.bin
09-23 20:16:41.539 I/godot   (20438): [BAKE] Disk cache MISS: file not found /data/data/com.example.infiltraitor/files/damage_atom_cache/d8803dad.bin
09-23 20:16:41.540 I/godot   (20438): [BAKE] Disk cache MISS: file not found /data/data/com.example.infiltraitor/files/damage_atom_cache/bd68f70e.bin
09-23 20:16:41.542 I/godot   (20438): [BAKE] Disk cache MISS: file not found /data/data/com.example.infiltraitor/files/damage_atom_cache/0f8eefdf.bin
09-23 20:16:41.544 I/godot   (20438): [BAKE] Disk cache MISS: file not found /data/data/com.example.infiltraitor/files/damage_atom_cache/442f22b0.bin
09-23 20:16:41.545 I/godot   (20438): [BAKE] Disk cache MISS: file not found /data/data/com.example.infiltraitor/files/damage_atom_cache/6b0acc9d.bin
09-23 20:16:41.547 I/godot   (20438): [BAKE] Disk cache MISS: file not found /data/data/com.example.infiltraitor/files/damage_atom_cache/4bb0838c.bin
09-23 20:16:41.549 I/godot   (20438): [BAKE] Disk cache MISS: file not found /data/data/com.example.infiltraitor/files/damage_atom_cache/97111a3b.bin
09-23 20:16:41.550 I/godot   (20438): [BAKE] Disk cache MISS: file not found /data/data/com.example.infiltraitor/files/damage_atom_cache/112c1c4b.bin
09-23 20:16:41.552 I/godot   (20438): [BAKE] Disk cache MISS: file not found /data/data/com.example.infiltraitor/files/damage_atom_cache/bfa3f43a.bin
09-23 20:16:41.554 I/godot   (20438): [BAKE] Disk cache MISS: file not found /data/data/com.example.infiltraitor/files/damage_atom_cache/d8803dad.bin
09-23 20:16:41.556 I/godot   (20438): [BAKE] Disk cache MISS: file not found /data/data/com.example.infiltraitor/files/damage_atom_cache/bd68f70e.bin
09-23 20:16:41.558 I/godot   (20438): [BAKE] Disk cache MISS: file not found /data/data/com.example.infiltraitor/files/damage_atom_cache/0f8eefdf.bin
09-23 20:16:41.559 I/godot   (20438): [BAKE] Disk cache MISS: file not found /data/data/com.example.infiltraitor/files/damage_atom_cache/442f22b0.bin
09-23 20:16:41.561 I/godot   (20438): [BAKE] Disk cache MISS: file not found /data/data/com.example.infiltraitor/files/damage_atom_cache/fa046aa8.bin
09-23 20:16:41.563 I/godot   (20438): [BAKE] Disk cache MISS: file not found /data/data/com.example.infiltraitor/files/damage_atom_cache/474d85a9.bin
09-23 20:16:41.565 I/godot   (20438): [BAKE] Disk cache MISS: file not found /data/data/com.example.infiltraitor/files/damage_atom_cache/a74de406.bin
09-23 20:16:41.566 I/godot   (20438): [BAKE] Disk cache MISS: file not found /data/data/com.example.infiltraitor/files/damage_atom_cache/112c1c4b.bin
09-23 20:16:41.568 I/godot   (20438): [BAKE] Disk cache MISS: file not found /data/data/com.example.infiltraitor/files/damage_atom_cache/bfa3f43a.bin
09-23 20:16:41.570 I/godot   (20438): [BAKE] Disk cache MISS: file not found /data/data/com.example.infiltraitor/files/damage_atom_cache/d8803dad.bin
09-23 20:16:41.571 I/godot   (20438): [BAKE] Disk cache MISS: file not found /data/data/com.example.infiltraitor/files/damage_atom_cache/bd68f70e.bin
09-23 20:16:41.573 I/godot   (20438): [BAKE] Disk cache MISS: file not found /data/data/com.example.infiltraitor/files/damage_atom_cache/0f8eefdf.bin
09-23 20:16:41.575 I/godot   (20438): [BAKE] Disk cache MISS: file not found /data/data/com.example.infiltraitor/files/damage_atom_cache/442f22b0.bin
09-23 20:16:41.577 I/godot   (20438): [BAKE] Disk cache MISS: file not found /data/data/com.example.infiltraitor/files/damage_atom_cache/6b0acc9d.bin
09-23 20:16:41.579 I/godot   (20438): [BAKE] Disk cache MISS: file not found /data/data/com.example.infiltraitor/files/damage_atom_cache/4bb0838c.bin
09-23 20:16:41.580 I/godot   (20438): [BAKE] Disk cache MISS: file not found /data/data/com.example.infiltraitor/files/damage_atom_cache/97111a3b.bin
09-23 20:16:41.582 I/godot   (20438): [BAKE] Disk cache MISS: file not found /data/data/com.example.infiltraitor/files/damage_atom_cache/112c1c4b.bin
09-23 20:16:41.584 I/godot   (20438): [BAKE] Disk cache MISS: file not found /data/data/com.example.infiltraitor/files/damage_atom_cache/bfa3f43a.bin
09-23 20:16:41.586 I/godot   (20438): [BAKE] Disk cache MISS: file not found /data/data/com.example.infiltraitor/files/damage_atom_cache/d8803dad.bin
09-23 20:16:41.588 I/godot   (20438): [BAKE] Disk cache MISS: file not found /data/data/com.example.infiltraitor/files/damage_atom_cache/bd68f70e.bin
09-23 20:16:41.590 I/godot   (20438): [BAKE] Disk cache MISS: file not found /data/data/com.example.infiltraitor/files/damage_atom_cache/0f8eefdf.bin
09-23 20:16:41.591 I/godot   (20438): [BAKE] Disk cache MISS: file not found /data/data/com.example.infiltraitor/files/damage_atom_cache/442f22b0.bin
09-23 20:16:41.593 I/godot   (20438): [BAKE] Disk cache MISS: file not found /data/data/com.example.infiltraitor/files/damage_atom_cache/b5a59a96.bin
09-23 20:16:41.596 I/godot   (20438): [BAKE] Disk cache MISS: file not found /data/data/com.example.infiltraitor/files/damage_atom_cache/272df507.bin
09-23 20:16:41.598 I/godot   (20438): [BAKE] Disk cache MISS: file not found /data/data/com.example.infiltraitor/files/damage_atom_cache/e1b2f878.bin
09-23 20:16:41.600 I/godot   (20438): [BAKE] Disk cache MISS: file not found /data/data/com.example.infiltraitor/files/damage_atom_cache/599485d1.bin
09-23 20:16:41.601 I/godot   (20438): [BAKE] Disk cache MISS: file not found /data/data/com.example.infiltraitor/files/damage_atom_cache/7963e110.bin
09-23 20:16:41.603 I/godot   (20438): [BAKE] Disk cache MISS: file not found /data/data/com.example.infiltraitor/files/damage_atom_cache/44c3ae3f.bin
09-23 20:16:41.605 I/godot   (20438): [BAKE] Disk cache MISS: file not found /data/data/com.example.infiltraitor/files/damage_atom_cache/944190b4.bin
09-23 20:16:41.607 I/godot   (20438): [BAKE] Disk cache MISS: file not found /data/data/com.example.infiltraitor/files/damage_atom_cache/92810f25.bin
09-23 20:16:41.609 I/godot   (20438): [BAKE] Disk cache MISS: file not found /data/data/com.example.infiltraitor/files/damage_atom_cache/413b5832.bin
09-23 20:16:41.611 I/godot   (20438): [BAKE] Disk cache MISS: file not found /data/data/com.example.infiltraitor/files/damage_atom_cache/803e17eb.bin
09-23 20:16:41.613 I/godot   (20438): [BAKE] Disk cache MISS: file not found /data/data/com.example.infiltraitor/files/damage_atom_cache/ad7984da.bin
09-23 20:16:41.615 I/godot   (20438): [BAKE] Disk cache MISS: file not found /data/data/com.example.infiltraitor/files/damage_atom_cache/d43893cd.bin
09-23 20:16:41.617 I/godot   (20438): [BAKE] Disk cache MISS: file not found /data/data/com.example.infiltraitor/files/damage_atom_cache/599485d1.bin
09-23 20:16:41.619 I/godot   (20438): [BAKE] Disk cache MISS: file not found /data/data/com.example.infiltraitor/files/damage_atom_cache/7963e110.bin
09-23 20:16:41.621 I/godot   (20438): [BAKE] Disk cache MISS: file not found /data/data/com.example.infiltraitor/files/damage_atom_cache/44c3ae3f.bin
09-23 20:16:41.623 I/godot   (20438): [BAKE] Disk cache MISS: file not found /data/data/com.example.infiltraitor/files/damage_atom_cache/944190b4.bin
09-23 20:16:41.624 I/godot   (20438): [BAKE] Disk cache MISS: file not found /data/data/com.example.infiltraitor/files/damage_atom_cache/92810f25.bin
09-23 20:16:41.626 I/godot   (20438): [BAKE] Disk cache MISS: file not found /data/data/com.example.infiltraitor/files/damage_atom_cache/413b5832.bin
09-23 20:16:41.628 I/godot   (20438): [BAKE] Disk cache MISS: file not found /data/data/com.example.infiltraitor/files/damage_atom_cache/b5a59a96.bin
09-23 20:16:41.630 I/godot   (20438): [BAKE] Disk cache MISS: file not found /data/data/com.example.infiltraitor/files/damage_atom_cache/272df507.bin
09-23 20:16:41.632 I/godot   (20438): [BAKE] Disk cache MISS: file not found /data/data/com.example.infiltraitor/files/damage_atom_cache/e1b2f878.bin
09-23 20:16:41.634 I/godot   (20438): [BAKE] Disk cache MISS: file not found /data/data/com.example.infiltraitor/files/damage_atom_cache/599485d1.bin
09-23 20:16:41.636 I/godot   (20438): [BAKE] Disk cache MISS: file not found /data/data/com.example.infiltraitor/files/damage_atom_cache/7963e110.bin
09-23 20:16:41.637 I/godot   (20438): [BAKE] Disk cache MISS: file not found /data/data/com.example.infiltraitor/files/damage_atom_cache/44c3ae3f.bin
09-23 20:16:41.639 I/godot   (20438): [BAKE] Disk cache MISS: file not found /data/data/com.example.infiltraitor/files/damage_atom_cache/944190b4.bin
09-23 20:16:41.641 I/godot   (20438): [BAKE] Disk cache MISS: file not found /data/data/com.example.infiltraitor/files/damage_atom_cache/92810f25.bin
09-23 20:16:41.642 I/godot   (20438): [BAKE] Disk cache MISS: file not found /data/data/com.example.infiltraitor/files/damage_atom_cache/413b5832.bin
09-23 20:16:41.644 I/godot   (20438): [BAKE] Disk cache MISS: file not found /data/data/com.example.infiltraitor/files/damage_atom_cache/803e17eb.bin
09-23 20:16:41.646 I/godot   (20438): [BAKE] Disk cache MISS: file not found /data/data/com.example.infiltraitor/files/damage_atom_cache/ad7984da.bin
09-23 20:16:41.647 I/godot   (20438): [BAKE] Disk cache MISS: file not found /data/data/com.example.infiltraitor/files/damage_atom_cache/d43893cd.bin
09-23 20:16:41.649 I/godot   (20438): [BAKE] Disk cache MISS: file not found /data/data/com.example.infiltraitor/files/damage_atom_cache/599485d1.bin
09-23 20:16:41.651 I/godot   (20438): [BAKE] Disk cache MISS: file not found /data/data/com.example.infiltraitor/files/damage_atom_cache/7963e110.bin
09-23 20:16:41.653 I/godot   (20438): [BAKE] Disk cache MISS: file not found /data/data/com.example.infiltraitor/files/damage_atom_cache/44c3ae3f.bin
09-23 20:16:41.654 I/godot   (20438): [BAKE] Disk cache MISS: file not found /data/data/com.example.infiltraitor/files/damage_atom_cache/944190b4.bin
09-23 20:16:41.656 I/godot   (20438): [BAKE] Disk cache MISS: file not found /data/data/com.example.infiltraitor/files/damage_atom_cache/92810f25.bin
09-23 20:16:41.658 I/godot   (20438): [BAKE] Disk cache MISS: file not found /data/data/com.example.infiltraitor/files/damage_atom_cache/413b5832.bin
09-23 20:16:41.660 I/godot   (20438): [BAKE] Disk cache MISS: file not found /data/data/com.example.infiltraitor/files/damage_atom_cache/b5a59a96.bin
09-23 20:16:41.661 I/godot   (20438): [BAKE] Disk cache MISS: file not found /data/data/com.example.infiltraitor/files/damage_atom_cache/272df507.bin
09-23 20:16:41.663 I/godot   (20438): [BAKE] Disk cache MISS: file not found /data/data/com.example.infiltraitor/files/damage_atom_cache/e1b2f878.bin
09-23 20:16:41.664 I/godot   (20438): [BAKE] Disk cache MISS: file not found /data/data/com.example.infiltraitor/files/damage_atom_cache/599485d1.bin
09-23 20:16:41.666 I/godot   (20438): [BAKE] Disk cache MISS: file not found /data/data/com.example.infiltraitor/files/damage_atom_cache/7963e110.bin
09-23 20:16:41.668 I/godot   (20438): [BAKE] Disk cache MISS: file not found /data/data/com.example.infiltraitor/files/damage_atom_cache/44c3ae3f.bin
09-23 20:16:41.669 I/godot   (20438): [BAKE] Disk cache MISS: file not found /data/data/com.example.infiltraitor/files/damage_atom_cache/944190b4.bin
09-23 20:16:41.671 I/godot   (20438): [BAKE] Disk cache MISS: file not found /data/data/com.example.infiltraitor/files/damage_atom_cache/92810f25.bin
09-23 20:16:41.673 I/godot   (20438): [BAKE] Disk cache MISS: file not found /data/data/com.example.infiltraitor/files/damage_atom_cache/413b5832.bin
09-23 20:16:41.675 I/godot   (20438): [BAKE] Disk cache MISS: file not found /data/data/com.example.infiltraitor/files/damage_atom_cache/803e17eb.bin
09-23 20:16:41.677 I/godot   (20438): [BAKE] Disk cache MISS: file not found /data/data/com.example.infiltraitor/files/damage_atom_cache/ad7984da.bin
09-23 20:16:41.679 I/godot   (20438): [BAKE] Disk cache MISS: file not found /data/data/com.example.infiltraitor/files/damage_atom_cache/d43893cd.bin
09-23 20:16:41.680 I/godot   (20438): [BAKE] Disk cache MISS: file not found /data/data/com.example.infiltraitor/files/damage_atom_cache/599485d1.bin
09-23 20:16:41.682 I/godot   (20438): [BAKE] Disk cache MISS: file not found /data/data/com.example.infiltraitor/files/damage_atom_cache/7963e110.bin
09-23 20:16:41.683 I/godot   (20438): [BAKE] Disk cache MISS: file not found /data/data/com.example.infiltraitor/files/damage_atom_cache/44c3ae3f.bin
09-23 20:16:41.685 I/godot   (20438): [BAKE] Disk cache MISS: file not found /data/data/com.example.infiltraitor/files/damage_atom_cache/944190b4.bin
09-23 20:16:41.687 I/godot   (20438): [BAKE] Disk cache MISS: file not found /data/data/com.example.infiltraitor/files/damage_atom_cache/92810f25.bin
09-23 20:16:41.688 I/godot   (20438): [BAKE] Disk cache MISS: file not found /data/data/com.example.infiltraitor/files/damage_atom_cache/413b5832.bin
09-23 20:16:41.705 I/godot   (20438): [BAKE] Disk cache HIT: loaded 7c862013
09-23 20:16:41.708 I/godot   (20438): [BAKE] Disk cache HIT: loaded 2a107562
09-23 20:16:41.710 I/godot   (20438): [BAKE] Disk cache HIT: loaded a7cf5855
09-23 20:16:41.713 I/godot   (20438): [BAKE] Disk cache HIT: loaded 558b1132
09-23 20:16:41.716 I/godot   (20438): [BAKE] Disk cache HIT: loaded 530361e3
09-23 20:16:41.718 I/godot   (20438): [BAKE] Disk cache HIT: loaded a89149b4
09-23 20:16:41.720 I/godot   (20438): [BAKE] Disk cache HIT: loaded 0ce26ecd
09-23 20:16:41.723 I/godot   (20438): [BAKE] Disk cache HIT: loaded 6ce98b7c
09-23 20:16:41.725 I/godot   (20438): [BAKE] Disk cache HIT: loaded b8e7f2eb
09-23 20:16:41.728 I/godot   (20438): [BAKE] Disk cache HIT: loaded 452e18ad
09-23 20:16:41.730 I/godot   (20438): [BAKE] Disk cache HIT: loaded 3318c45c
09-23 20:16:41.733 I/godot   (20438): [BAKE] Disk cache HIT: loaded 7dd9f74b
09-23 20:16:41.736 I/godot   (20438): [BAKE] Disk cache HIT: loaded 0ba3e4b4
09-23 20:16:41.738 I/godot   (20438): [BAKE] Disk cache HIT: loaded 09e36325
09-23 20:16:41.741 I/godot   (20438): [BAKE] Disk cache HIT: loaded b89dac32
09-23 20:16:41.743 I/godot   (20438): [BAKE] Disk cache HIT: loaded 8bedfaf3
09-23 20:16:41.746 I/godot   (20438): [BAKE] Disk cache HIT: loaded e1fd47c2
09-23 20:16:41.748 I/godot   (20438): [BAKE] Disk cache HIT: loaded dfbb6135
09-23 20:16:41.751 I/godot   (20438): [BAKE] Disk cache HIT: loaded 34f32541
09-23 20:16:41.754 I/godot   (20438): [BAKE] Disk cache HIT: loaded 6ec48540
09-23 20:16:41.756 I/godot   (20438): [BAKE] Disk cache HIT: loaded c76a10af
09-23 20:16:41.759 I/godot   (20438): [BAKE] Disk cache HIT: loaded d3f60018
09-23 20:16:41.761 I/godot   (20438): [BAKE] Disk cache HIT: loaded 20a14a59
09-23 20:16:41.763 I/godot   (20438): [BAKE] Disk cache HIT: loaded ace0b9b6
09-23 20:16:41.766 I/godot   (20438): [BAKE] Disk cache HIT: loaded f7198937
09-23 20:16:41.768 I/godot   (20438): [BAKE] Disk cache HIT: loaded 58b44d06
09-23 20:16:41.771 I/godot   (20438): [BAKE] Disk cache HIT: loaded f8b3eea9
09-23 20:16:41.773 I/godot   (20438): [BAKE] Disk cache HIT: loaded 38eb88c7
09-23 20:16:41.776 I/godot   (20438): [BAKE] Disk cache HIT: loaded c7632e56
09-23 20:16:41.778 I/godot   (20438): [BAKE] Disk cache HIT: loaded c7ca1979
09-23 20:16:41.781 I/godot   (20438): [BAKE] Disk cache HIT: loaded a72abf26
09-23 20:16:41.783 I/godot   (20438): [BAKE] Disk cache HIT: loaded f209f0d7
09-23 20:16:41.786 I/godot   (20438): [BAKE] Disk cache HIT: loaded 2797a648
09-23 20:16:41.788 I/godot   (20438): [BAKE] Disk cache HIT: loaded f8ff0191
09-23 20:16:41.791 I/godot   (20438): [BAKE] Disk cache HIT: loaded 18ce5cd0
09-23 20:16:41.793 I/godot   (20438): [BAKE] Disk cache HIT: loaded 8b75ecff
09-23 20:16:41.796 I/godot   (20438): [BAKE] Disk cache HIT: loaded 5efcfd35
09-23 20:16:41.799 I/godot   (20438): [BAKE] Disk cache HIT: loaded 8cfc8fc4
09-23 20:16:41.801 I/godot   (20438): [BAKE] Disk cache HIT: loaded 0b2f96f3
09-23 20:16:41.804 I/godot   (20438): [BAKE] Disk cache HIT: loaded 92cecfdc
09-23 20:16:41.807 I/godot   (20438): [BAKE] Disk cache HIT: loaded a4e4242d
09-23 20:16:41.809 I/godot   (20438): [BAKE] Disk cache HIT: loaded 8c07daba
09-23 20:16:41.812 I/godot   (20438): [BAKE] Disk cache HIT: loaded dfa711db
09-23 20:16:41.814 I/godot   (20438): [BAKE] Disk cache HIT: loaded 0d804f8a
09-23 20:16:41.817 I/godot   (20438): [BAKE] Disk cache HIT: loaded a6fb333d
09-23 20:16:41.820 I/godot   (20438): [BAKE] Disk cache HIT: loaded 42ba5c0b
09-23 20:16:41.822 I/godot   (20438): [BAKE] Disk cache HIT: loaded 6c3ae5fa
09-23 20:16:41.825 I/godot   (20438): [BAKE] Disk cache HIT: loaded 0a0e7d6d
09-23 20:16:41.827 I/godot   (20438): [BAKE] Disk cache HIT: loaded edb35aca
09-23 20:16:41.830 I/godot   (20438): [BAKE] Disk cache HIT: loaded bfda1d1b
09-23 20:16:41.832 I/godot   (20438): [BAKE] Disk cache HIT: loaded 20b960ec
09-23 20:16:41.835 I/godot   (20438): [BAKE] Disk cache HIT: loaded c2104765
09-23 20:16:41.838 I/godot   (20438): [BAKE] Disk cache HIT: loaded c3d0c8f4
09-23 20:16:41.840 I/godot   (20438): [BAKE] Disk cache HIT: loaded 158aa423
09-23 20:16:41.843 I/godot   (20438): [BAKE] Disk cache HIT: loaded 68b1ffea
09-23 20:16:41.846 I/godot   (20438): [BAKE] Disk cache HIT: loaded 3ad8c23b
09-23 20:16:41.848 I/godot   (20438): [BAKE] Disk cache HIT: loaded ef782b8c
09-23 20:16:41.851 I/godot   (20438): [BAKE] Disk cache HIT: loaded 6363eeab
09-23 20:16:41.854 I/godot   (20438): [BAKE] Disk cache HIT: loaded 909f5b9a
09-23 20:16:41.856 I/godot   (20438): [BAKE] Disk cache HIT: loaded 1016a78d
09-23 20:16:41.859 I/godot   (20438): [BAKE] Disk cache HIT: loaded 6e06b52c
09-23 20:16:41.861 I/godot   (20438): [BAKE] Disk cache HIT: loaded 00baa3bd
09-23 20:16:41.864 I/godot   (20438): [BAKE] Disk cache HIT: loaded 673fc00a
09-23 20:16:41.866 I/godot   (20438): [BAKE] Disk cache HIT: loaded cde764b3
09-23 20:16:41.869 I/godot   (20438): [BAKE] Disk cache HIT: loaded 7caeee82
09-23 20:16:41.871 I/godot   (20438): [BAKE] Disk cache HIT: loaded 21b4caf5
09-23 20:16:41.873 I/godot   (20438): [BAKE] Disk cache HIT: loaded 8acdbdd2
09-23 20:16:41.875 I/godot   (20438): [BAKE] Disk cache HIT: loaded dd436883
09-23 20:16:41.877 I/godot   (20438): [BAKE] Disk cache HIT: loaded a4edc154
09-23 20:16:41.880 I/godot   (20438): [BAKE] Disk cache HIT: loaded dfdfbf6d
09-23 20:16:41.882 I/godot   (20438): [BAKE] Disk cache HIT: loaded cdca6b1c
09-23 20:16:41.884 I/godot   (20438): [BAKE] Disk cache HIT: loaded 188b9e0b
09-23 20:16:41.887 I/godot   (20438): [BAKE] Disk cache HIT: loaded 830be869
09-23 20:16:41.889 I/godot   (20438): [BAKE] Disk cache HIT: loaded dd0a9068
09-23 20:16:41.892 I/godot   (20438): [BAKE] Disk cache HIT: loaded 28b945f7
09-23 20:16:41.894 I/godot   (20438): [BAKE] Disk cache HIT: loaded b089f580
09-23 20:16:41.897 I/godot   (20438): [BAKE] Disk cache HIT: loaded 1e005881
09-23 20:16:41.899 I/godot   (20438): [BAKE] Disk cache HIT: loaded b66a245e
09-23 20:16:41.901 I/godot   (20438): [BAKE] Disk cache HIT: loaded b28e52ff
09-23 20:16:41.904 I/godot   (20438): [BAKE] Disk cache HIT: loaded b4287fae
09-23 20:16:41.906 I/godot   (20438): [BAKE] Disk cache HIT: loaded 20176791
09-23 20:16:41.906 I/godot   (20438): [DamageVariantBaker] Baked 447 atoms across 9 declared material(s), 9 floor material(s) in 2198 ms
09-23 20:16:41.919 I/godot   (20438): [ROOM] Uploaded 1 damage-composite page(s) at load in 12 ms — off the first shot's impact frame
09-23 20:16:41.919 I/godot   (20438): [VOXEL] Damage variant registry set (pre-baked variants available)
09-23 20:16:41.919 I/godot   (20438): [ROOM] Initialized damage variant registry (447 atoms)
09-23 20:16:43.784 I/godot   (20438): [VOXEL-STORE] built (map load: PLAYGROUND) — 216104 claim(s) in 2713 container(s), 0 irregular, 672 multi-claim cell(s), 13.59 MB, 1026 ms
09-23 20:16:44.219 I/godot   (20438): [AgentSprite] step (1, 0) draws (0.894427, 0.447214) -> screen SE (fit 1.000) -> frame W
09-23 20:16:44.219 I/godot   (20438): [AgentSprite] step (0, 1) draws (-0.894427, 0.447214) -> screen SW (fit 1.000) -> frame S
09-23 20:16:44.219 I/godot   (20438): [AgentSprite] step (-1, 0) draws (-0.894427, -0.447214) -> screen NW (fit 1.000) -> frame E
09-23 20:16:44.219 I/godot   (20438): [AgentSprite] step (0, -1) draws (0.894427, -0.447214) -> screen NE (fit 1.000) -> frame N
09-23 20:16:44.219 I/godot   (20438): [AgentSprite] head yaw mapping: grid 0 -> yaw 0, handedness -1
09-23 20:16:44.287 I/godot   (20438): [AgentSprite] layer 'head/standing': 24 yaws at 15.0 deg
09-23 20:16:44.360 I/godot   (20438): [AgentSprite] layer 'hat/standing': 24 yaws at 15.0 deg
09-23 20:16:44.473 I/godot   (20438): [AgentSprite] layer 'head/standing': 24 yaws at 15.0 deg
09-23 20:16:44.545 I/godot   (20438): [AgentSprite] layer 'hat/standing': 24 yaws at 15.0 deg
09-23 20:16:44.645 I/godot   (20438): [AgentSprite] layer 'head/standing': 24 yaws at 15.0 deg
09-23 20:16:44.733 I/godot   (20438): [AgentSprite] layer 'hat/standing': 24 yaws at 15.0 deg
09-23 20:16:44.733 I/godot   (20438): [OCC-03] Agent z_index set to 34 (max voxel layer z_index: 33, room size: (46, 24))
09-23 20:16:44.764 I/godot   (20438): [AgentSprite] step (1, 0) draws (0.894427, 0.447214) -> screen SE (fit 1.000) -> frame W
09-23 20:16:44.764 I/godot   (20438): [AgentSprite] step (0, 1) draws (-0.894427, 0.447214) -> screen SW (fit 1.000) -> frame S
09-23 20:16:44.764 I/godot   (20438): [AgentSprite] step (-1, 0) draws (-0.894427, -0.447214) -> screen NW (fit 1.000) -> frame E
09-23 20:16:44.764 I/godot   (20438): [AgentSprite] step (0, -1) draws (0.894427, -0.447214) -> screen NE (fit 1.000) -> frame N
09-23 20:16:44.764 I/godot   (20438): [AgentSprite] head yaw mapping: grid 0 -> yaw 0, handedness -1
09-23 20:16:44.836 I/godot   (20438): [AgentSprite] layer 'head/standing': 24 yaws at 15.0 deg
09-23 20:16:44.873 I/godot   (20438): [AgentSprite] step (1, 0) draws (0.894427, 0.447214) -> screen SE (fit 1.000) -> frame W
09-23 20:16:44.873 I/godot   (20438): [AgentSprite] step (0, 1) draws (-0.894427, 0.447214) -> screen SW (fit 1.000) -> frame S
09-23 20:16:44.873 I/godot   (20438): [AgentSprite] step (-1, 0) draws (-0.894427, -0.447214) -> screen NW (fit 1.000) -> frame E
09-23 20:16:44.873 I/godot   (20438): [AgentSprite] step (0, -1) draws (0.894427, -0.447214) -> screen NE (fit 1.000) -> frame N
09-23 20:16:44.873 I/godot   (20438): [AgentSprite] head yaw mapping: grid 0 -> yaw 0, handedness -1
09-23 20:16:44.947 I/godot   (20438): [AgentSprite] layer 'head/standing': 24 yaws at 15.0 deg
09-23 20:16:44.978 I/godot   (20438): [AgentSprite] step (1, 0) draws (0.894427, 0.447214) -> screen SE (fit 1.000) -> frame W
09-23 20:16:44.978 I/godot   (20438): [AgentSprite] step (0, 1) draws (-0.894427, 0.447214) -> screen SW (fit 1.000) -> frame S
09-23 20:16:44.978 I/godot   (20438): [AgentSprite] step (-1, 0) draws (-0.894427, -0.447214) -> screen NW (fit 1.000) -> frame E
09-23 20:16:44.978 I/godot   (20438): [AgentSprite] step (0, -1) draws (0.894427, -0.447214) -> screen NE (fit 1.000) -> frame N
09-23 20:16:44.978 I/godot   (20438): [AgentSprite] head yaw mapping: grid 0 -> yaw 0, handedness -1
09-23 20:16:45.053 I/godot   (20438): [AgentSprite] layer 'head/standing': 24 yaws at 15.0 deg
09-23 20:16:45.084 I/godot   (20438): [AgentSprite] step (1, 0) draws (0.894427, 0.447214) -> screen SE (fit 1.000) -> frame W
09-23 20:16:45.084 I/godot   (20438): [AgentSprite] step (0, 1) draws (-0.894427, 0.447214) -> screen SW (fit 1.000) -> frame S
09-23 20:16:45.084 I/godot   (20438): [AgentSprite] step (-1, 0) draws (-0.894427, -0.447214) -> screen NW (fit 1.000) -> frame E
09-23 20:16:45.084 I/godot   (20438): [AgentSprite] step (0, -1) draws (0.894427, -0.447214) -> screen NE (fit 1.000) -> frame N
09-23 20:16:45.084 I/godot   (20438): [AgentSprite] head yaw mapping: grid 0 -> yaw 0, handedness -1
09-23 20:16:45.160 I/godot   (20438): [AgentSprite] layer 'head/standing': 24 yaws at 15.0 deg
09-23 20:16:45.191 I/godot   (20438): [AgentSprite] step (1, 0) draws (0.894427, 0.447214) -> screen SE (fit 1.000) -> frame W
09-23 20:16:45.191 I/godot   (20438): [AgentSprite] step (0, 1) draws (-0.894427, 0.447214) -> screen SW (fit 1.000) -> frame S
09-23 20:16:45.191 I/godot   (20438): [AgentSprite] step (-1, 0) draws (-0.894427, -0.447214) -> screen NW (fit 1.000) -> frame E
09-23 20:16:45.191 I/godot   (20438): [AgentSprite] step (0, -1) draws (0.894427, -0.447214) -> screen NE (fit 1.000) -> frame N
09-23 20:16:45.192 I/godot   (20438): [AgentSprite] head yaw mapping: grid 0 -> yaw 0, handedness -1
09-23 20:16:45.266 I/godot   (20438): [AgentSprite] layer 'head/standing': 24 yaws at 15.0 deg
09-23 20:16:45.296 I/godot   (20438): [AgentSprite] step (1, 0) draws (0.894427, 0.447214) -> screen SE (fit 1.000) -> frame W
09-23 20:16:45.296 I/godot   (20438): [AgentSprite] step (0, 1) draws (-0.894427, 0.447214) -> screen SW (fit 1.000) -> frame S
09-23 20:16:45.296 I/godot   (20438): [AgentSprite] step (-1, 0) draws (-0.894427, -0.447214) -> screen NW (fit 1.000) -> frame E
09-23 20:16:45.296 I/godot   (20438): [AgentSprite] step (0, -1) draws (0.894427, -0.447214) -> screen NE (fit 1.000) -> frame N
09-23 20:16:45.296 I/godot   (20438): [AgentSprite] head yaw mapping: grid 0 -> yaw 0, handedness -1
09-23 20:16:45.371 I/godot   (20438): [AgentSprite] layer 'head/standing': 24 yaws at 15.0 deg
09-23 20:16:45.402 I/godot   (20438): [AgentSprite] step (1, 0) draws (0.894427, 0.447214) -> screen SE (fit 1.000) -> frame W
09-23 20:16:45.402 I/godot   (20438): [AgentSprite] step (0, 1) draws (-0.894427, 0.447214) -> screen SW (fit 1.000) -> frame S
09-23 20:16:45.402 I/godot   (20438): [AgentSprite] step (-1, 0) draws (-0.894427, -0.447214) -> screen NW (fit 1.000) -> frame E
09-23 20:16:45.402 I/godot   (20438): [AgentSprite] step (0, -1) draws (0.894427, -0.447214) -> screen NE (fit 1.000) -> frame N
09-23 20:16:45.402 I/godot   (20438): [AgentSprite] head yaw mapping: grid 0 -> yaw 0, handedness -1
09-23 20:16:45.472 I/godot   (20438): [AgentSprite] layer 'head/standing': 24 yaws at 15.0 deg
09-23 20:16:45.502 I/godot   (20438): [AgentSprite] step (1, 0) draws (0.894427, 0.447214) -> screen SE (fit 1.000) -> frame W
09-23 20:16:45.502 I/godot   (20438): [AgentSprite] step (0, 1) draws (-0.894427, 0.447214) -> screen SW (fit 1.000) -> frame S
09-23 20:16:45.502 I/godot   (20438): [AgentSprite] step (-1, 0) draws (-0.894427, -0.447214) -> screen NW (fit 1.000) -> frame E
09-23 20:16:45.502 I/godot   (20438): [AgentSprite] step (0, -1) draws (0.894427, -0.447214) -> screen NE (fit 1.000) -> frame N
09-23 20:16:45.502 I/godot   (20438): [AgentSprite] head yaw mapping: grid 0 -> yaw 0, handedness -1
09-23 20:16:45.576 I/godot   (20438): [AgentSprite] layer 'head/standing': 24 yaws at 15.0 deg
09-23 20:16:45.607 I/godot   (20438): [AgentSprite] step (1, 0) draws (0.894427, 0.447214) -> screen SE (fit 1.000) -> frame W
09-23 20:16:45.607 I/godot   (20438): [AgentSprite] step (0, 1) draws (-0.894427, 0.447214) -> screen SW (fit 1.000) -> frame S
09-23 20:16:45.607 I/godot   (20438): [AgentSprite] step (-1, 0) draws (-0.894427, -0.447214) -> screen NW (fit 1.000) -> frame E
09-23 20:16:45.607 I/godot   (20438): [AgentSprite] step (0, -1) draws (0.894427, -0.447214) -> screen NE (fit 1.000) -> frame N
09-23 20:16:45.607 I/godot   (20438): [AgentSprite] head yaw mapping: grid 0 -> yaw 0, handedness -1
09-23 20:16:45.682 I/godot   (20438): [AgentSprite] layer 'head/standing': 24 yaws at 15.0 deg
09-23 20:16:45.694 I/godot   (20438): [Room] Light registry initialized with 12 map lights:
09-23 20:16:45.694 I/godot   (20438):   - map_light_1 @ cell(6,4) radius=7 type=omni
09-23 20:16:45.695 I/godot   (20438):   - map_light_2 @ cell(17,4) radius=6 type=omni
09-23 20:16:45.695 I/godot   (20438):   - map_light_3 @ cell(12,11) radius=7 type=omni
09-23 20:16:45.695 I/godot   (20438):   - map_light_4 @ cell(11,10) radius=10 type=omni
09-23 20:16:45.695 I/godot   (20438):   - map_light_5 @ cell(16,11) radius=8 type=omni
09-23 20:16:45.695 I/godot   (20438):   - map_light_6 @ cell(24,4) radius=7 type=omni
09-23 20:16:45.695 I/godot   (20438):   - map_light_7 @ cell(28,4) radius=7 type=omni
09-23 20:16:45.695 I/godot   (20438):   - map_light_8 @ cell(32,4) radius=7 type=omni
09-23 20:16:45.695 I/godot   (20438):   - map_light_9 @ cell(36,4) radius=7 type=omni
09-23 20:16:45.695 I/godot   (20438):   - map_light_10 @ cell(40,4) radius=7 type=omni
09-23 20:16:45.695 I/godot   (20438):   - map_light_11 @ cell(26,9) radius=8 type=omni
09-23 20:16:45.695 I/godot   (20438):   - map_light_12 @ cell(34,9) radius=8 type=omni
09-23 20:16:45.696 I/godot   (20438): [Room] Tile semantics initialized with 163 tiles, 12 light anchors
09-23 20:16:52.720 I/godot   (20438): 
09-23 20:16:52.720 I/godot   (20438): Attempting to resolve: facade_concrete (folder concrete)
09-23 20:16:52.720 I/godot   (20438):   [USER] File not found: user://textures/concrete/facade_concrete.png
09-23 20:16:52.720 I/godot   (20438):   [USER] File not found: user://textures/concrete/facade_concrete.webp
09-23 20:16:52.745 I/godot   (20438):   [DEFAULT] Validation PASS: res://ASSETS/materials/concrete/facade_concrete.png
09-23 20:16:52.745 I/godot   (20438): [RESOLVER] facade_concrete resolved from DEFAULT.png (dims 1024x512)
09-23 20:16:52.781 I/godot   (20438): 
09-23 20:16:52.781 I/godot   (20438): Attempting to resolve: facade_metal (folder metal)
09-23 20:16:52.782 I/godot   (20438):   [USER] File not found: user://textures/metal/facade_metal.png
09-23 20:16:52.782 I/godot   (20438):   [USER] File not found: user://textures/metal/facade_metal.webp
09-23 20:16:52.817 I/godot   (20438):   [DEFAULT] Validation PASS: res://ASSETS/materials/metal/facade_metal.png
09-23 20:16:52.817 I/godot   (20438): [RESOLVER] facade_metal resolved from DEFAULT.png (dims 1024x512)
09-23 20:16:52.857 I/godot   (20438): 
09-23 20:16:52.857 I/godot   (20438): Attempting to resolve: facade_stone (folder stone)
09-23 20:16:52.857 I/godot   (20438):   [USER] File not found: user://textures/stone/facade_stone.png
09-23 20:16:52.857 I/godot   (20438):   [USER] File not found: user://textures/stone/facade_stone.webp
09-23 20:16:52.890 I/godot   (20438):   [DEFAULT] Validation PASS: res://ASSETS/materials/stone/facade_stone.png
09-23 20:16:52.890 I/godot   (20438): [RESOLVER] facade_stone resolved from DEFAULT.png (dims 1024x512)
09-23 20:16:52.930 I/godot   (20438): 
09-23 20:16:52.930 I/godot   (20438): Attempting to resolve: facade_wood (folder wood)
09-23 20:16:52.930 I/godot   (20438):   [USER] File not found: user://textures/wood/facade_wood.png
09-23 20:16:52.930 I/godot   (20438):   [USER] File not found: user://textures/wood/facade_wood.webp
09-23 20:16:52.959 I/godot   (20438):   [DEFAULT] Validation PASS: res://ASSETS/materials/wood/facade_wood.png
09-23 20:16:52.959 I/godot   (20438): [RESOLVER] facade_wood resolved from DEFAULT.png (dims 1024x512)
09-23 20:16:52.999 I/godot   (20438): 
09-23 20:16:52.999 I/godot   (20438): Attempting to resolve: facade_brick (folder brick)
09-23 20:16:53.000 I/godot   (20438):   [USER] File not found: user://textures/brick/facade_brick.png
09-23 20:16:53.000 I/godot   (20438):   [USER] File not found: user://textures/brick/facade_brick.webp
09-23 20:16:53.033 I/godot   (20438):   [DEFAULT] Validation PASS: res://ASSETS/materials/brick/facade_brick.png
09-23 20:16:53.033 I/godot   (20438): [RESOLVER] facade_brick resolved from DEFAULT.png (dims 1024x512)
09-23 20:16:53.073 I/godot   (20438): 
09-23 20:16:53.073 I/godot   (20438): Attempting to resolve: facade_cardboard (folder cardboard)
09-23 20:16:53.073 I/godot   (20438):   [USER] File not found: user://textures/cardboard/facade_cardboard.png
09-23 20:16:53.073 I/godot   (20438):   [USER] File not found: user://textures/cardboard/facade_cardboard.webp
09-23 20:16:53.100 I/godot   (20438):   [DEFAULT] Validation PASS: res://ASSETS/materials/cardboard/facade_cardboard.png
09-23 20:16:53.100 I/godot   (20438): [RESOLVER] facade_cardboard resolved from DEFAULT.png (dims 1024x512)
09-23 20:16:53.136 I/godot   (20438): 
09-23 20:16:53.136 I/godot   (20438): Attempting to resolve: facade_fabric (folder fabric)
09-23 20:16:53.137 I/godot   (20438):   [USER] File not found: user://textures/fabric/facade_fabric.png
09-23 20:16:53.137 I/godot   (20438):   [USER] File not found: user://textures/fabric/facade_fabric.webp
09-23 20:16:53.162 I/godot   (20438):   [DEFAULT] Validation PASS: res://ASSETS/materials/fabric/facade_fabric.png
09-23 20:16:53.162 I/godot   (20438): [RESOLVER] facade_fabric resolved from DEFAULT.png (dims 1024x512)
09-23 20:16:53.201 I/godot   (20438): 
09-23 20:16:53.201 I/godot   (20438): Attempting to resolve: facade_plywood (folder plywood)
09-23 20:16:53.201 I/godot   (20438):   [USER] File not found: user://textures/plywood/facade_plywood.png
09-23 20:16:53.201 I/godot   (20438):   [USER] File not found: user://textures/plywood/facade_plywood.webp
09-23 20:16:53.234 I/godot   (20438):   [DEFAULT] Validation PASS: res://ASSETS/materials/plywood/facade_plywood.png
09-23 20:16:53.234 I/godot   (20438): [RESOLVER] facade_plywood resolved from DEFAULT.png (dims 1024x512)
09-23 20:16:53.319 I/godot   (20438): 
09-23 20:16:53.319 I/godot   (20438): Attempting to resolve: facade_earth (folder earth)
09-23 20:16:53.319 I/godot   (20438):   [USER] File not found: user://textures/earth/facade_earth.png
09-23 20:16:53.319 I/godot   (20438):   [USER] File not found: user://textures/earth/facade_earth.webp
09-23 20:16:53.352 I/godot   (20438):   [DEFAULT] Validation PASS: res://ASSETS/materials/earth/facade_earth.png
09-23 20:16:53.352 I/godot   (20438): [RESOLVER] facade_earth resolved from DEFAULT.png (dims 1024x512)
09-23 20:16:56.456 I/godot   (20438): [BOARD3D] 215432 voxel(s) (slices 69440, columns 672, slabs 145992; the 2D board holds 64 cell(s)) → 108772 face(s) → 732 quad(s) in 276 chunk(s), 11 material(s), plane levels 78..103; collect 1845 ms, mesh 1934 ms; skip 2D writes true; source store
09-23 20:16:56.502 I/godot   (20438): [SPIKE3D] lights: mode=(actors only) lamps=12 shadowed=0 board_lit=false
09-23 20:16:57.178 I/godot   (20438): [SPIKE3D] actor meshes: 9 instance(s), 9 MeshInstance3D, 99 surface(s), 0 procedurally swung skeleton(s), 0 bone(s) each (0 = the real walk plays)
09-23 20:16:59.026 I/godot   (20438): [TestZone] 0 pickups
09-23 20:17:00.002 I/godot   (20438): [DEV-HUD-01] DEV VISION Status Panel initialized
09-23 20:17:00.043 I/godot   (20438): [DEBUG] _ready() complete, starting probe
09-23 20:17:00.043 I/godot   (20438): [SLICE-02 probe] ===== STARTING ALIGNMENT CHECK =====
09-23 20:17:00.046 I/godot   (20438): [SLICE-02 probe] floor_cell = (0, 0)  voxel_cell = (0, 0)
09-23 20:17:00.046 I/godot   (20438): [SLICE-02 probe] floor_map=(128.0, 64.0)  voxel_map=(16.0, 8.0)
09-23 20:17:00.046 I/godot   (20438): [SLICE-02 probe] floor_adjusted=(0.0, 0.0)  voxel_adjusted=(0.0, 0.0)
09-23 20:17:00.046 I/godot   (20438): [SLICE-02 probe] canon_pos=(0.0, 512.0)  voxel_pos=(112.0, 576.0)  delta=(112.0, 64.0) px
09-23 20:17:00.047 I/godot   (20438): [SLICE-02 probe] INFO: no block_* tile found for footprint check
09-23 20:17:00.050 V/Godot   (20438): OnGodotMainLoopStarted
09-23 20:17:02.973 I/godot   (20438): [GLASS-TILE] mirrored 2240 glass cell(s) into the opaque layers, removed 0
09-23 20:17:03.221 I/godot   (20438): [SCENARIO] 4 step(s)
09-23 20:17:03.221 I/godot   (20438): [SCENARIO] 1/4 framing portrait
09-23 20:17:03.227 I/godot   (20438): [SCENARIO] 2/4 zoom 0.5
09-23 20:17:03.227 I/godot   (20438): [SCENARIO] 3/4 wait 25
09-23 20:17:07.469 I/godot   (20438): [FRAME-PROBE] 70.4 ms/frame · render cpu 2.1 ms · render gpu 23.0 ms · 93 draw call(s) · 26028 primitive(s) · 110 object(s) · process 143.0 ms · physics 52.8 ms · 1004 node(s) · view portrait 390x873 zoom 0.50 gu 95/1104 scale 1.00
09-23 20:17:07.470 I/godot   (20438): [FRAME-SPLIT] per frame: guard cone smooth draw 29.55 ms (6/f) · sprite light+throw 1.20 ms (10/f) · room temporal lights 0.10 ms (1/f) · room vision fog 0.09 ms (1/f) · guard attention 0.07 ms (9/f) · room enemy visibility 0.03 ms (1/f)
09-23 20:17:08.746 I/godot   (20438): [FRAME-PROBE] 21.4 ms/frame · render cpu 0.8 ms · render gpu 18.9 ms · 93 draw call(s) · 26028 primitive(s) · 110 object(s) · process 60.4 ms · physics 0.7 ms · 1004 node(s) · view portrait 390x873 zoom 0.50 gu 95/1104 scale 1.00
09-23 20:17:08.747 I/godot   (20438): [FRAME-SPLIT] per frame: sprite light+throw 0.66 ms (10/f) · guard cone smooth draw 0.11 ms (0/f) · room temporal lights 0.08 ms (1/f) · room vision fog 0.08 ms (1/f) · guard attention 0.03 ms (9/f) · room enemy visibility 0.03 ms (1/f)
09-23 20:17:09.952 I/godot   (20438): [FRAME-PROBE] 20.1 ms/frame · render cpu 0.9 ms · render gpu 18.8 ms · 93 draw call(s) · 26028 primitive(s) · 110 object(s) · process 29.9 ms · physics 0.5 ms · 1004 node(s) · view portrait 390x873 zoom 0.50 gu 95/1104 scale 1.00
09-23 20:17:09.953 I/godot   (20438): [FRAME-SPLIT] per frame: sprite light+throw 0.53 ms (10/f) · room temporal lights 0.06 ms (1/f) · room vision fog 0.06 ms (1/f) · guard attention 0.03 ms (9/f) · room enemy visibility 0.02 ms (1/f)
09-23 20:17:11.159 I/godot   (20438): [FRAME-PROBE] 20.1 ms/frame · render cpu 0.8 ms · render gpu 18.8 ms · 93 draw call(s) · 26028 primitive(s) · 110 object(s) · process 23.0 ms · physics 0.1 ms · 1004 node(s) · view portrait 390x873 zoom 0.50 gu 95/1104 scale 1.00
09-23 20:17:11.159 I/godot   (20438): [FRAME-SPLIT] per frame: sprite light+throw 0.46 ms (10/f) · room temporal lights 0.06 ms (1/f) · room vision fog 0.05 ms (1/f) · guard attention 0.03 ms (9/f) · room enemy visibility 0.02 ms (1/f)
09-23 20:17:12.354 I/godot   (20438): [FRAME-PROBE] 19.9 ms/frame · render cpu 0.9 ms · render gpu 18.5 ms · 93 draw call(s) · 26028 primitive(s) · 110 object(s) · process 22.9 ms · physics 0.1 ms · 1004 node(s) · view portrait 390x873 zoom 0.50 gu 95/1104 scale 1.00
09-23 20:17:12.355 I/godot   (20438): [FRAME-SPLIT] per frame: sprite light+throw 0.46 ms (10/f) · room temporal lights 0.06 ms (1/f) · room vision fog 0.05 ms (1/f) · guard attention 0.03 ms (9/f) · room enemy visibility 0.02 ms (1/f)
09-23 20:17:13.560 I/godot   (20438): [FRAME-PROBE] 20.1 ms/frame · render cpu 0.8 ms · render gpu 18.8 ms · 93 draw call(s) · 26028 primitive(s) · 110 object(s) · process 22.7 ms · physics 0.1 ms · 1004 node(s) · view portrait 390x873 zoom 0.50 gu 95/1104 scale 1.00
09-23 20:17:13.561 I/godot   (20438): [FRAME-SPLIT] per frame: sprite light+throw 0.46 ms (10/f) · room temporal lights 0.06 ms (1/f) · room vision fog 0.05 ms (1/f) · guard attention 0.03 ms (9/f) · room enemy visibility 0.02 ms (1/f)
09-23 20:17:14.779 I/godot   (20438): [FRAME-PROBE] 20.3 ms/frame · render cpu 1.8 ms · render gpu 19.7 ms · 93 draw call(s) · 26028 primitive(s) · 110 object(s) · process 22.9 ms · physics 0.1 ms · 1004 node(s) · view portrait 390x873 zoom 0.50 gu 95/1104 scale 1.00
09-23 20:17:14.780 I/godot   (20438): [FRAME-SPLIT] per frame: sprite light+throw 0.50 ms (10/f) · room temporal lights 0.06 ms (1/f) · room vision fog 0.06 ms (1/f) · guard attention 0.03 ms (9/f) · room enemy visibility 0.02 ms (1/f)
09-23 20:17:15.996 I/godot   (20438): [FRAME-PROBE] 20.3 ms/frame · render cpu 0.9 ms · render gpu 18.6 ms · 93 draw call(s) · 26028 primitive(s) · 110 object(s) · process 25.5 ms · physics 0.1 ms · 1004 node(s) · view portrait 390x873 zoom 0.50 gu 95/1104 scale 1.00
09-23 20:17:15.996 I/godot   (20438): [FRAME-SPLIT] per frame: sprite light+throw 0.50 ms (10/f) · room temporal lights 0.06 ms (1/f) · room vision fog 0.05 ms (1/f) · guard attention 0.03 ms (9/f) · room enemy visibility 0.02 ms (1/f)
09-23 20:17:17.237 I/godot   (20438): [FRAME-PROBE] 20.7 ms/frame · render cpu 0.9 ms · render gpu 18.9 ms · 93 draw call(s) · 26028 primitive(s) · 110 object(s) · process 25.8 ms · physics 0.1 ms · 1004 node(s) · view portrait 390x873 zoom 0.50 gu 95/1104 scale 1.00
09-23 20:17:17.237 I/godot   (20438): [FRAME-SPLIT] per frame: sprite light+throw 0.55 ms (10/f) · room temporal lights 0.06 ms (1/f) · room vision fog 0.06 ms (1/f) · guard attention 0.03 ms (9/f) · room enemy visibility 0.02 ms (1/f)
09-23 20:17:18.454 I/godot   (20438): [FRAME-PROBE] 20.3 ms/frame · render cpu 0.8 ms · render gpu 18.7 ms · 93 draw call(s) · 26028 primitive(s) · 110 object(s) · process 30.7 ms · physics 0.1 ms · 1004 node(s) · view portrait 390x873 zoom 0.50 gu 95/1104 scale 1.00
09-23 20:17:18.454 I/godot   (20438): [FRAME-SPLIT] per frame: sprite light+throw 0.52 ms (10/f) · room temporal lights 0.06 ms (1/f) · room vision fog 0.05 ms (1/f) · guard attention 0.04 ms (9/f) · room enemy visibility 0.02 ms (1/f)
09-23 20:17:19.660 I/godot   (20438): [FRAME-PROBE] 20.1 ms/frame · render cpu 0.9 ms · render gpu 18.5 ms · 93 draw call(s) · 26028 primitive(s) · 110 object(s) · process 23.7 ms · physics 0.1 ms · 1004 node(s) · view portrait 390x873 zoom 0.50 gu 95/1104 scale 1.00
09-23 20:17:19.661 I/godot   (20438): [FRAME-SPLIT] per frame: sprite light+throw 0.47 ms (10/f) · room temporal lights 0.06 ms (1/f) · room vision fog 0.05 ms (1/f) · guard attention 0.03 ms (9/f) · room enemy visibility 0.02 ms (1/f)
09-23 20:17:20.856 I/godot   (20438): [FRAME-PROBE] 19.9 ms/frame · render cpu 0.9 ms · render gpu 18.8 ms · 93 draw call(s) · 26028 primitive(s) · 110 object(s) · process 22.8 ms · physics 0.1 ms · 1004 node(s) · view portrait 390x873 zoom 0.50 gu 95/1104 scale 1.00
09-23 20:17:20.856 I/godot   (20438): [FRAME-SPLIT] per frame: sprite light+throw 0.46 ms (10/f) · room temporal lights 0.06 ms (1/f) · room vision fog 0.05 ms (1/f) · guard attention 0.03 ms (9/f) · room enemy visibility 0.02 ms (1/f)
09-23 20:17:22.062 I/godot   (20438): [FRAME-PROBE] 20.1 ms/frame · render cpu 0.8 ms · render gpu 18.4 ms · 93 draw call(s) · 26028 primitive(s) · 110 object(s) · process 22.8 ms · physics 0.1 ms · 1004 node(s) · view portrait 390x873 zoom 0.50 gu 95/1104 scale 1.00
09-23 20:17:22.062 I/godot   (20438): [FRAME-SPLIT] per frame: sprite light+throw 0.47 ms (10/f) · room temporal lights 0.06 ms (1/f) · room vision fog 0.05 ms (1/f) · guard attention 0.03 ms (9/f) · room enemy visibility 0.02 ms (1/f)
09-23 20:17:23.269 I/godot   (20438): [FRAME-PROBE] 20.1 ms/frame · render cpu 0.8 ms · render gpu 18.7 ms · 93 draw call(s) · 26028 primitive(s) · 110 object(s) · process 22.7 ms · physics 0.1 ms · 1004 node(s) · view portrait 390x873 zoom 0.50 gu 95/1104 scale 1.00
09-23 20:17:23.269 I/godot   (20438): [FRAME-SPLIT] per frame: sprite light+throw 0.48 ms (10/f) · room temporal lights 0.06 ms (1/f) · room vision fog 0.05 ms (1/f) · guard attention 0.03 ms (9/f) · room enemy visibility 0.02 ms (1/f)
09-23 20:17:24.476 I/godot   (20438): [FRAME-PROBE] 20.1 ms/frame · render cpu 0.8 ms · render gpu 18.8 ms · 93 draw call(s) · 26028 primitive(s) · 110 object(s) · process 22.6 ms · physics 0.1 ms · 1004 node(s) · view portrait 390x873 zoom 0.50 gu 95/1104 scale 1.00
09-23 20:17:24.476 I/godot   (20438): [FRAME-SPLIT] per frame: sprite light+throw 0.46 ms (10/f) · room temporal lights 0.06 ms (1/f) · room vision fog 0.05 ms (1/f) · guard attention 0.03 ms (9/f) · room enemy visibility 0.02 ms (1/f)
09-23 20:17:25.682 I/godot   (20438): [FRAME-PROBE] 20.1 ms/frame · render cpu 0.8 ms · render gpu 18.9 ms · 93 draw call(s) · 26028 primitive(s) · 110 object(s) · process 23.2 ms · physics 0.1 ms · 1004 node(s) · view portrait 390x873 zoom 0.50 gu 95/1104 scale 1.00
09-23 20:17:25.682 I/godot   (20438): [FRAME-SPLIT] per frame: sprite light+throw 0.46 ms (10/f) · room temporal lights 0.06 ms (1/f) · room vision fog 0.05 ms (1/f) · guard attention 0.03 ms (9/f) · room enemy visibility 0.02 ms (1/f)
09-23 20:17:26.888 I/godot   (20438): [FRAME-PROBE] 20.1 ms/frame · render cpu 0.9 ms · render gpu 19.0 ms · 93 draw call(s) · 26028 primitive(s) · 110 object(s) · process 22.7 ms · physics 0.1 ms · 1004 node(s) · view portrait 390x873 zoom 0.50 gu 95/1104 scale 1.00
09-23 20:17:26.888 I/godot   (20438): [FRAME-SPLIT] per frame: sprite light+throw 0.46 ms (10/f) · room temporal lights 0.06 ms (1/f) · room vision fog 0.05 ms (1/f) · guard attention 0.03 ms (9/f) · room enemy visibility 0.02 ms (1/f)
09-23 20:17:28.106 I/godot   (20438): [FRAME-PROBE] 20.3 ms/frame · render cpu 0.9 ms · render gpu 18.7 ms · 93 draw call(s) · 26028 primitive(s) · 110 object(s) · process 22.7 ms · physics 0.1 ms · 1004 node(s) · view portrait 390x873 zoom 0.50 gu 95/1104 scale 1.00
09-23 20:17:28.106 I/godot   (20438): [FRAME-SPLIT] per frame: sprite light+throw 0.54 ms (10/f) · room temporal lights 0.06 ms (1/f) · room vision fog 0.06 ms (1/f) · guard attention 0.03 ms (9/f) · room enemy visibility 0.02 ms (1/f)
09-23 20:17:29.312 I/godot   (20438): [FRAME-PROBE] 20.1 ms/frame · render cpu 0.9 ms · render gpu 18.4 ms · 93 draw call(s) · 26028 primitive(s) · 110 object(s) · process 27.7 ms · physics 0.1 ms · 1004 node(s) · view portrait 390x873 zoom 0.50 gu 95/1104 scale 1.00
09-23 20:17:29.312 I/godot   (20438): [FRAME-SPLIT] per frame: sprite light+throw 0.46 ms (10/f) · room temporal lights 0.06 ms (1/f) · room vision fog 0.05 ms (1/f) · guard attention 0.03 ms (9/f) · room enemy visibility 0.02 ms (1/f)
09-23 20:17:29.352 I/godot   (20438): [SCENARIO] 4/4 quit
09-23 20:17:34.135 V/Godot   (20438): OnGodotTerminating
[DIAG-02] com.example.infiltraitor exited on its own at 20:17:37 — capture ends
