--------- beginning of main
09-23 18:15:28.799 V/Godot   (32105): InitEngine with params: [--xr_mode_regular, --xr-mode, off, --fullscreen, --background_color, #000000]
09-23 18:15:28.799 V/Godot   (32105): Initializing Godot plugin registry
09-23 18:15:28.883 V/Godot   (32105): Godot native layer initialization completed: true
09-23 18:15:29.192 V/Godot   (32105): Godot native layer setup completed
09-23 18:15:29.193 V/Godot   (32105): OnInitRenderView: GodotFragment{fc29790} (ca6e9c96-c56d-4072-8a5b-f0412692885f id=0x7f070033)
09-23 18:15:29.205 D/Godot   (32105): Render view should be transparent: false
09-23 18:15:29.205 D/Godot   (32105): usesVulkan(): true
09-23 18:15:29.205 D/Godot   (32105): 			renderingDevice: vulkan (ProjectSettings)
09-23 18:15:29.205 D/Godot   (32105): 			renderer: mobile (ProjectSettings)
09-23 18:15:29.225 V/Godot   (32105): OnStart: GodotFragment{fc29790} (ca6e9c96-c56d-4072-8a5b-f0412692885f id=0x7f070033)
09-23 18:15:29.231 V/Godot   (32105): OnResume: GodotFragment{fc29790} (ca6e9c96-c56d-4072-8a5b-f0412692885f id=0x7f070033)
09-23 18:15:29.272 I/godot   (32105): Godot Engine v4.6.1.stable.official.14d19694e - https://godotengine.org
09-23 18:15:29.393 I/godot   (32105): Vulkan 1.3.225 - Forward Mobile - Using Device #0: ARM - Mali-G57
09-23 18:15:29.884 I/godot   (32105): 
09-23 18:15:34.560 V/Godot   (32105): OnGodotSetupCompleted
09-23 18:15:34.589 I/godot   (32105): [DevFlags] 6 override(s) from /sdcard/Android/data/com.example.infiltraitor/files/dev_flags.cfg — ACTOR_MESH=9, FRAME_PROBE=1, MAP=PLAYGROUND, RENDER3D=1, RNG_SEED=1, SCENARIO=framing portrait; zoom 0.5; wait 25; quit
09-23 18:15:34.589 I/godot   (32105): [INFILTRAITOR] Version 0.9.107
09-23 18:15:34.596 I/godot   (32105): [Registries] Autoload initialized
09-23 18:15:34.600 I/godot   (32105): [RNG] seeded 1 — particle rolls are reproducible this boot
09-23 18:15:34.602 I/godot   (32105): [MaterialRegistry] Registered: brick (color: 0.55,0.29,0.22)
09-23 18:15:34.603 I/godot   (32105): [MaterialRegistry] Registered: cardboard (color: 0.70,0.55,0.36)
09-23 18:15:34.604 I/godot   (32105): [MaterialRegistry] Registered: concrete (color: 0.62,0.62,0.62)
09-23 18:15:34.604 I/godot   (32105): [MaterialRegistry] Registered: dirt (color: 0.50,0.38,0.27)
09-23 18:15:34.605 I/godot   (32105): [MaterialRegistry] Registered: earth (color: 0.52,0.39,0.26)
09-23 18:15:34.606 I/godot   (32105): [MaterialRegistry] Registered: fabric (color: 0.78,0.74,0.66)
09-23 18:15:34.607 I/godot   (32105): [MaterialRegistry] Registered: glass (color: 0.62,0.74,0.78)
09-23 18:15:34.607 I/godot   (32105): [MaterialRegistry] Registered: glass_armored (color: 0.74,0.62,0.78)
09-23 18:15:34.607 I/godot   (32105): [MaterialRegistry] Registered: glass_screen_amber (color: 0.70,0.60,0.38)
09-23 18:15:34.608 I/godot   (32105): [MaterialRegistry] Registered: glass_screen_green (color: 0.38,0.55,0.42)
09-23 18:15:34.608 I/godot   (32105): [MaterialRegistry] Registered: glass_screen_red (color: 0.62,0.40,0.41)
09-23 18:15:34.608 I/godot   (32105): [MaterialRegistry] Registered: grass (color: 0.42,0.55,0.29)
09-23 18:15:34.609 I/godot   (32105): [MaterialRegistry] Registered: gravel (color: 0.55,0.52,0.49)
09-23 18:15:34.610 I/godot   (32105): [MaterialRegistry] Registered: metal (color: 0.49,0.53,0.56)
09-23 18:15:34.610 I/godot   (32105): [MaterialRegistry] Registered: plywood (color: 0.78,0.63,0.42)
09-23 18:15:34.610 I/godot   (32105): [MaterialRegistry] Registered: sand (color: 0.76,0.67,0.51)
09-23 18:15:34.611 I/godot   (32105): [MaterialRegistry] Registered: stone (color: 0.55,0.55,0.58)
09-23 18:15:34.611 I/godot   (32105): [MaterialRegistry] Registered: wood (color: 0.66,0.47,0.31)
09-23 18:15:34.612 I/godot   (32105): [Registries] Material registry initialized with defaults
09-23 18:15:34.612 I/godot   (32105): [BakeConfig] Enabled: true, Blend Mode: 0, Facade Tops: true
09-23 18:15:34.625 I/godot   (32105): [Room] 4 tiles registered.
09-23 18:15:35.457 I/godot   (32105): [Room] Light registry initialized with 0 map lights:
09-23 18:15:35.457 I/godot   (32105): [Room] Tile semantics initialized with 0 tiles, 0 light anchors
09-23 18:15:35.457 I/godot   (32105): [Room] Shadow projector initialized
09-23 18:15:35.457 I/godot   (32105): [Room] Exposure system initialized with 0 light projections
09-23 18:15:35.458 I/godot   (32105): [VisionController] Shadow overlay initialized
09-23 18:15:35.458 I/godot   (32105): [VisionController] Exposure overlay initialized
09-23 18:15:35.458 I/godot   (32105): [VisionController] Tile risk heatmap overlay initialized
09-23 18:15:35.458 I/godot   (32105): [VisionController] Elite exposure overlay initialized: [EliteExposureOverlay safe=0 total=0 confidence=0.00 depth_layers=6 stability_types=4]
09-23 18:15:35.586 I/godot   (32105): [Registries] File map source initialized
09-23 18:15:36.492 I/godot   (32105): [MaterialRegistry] Registered: brick (color: 0.55,0.29,0.22)
09-23 18:15:36.493 I/godot   (32105): [MaterialRegistry] Registered: cardboard (color: 0.70,0.55,0.36)
09-23 18:15:36.493 I/godot   (32105): [MaterialRegistry] Registered: concrete (color: 0.62,0.62,0.62)
09-23 18:15:36.493 I/godot   (32105): [MaterialRegistry] Registered: dirt (color: 0.50,0.38,0.27)
09-23 18:15:36.493 I/godot   (32105): [MaterialRegistry] Registered: earth (color: 0.52,0.39,0.26)
09-23 18:15:36.494 I/godot   (32105): [MaterialRegistry] Registered: fabric (color: 0.78,0.74,0.66)
09-23 18:15:36.494 I/godot   (32105): [MaterialRegistry] Registered: glass (color: 0.62,0.74,0.78)
09-23 18:15:36.494 I/godot   (32105): [MaterialRegistry] Registered: glass_armored (color: 0.74,0.62,0.78)
09-23 18:15:36.494 I/godot   (32105): [MaterialRegistry] Registered: glass_screen_amber (color: 0.70,0.60,0.38)
09-23 18:15:36.495 I/godot   (32105): [MaterialRegistry] Registered: glass_screen_green (color: 0.38,0.55,0.42)
09-23 18:15:36.495 I/godot   (32105): [MaterialRegistry] Registered: glass_screen_red (color: 0.62,0.40,0.41)
09-23 18:15:36.495 I/godot   (32105): [MaterialRegistry] Registered: grass (color: 0.42,0.55,0.29)
09-23 18:15:36.495 I/godot   (32105): [MaterialRegistry] Registered: gravel (color: 0.55,0.52,0.49)
09-23 18:15:36.495 I/godot   (32105): [MaterialRegistry] Registered: metal (color: 0.49,0.53,0.56)
09-23 18:15:36.496 I/godot   (32105): [MaterialRegistry] Registered: plywood (color: 0.78,0.63,0.42)
09-23 18:15:36.496 I/godot   (32105): [MaterialRegistry] Registered: sand (color: 0.76,0.67,0.51)
09-23 18:15:36.496 I/godot   (32105): [MaterialRegistry] Registered: stone (color: 0.55,0.55,0.58)
09-23 18:15:36.496 I/godot   (32105): [MaterialRegistry] Registered: wood (color: 0.66,0.47,0.31)
09-23 18:15:37.218 I/godot   (32105): [ROOM] Baking textures with 40 junction columns...
09-23 18:15:37.245 I/godot   (32105): [ROOM] Grouped edges into 43 runs
09-23 18:15:37.251 I/godot   (32105): [BAKE] Loaded voxel atom: concrete (32×36, 0 AA pixels)
09-23 18:15:37.252 I/godot   (32105): [BAKE] Loaded voxel atom: metal (32×36, 0 AA pixels)
09-23 18:15:37.253 I/godot   (32105): [BAKE] Loaded voxel atom: stone (32×36, 0 AA pixels)
09-23 18:15:37.254 I/godot   (32105): [BAKE] Loaded voxel atom: wood (32×36, 0 AA pixels)
09-23 18:15:37.277 I/godot   (32105): [BAKE] Loaded voxel atom: grass (32×36, 0 AA pixels)
09-23 18:15:37.280 I/godot   (32105): [BAKE] Loaded voxel atom: dirt (32×36, 0 AA pixels)
09-23 18:15:37.282 I/godot   (32105): [BAKE] Loaded voxel atom: gravel (32×36, 0 AA pixels)
09-23 18:15:37.285 I/godot   (32105): [BAKE] Loaded voxel atom: sand (32×36, 0 AA pixels)
09-23 18:15:37.286 I/godot   (32105): [BAKE] Loaded voxel atom: earth (32×36, 0 AA pixels)
09-23 18:15:37.287 I/godot   (32105): [BAKE] Loaded voxel atom: brick (32×36, 0 AA pixels)
09-23 18:15:37.288 I/godot   (32105): [BAKE] Loaded voxel atom: cardboard (32×36, 0 AA pixels)
09-23 18:15:37.289 I/godot   (32105): [BAKE] Loaded voxel atom: fabric (32×36, 0 AA pixels)
09-23 18:15:37.290 I/godot   (32105): [BAKE] Loaded voxel atom: plywood (32×36, 0 AA pixels)
09-23 18:15:37.291 I/godot   (32105): [BAKE] Loaded voxel atom: glass (32×36, 0 AA pixels)
09-23 18:15:37.291 I/godot   (32105): [BAKE] Created persistent BakeCompositor for session
09-23 18:15:37.293 I/godot   (32105): [BAKE] Found 9 unique (material, facade) combos
09-23 18:15:37.438 I/godot   (32105): 
09-23 18:15:37.438 I/godot   (32105): Attempting to resolve: facade_concrete (folder concrete)
09-23 18:15:37.438 I/godot   (32105):   [USER] File not found: user://textures/concrete/facade_concrete.png
09-23 18:15:37.438 I/godot   (32105):   [USER] File not found: user://textures/concrete/facade_concrete.webp
09-23 18:15:37.481 I/godot   (32105):   [DEFAULT] Validation PASS: res://ASSETS/materials/concrete/facade_concrete.png
09-23 18:15:37.481 I/godot   (32105): [RESOLVER] facade_concrete resolved from DEFAULT.png (dims 1024x512)
09-23 18:15:37.481 I/godot   (32105): 
09-23 18:15:37.481 I/godot   (32105): Attempting to resolve: facade_metal (folder metal)
09-23 18:15:37.481 I/godot   (32105):   [USER] File not found: user://textures/metal/facade_metal.png
09-23 18:15:37.482 I/godot   (32105):   [USER] File not found: user://textures/metal/facade_metal.webp
09-23 18:15:37.514 I/godot   (32105):   [DEFAULT] Validation PASS: res://ASSETS/materials/metal/facade_metal.png
09-23 18:15:37.514 I/godot   (32105): [RESOLVER] facade_metal resolved from DEFAULT.png (dims 1024x512)
09-23 18:15:37.514 I/godot   (32105): 
09-23 18:15:37.514 I/godot   (32105): Attempting to resolve: facade_stone (folder stone)
09-23 18:15:37.514 I/godot   (32105):   [USER] File not found: user://textures/stone/facade_stone.png
09-23 18:15:37.514 I/godot   (32105):   [USER] File not found: user://textures/stone/facade_stone.webp
09-23 18:15:37.543 I/godot   (32105):   [DEFAULT] Validation PASS: res://ASSETS/materials/stone/facade_stone.png
09-23 18:15:37.543 I/godot   (32105): [RESOLVER] facade_stone resolved from DEFAULT.png (dims 1024x512)
09-23 18:15:37.543 I/godot   (32105): 
09-23 18:15:37.543 I/godot   (32105): Attempting to resolve: facade_wood (folder wood)
09-23 18:15:37.544 I/godot   (32105):   [USER] File not found: user://textures/wood/facade_wood.png
09-23 18:15:37.544 I/godot   (32105):   [USER] File not found: user://textures/wood/facade_wood.webp
09-23 18:15:37.573 I/godot   (32105):   [DEFAULT] Validation PASS: res://ASSETS/materials/wood/facade_wood.png
09-23 18:15:37.573 I/godot   (32105): [RESOLVER] facade_wood resolved from DEFAULT.png (dims 1024x512)
09-23 18:15:37.573 I/godot   (32105): 
09-23 18:15:37.573 I/godot   (32105): Attempting to resolve: facade_brick (folder brick)
09-23 18:15:37.573 I/godot   (32105):   [USER] File not found: user://textures/brick/facade_brick.png
09-23 18:15:37.573 I/godot   (32105):   [USER] File not found: user://textures/brick/facade_brick.webp
09-23 18:15:37.605 I/godot   (32105):   [DEFAULT] Validation PASS: res://ASSETS/materials/brick/facade_brick.png
09-23 18:15:37.605 I/godot   (32105): [RESOLVER] facade_brick resolved from DEFAULT.png (dims 1024x512)
09-23 18:15:37.605 I/godot   (32105): 
09-23 18:15:37.605 I/godot   (32105): Attempting to resolve: facade_cardboard (folder cardboard)
09-23 18:15:37.605 I/godot   (32105):   [USER] File not found: user://textures/cardboard/facade_cardboard.png
09-23 18:15:37.605 I/godot   (32105):   [USER] File not found: user://textures/cardboard/facade_cardboard.webp
09-23 18:15:37.628 I/godot   (32105):   [DEFAULT] Validation PASS: res://ASSETS/materials/cardboard/facade_cardboard.png
09-23 18:15:37.628 I/godot   (32105): [RESOLVER] facade_cardboard resolved from DEFAULT.png (dims 1024x512)
09-23 18:15:37.628 I/godot   (32105): 
09-23 18:15:37.628 I/godot   (32105): Attempting to resolve: facade_fabric (folder fabric)
09-23 18:15:37.628 I/godot   (32105):   [USER] File not found: user://textures/fabric/facade_fabric.png
09-23 18:15:37.628 I/godot   (32105):   [USER] File not found: user://textures/fabric/facade_fabric.webp
09-23 18:15:37.651 I/godot   (32105):   [DEFAULT] Validation PASS: res://ASSETS/materials/fabric/facade_fabric.png
09-23 18:15:37.651 I/godot   (32105): [RESOLVER] facade_fabric resolved from DEFAULT.png (dims 1024x512)
09-23 18:15:37.651 I/godot   (32105): 
09-23 18:15:37.651 I/godot   (32105): Attempting to resolve: facade_plywood (folder plywood)
09-23 18:15:37.651 I/godot   (32105):   [USER] File not found: user://textures/plywood/facade_plywood.png
09-23 18:15:37.651 I/godot   (32105):   [USER] File not found: user://textures/plywood/facade_plywood.webp
09-23 18:15:37.681 I/godot   (32105):   [DEFAULT] Validation PASS: res://ASSETS/materials/plywood/facade_plywood.png
09-23 18:15:37.681 I/godot   (32105): [RESOLVER] facade_plywood resolved from DEFAULT.png (dims 1024x512)
09-23 18:15:37.681 I/godot   (32105): 
09-23 18:15:37.681 I/godot   (32105): Attempting to resolve: facade_glass (folder glass)
09-23 18:15:37.682 I/godot   (32105):   [USER] File not found: user://textures/glass/facade_glass.png
09-23 18:15:37.682 I/godot   (32105):   [USER] File not found: user://textures/glass/facade_glass.webp
09-23 18:15:37.690 I/godot   (32105):   [DEFAULT] Validation PASS: res://ASSETS/materials/glass/facade_glass.png
09-23 18:15:37.690 I/godot   (32105): [RESOLVER] facade_glass resolved from DEFAULT.png (dims 1024x512)
09-23 18:15:38.461 I/godot   (32105): [BAKE] Composed sheet concrete|facade_concrete|0 (2048 atoms)
09-23 18:15:39.311 I/godot   (32105): [BAKE] Composed sheet concrete|facade_concrete|1 (2048 atoms)
09-23 18:15:39.816 I/godot   (32105): [BAKE] Composed sheet metal|facade_metal|0 (2048 atoms)
09-23 18:15:40.264 I/godot   (32105): [BAKE] Composed sheet metal|facade_metal|1 (2048 atoms)
09-23 18:15:40.694 I/godot   (32105): [BAKE] Composed sheet stone|facade_stone|0 (2048 atoms)
09-23 18:15:41.146 I/godot   (32105): [BAKE] Composed sheet stone|facade_stone|1 (2048 atoms)
09-23 18:15:41.577 I/godot   (32105): [BAKE] Composed sheet wood|facade_wood|0 (2048 atoms)
09-23 18:15:42.030 I/godot   (32105): [BAKE] Composed sheet wood|facade_wood|1 (2048 atoms)
09-23 18:15:42.461 I/godot   (32105): [BAKE] Composed sheet brick|facade_brick|0 (2048 atoms)
09-23 18:15:42.909 I/godot   (32105): [BAKE] Composed sheet brick|facade_brick|1 (2048 atoms)
09-23 18:15:43.355 I/godot   (32105): [BAKE] Composed sheet cardboard|facade_cardboard|0 (2048 atoms)
09-23 18:15:43.811 I/godot   (32105): [BAKE] Composed sheet cardboard|facade_cardboard|1 (2048 atoms)
09-23 18:15:44.246 I/godot   (32105): [BAKE] Composed sheet fabric|facade_fabric|0 (2048 atoms)
09-23 18:15:44.694 I/godot   (32105): [BAKE] Composed sheet fabric|facade_fabric|1 (2048 atoms)
09-23 18:15:45.138 I/godot   (32105): [BAKE] Composed sheet plywood|facade_plywood|0 (2048 atoms)
09-23 18:15:45.588 I/godot   (32105): [BAKE] Composed sheet plywood|facade_plywood|1 (2048 atoms)
09-23 18:15:46.023 I/godot   (32105): [BAKE] Composed sheet glass|facade_glass|0 (2048 atoms)
09-23 18:15:46.475 I/godot   (32105): [BAKE] Composed sheet glass|facade_glass|1 (2048 atoms)
09-23 18:15:46.545 I/godot   (32105): [BAKE] Composed junction page: concrete|facade_concrete (160 atoms)
09-23 18:15:46.584 I/godot   (32105): [BAKE] Composed junction page: metal|facade_metal (64 atoms)
09-23 18:15:46.623 I/godot   (32105): [BAKE] Composed junction page: stone|facade_stone (64 atoms)
09-23 18:15:46.662 I/godot   (32105): [BAKE] Composed junction page: wood|facade_wood (64 atoms)
09-23 18:15:46.702 I/godot   (32105): [BAKE] Composed junction page: brick|facade_brick (64 atoms)
09-23 18:15:46.742 I/godot   (32105): [BAKE] Composed junction page: cardboard|facade_cardboard (64 atoms)
09-23 18:15:46.782 I/godot   (32105): [BAKE] Composed junction page: fabric|facade_fabric (64 atoms)
09-23 18:15:46.822 I/godot   (32105): [BAKE] Composed junction page: plywood|facade_plywood (64 atoms)
09-23 18:15:46.862 I/godot   (32105): [BAKE] Composed junction page: glass|facade_glass (64 atoms)
09-23 18:15:47.846 I/godot   (32105): [BAKE] Composed roof page ROOF|concrete|facade_concrete (4096 atoms)
09-23 18:15:48.462 I/godot   (32105): [BAKE] Composed roof page ROOF|metal|facade_metal (586 atoms)
09-23 18:15:49.056 I/godot   (32105): [BAKE] Composed roof page ROOF|stone|facade_stone (586 atoms)
09-23 18:15:49.645 I/godot   (32105): [BAKE] Composed roof page ROOF|wood|facade_wood (586 atoms)
09-23 18:15:50.231 I/godot   (32105): [BAKE] Composed roof page ROOF|brick|facade_brick (586 atoms)
09-23 18:15:50.824 I/godot   (32105): [BAKE] Composed roof page ROOF|cardboard|facade_cardboard (586 atoms)
09-23 18:15:51.410 I/godot   (32105): [BAKE] Composed roof page ROOF|fabric|facade_fabric (586 atoms)
09-23 18:15:52.000 I/godot   (32105): [BAKE] Composed roof page ROOF|plywood|facade_plywood (586 atoms)
09-23 18:15:52.585 I/godot   (32105): [BAKE] Composed roof page ROOF|glass|facade_glass (586 atoms)
09-23 18:15:52.590 I/godot   (32105): [BAKE] Baked 9 combos × 2 directions in 14899.0 ms
09-23 18:15:52.592 I/godot   (32105): [ROOM] Bake complete: 15300 ms, 36 pages
09-23 18:15:57.206 I/godot   (32105): [ROOM] Registered baked atlas page 0 as source 98 on voxel_renderer (8448 tiles created)
09-23 18:16:02.087 I/godot   (32105): [ROOM] Registered baked atlas page 1 as source 99 on voxel_renderer (8448 tiles created)
09-23 18:16:02.101 I/godot   (32105): [ROOM] Registered baked atlas page 2 as source 100 on voxel_renderer (384 tiles created)
09-23 18:16:02.115 I/godot   (32105): [ROOM] Registered baked atlas page 3 as source 101 on voxel_renderer (384 tiles created)
09-23 18:16:02.129 I/godot   (32105): [ROOM] Registered baked atlas page 4 as source 102 on voxel_renderer (384 tiles created)
09-23 18:16:02.144 I/godot   (32105): [ROOM] Registered baked atlas page 5 as source 103 on voxel_renderer (384 tiles created)
09-23 18:16:02.159 I/godot   (32105): [ROOM] Registered baked atlas page 6 as source 104 on voxel_renderer (384 tiles created)
09-23 18:16:02.174 I/godot   (32105): [ROOM] Registered baked atlas page 7 as source 105 on voxel_renderer (384 tiles created)
09-23 18:16:02.188 I/godot   (32105): [ROOM] Registered baked atlas page 8 as source 106 on voxel_renderer (384 tiles created)
09-23 18:16:02.203 I/godot   (32105): [ROOM] Registered baked atlas page 9 as source 107 on voxel_renderer (384 tiles created)
09-23 18:16:02.218 I/godot   (32105): [ROOM] Registered baked atlas page 10 as source 108 on voxel_renderer (384 tiles created)
09-23 18:16:02.233 I/godot   (32105): [ROOM] Registered baked atlas page 11 as source 109 on voxel_renderer (384 tiles created)
09-23 18:16:02.247 I/godot   (32105): [ROOM] Registered baked atlas page 12 as source 110 on voxel_renderer (384 tiles created)
09-23 18:16:02.262 I/godot   (32105): [ROOM] Registered baked atlas page 13 as source 111 on voxel_renderer (384 tiles created)
09-23 18:16:02.277 I/godot   (32105): [ROOM] Registered baked atlas page 14 as source 112 on voxel_renderer (384 tiles created)
09-23 18:16:02.292 I/godot   (32105): [ROOM] Registered baked atlas page 15 as source 113 on voxel_renderer (384 tiles created)
09-23 18:16:02.314 I/godot   (32105): [ROOM] Registered baked atlas page 16 as source 114 on voxel_renderer (384 tiles created)
09-23 18:16:02.417 I/godot   (32105): [ROOM] Registered baked atlas page 17 as source 115 on voxel_renderer (384 tiles created)
09-23 18:16:02.422 I/godot   (32105): [ROOM] Registered baked atlas page 18 as source 116 on voxel_renderer (160 tiles created)
09-23 18:16:02.424 I/godot   (32105): [ROOM] Registered baked atlas page 19 as source 117 on voxel_renderer (64 tiles created)
09-23 18:16:02.426 I/godot   (32105): [ROOM] Registered baked atlas page 20 as source 118 on voxel_renderer (64 tiles created)
09-23 18:16:02.428 I/godot   (32105): [ROOM] Registered baked atlas page 21 as source 119 on voxel_renderer (64 tiles created)
09-23 18:16:02.430 I/godot   (32105): [ROOM] Registered baked atlas page 22 as source 120 on voxel_renderer (64 tiles created)
09-23 18:16:02.432 I/godot   (32105): [ROOM] Registered baked atlas page 23 as source 121 on voxel_renderer (64 tiles created)
09-23 18:16:02.434 I/godot   (32105): [ROOM] Registered baked atlas page 24 as source 122 on voxel_renderer (64 tiles created)
09-23 18:16:02.436 I/godot   (32105): [ROOM] Registered baked atlas page 25 as source 123 on voxel_renderer (64 tiles created)
09-23 18:16:02.438 I/godot   (32105): [ROOM] Registered baked atlas page 26 as source 124 on voxel_renderer (64 tiles created)
09-23 18:16:03.453 I/godot   (32105): [ROOM] Registered baked atlas page 27 as source 125 on voxel_renderer (4096 tiles created)
09-23 18:16:03.482 I/godot   (32105): [ROOM] Registered baked atlas page 28 as source 126 on voxel_renderer (586 tiles created)
09-23 18:16:03.510 I/godot   (32105): [ROOM] Registered baked atlas page 29 as source 127 on voxel_renderer (586 tiles created)
09-23 18:16:03.537 I/godot   (32105): [ROOM] Registered baked atlas page 30 as source 128 on voxel_renderer (586 tiles created)
09-23 18:16:03.564 I/godot   (32105): [ROOM] Registered baked atlas page 31 as source 129 on voxel_renderer (586 tiles created)
09-23 18:16:03.591 I/godot   (32105): [ROOM] Registered baked atlas page 32 as source 130 on voxel_renderer (586 tiles created)
09-23 18:16:03.618 I/godot   (32105): [ROOM] Registered baked atlas page 33 as source 131 on voxel_renderer (586 tiles created)
09-23 18:16:03.644 I/godot   (32105): [ROOM] Registered baked atlas page 34 as source 132 on voxel_renderer (586 tiles created)
09-23 18:16:03.671 I/godot   (32105): [ROOM] Registered baked atlas page 35 as source 133 on voxel_renderer (586 tiles created)
09-23 18:16:03.672 I/godot   (32105): [VOXEL] Baked lookup set: registered
09-23 18:16:03.681 I/godot   (32105): [BAKE] Disk cache HIT: loaded 1ff64de9
09-23 18:16:04.435 I/godot   (32105): [D33] composite page: 3584 tile(s) created up front in 739.8 ms
09-23 18:16:04.461 I/godot   (32105): [BAKE] Disk cache HIT: loaded 79f4f5e8
09-23 18:16:04.464 I/godot   (32105): [BAKE] Disk cache HIT: loaded c5a3ab77
09-23 18:16:04.467 I/godot   (32105): [BAKE] Disk cache HIT: loaded 38139423
09-23 18:16:04.470 I/godot   (32105): [BAKE] Disk cache HIT: loaded 66da5472
09-23 18:16:04.473 I/godot   (32105): [BAKE] Disk cache HIT: loaded e4993765
09-23 18:16:04.476 I/godot   (32105): [BAKE] Disk cache HIT: loaded 689fb62e
09-23 18:16:04.480 I/godot   (32105): [BAKE] Disk cache HIT: loaded 6705897f
09-23 18:16:04.483 I/godot   (32105): [BAKE] Disk cache HIT: loaded f45df950
09-23 18:16:04.486 I/godot   (32105): [BAKE] Disk cache HIT: loaded a69e54c4
09-23 18:16:04.489 I/godot   (32105): [BAKE] Disk cache HIT: loaded 789ec235
09-23 18:16:04.492 I/godot   (32105): [BAKE] Disk cache HIT: loaded 7ae0a8c2
09-23 18:16:04.495 I/godot   (32105): [BAKE] Disk cache HIT: loaded e19baabe
09-23 18:16:04.499 I/godot   (32105): [BAKE] Disk cache HIT: loaded 3323d2cf
09-23 18:16:04.502 I/godot   (32105): [BAKE] Disk cache HIT: loaded 14a1b0e0
09-23 18:16:04.506 I/godot   (32105): [BAKE] Disk cache HIT: loaded 312a1305
09-23 18:16:04.509 I/godot   (32105): [BAKE] Disk cache HIT: loaded a6443a14
09-23 18:16:04.511 I/godot   (32105): [BAKE] Disk cache HIT: loaded de99e143
09-23 18:16:04.514 I/godot   (32105): [BAKE] Disk cache HIT: loaded f582f5c8
09-23 18:16:04.517 I/godot   (32105): [BAKE] Disk cache HIT: loaded c18fa5c9
09-23 18:16:04.520 I/godot   (32105): [BAKE] Disk cache HIT: loaded 75160ea6
09-23 18:16:04.523 I/godot   (32105): [BAKE] Disk cache HIT: loaded 4d745b00
09-23 18:16:04.526 I/godot   (32105): [BAKE] Disk cache HIT: loaded baeabe01
09-23 18:16:04.529 I/godot   (32105): [BAKE] Disk cache HIT: loaded 535489de
09-23 18:16:04.532 I/godot   (32105): [BAKE] Disk cache HIT: loaded 3e4f2802
09-23 18:16:04.535 I/godot   (32105): [BAKE] Disk cache HIT: loaded 8f879e33
09-23 18:16:04.538 I/godot   (32105): [BAKE] Disk cache HIT: loaded e5158604
09-23 18:16:04.541 I/godot   (32105): [BAKE] Disk cache HIT: loaded bda6b76f
09-23 18:16:04.544 I/godot   (32105): [BAKE] Disk cache HIT: loaded 6ae15ade
09-23 18:16:04.547 I/godot   (32105): [BAKE] Disk cache HIT: loaded d2778f01
09-23 18:16:04.550 I/godot   (32105): [BAKE] Disk cache HIT: loaded 8acb8dbd
09-23 18:16:04.553 I/godot   (32105): [BAKE] Disk cache HIT: loaded f8179f2c
09-23 18:16:04.555 I/godot   (32105): [BAKE] Disk cache HIT: loaded c3776c5b
09-23 18:16:04.558 I/godot   (32105): [BAKE] Disk cache HIT: loaded ddea6eff
09-23 18:16:04.561 I/godot   (32105): [BAKE] Disk cache HIT: loaded df849bae
09-23 18:16:04.564 I/godot   (32105): [BAKE] Disk cache HIT: loaded 4b738391
09-23 18:16:04.567 I/godot   (32105): [BAKE] Disk cache HIT: loaded 310dc82c
09-23 18:16:04.570 I/godot   (32105): [BAKE] Disk cache HIT: loaded c3c1b6bd
09-23 18:16:04.573 I/godot   (32105): [BAKE] Disk cache HIT: loaded 2a46d30a
09-23 18:16:04.577 I/godot   (32105): [BAKE] Disk cache HIT: loaded fdc7ddf1
09-23 18:16:04.580 I/godot   (32105): [BAKE] Disk cache HIT: loaded 0fb2e0b0
09-23 18:16:04.583 I/godot   (32105): [BAKE] Disk cache HIT: loaded db12addf
09-23 18:16:04.585 I/godot   (32105): [BAKE] Disk cache HIT: loaded 4f78b87f
09-23 18:16:04.588 I/godot   (32105): [BAKE] Disk cache HIT: loaded 5112e52e
09-23 18:16:04.591 I/godot   (32105): [BAKE] Disk cache HIT: loaded bd01cd11
09-23 18:16:04.593 I/godot   (32105): [BAKE] Disk cache HIT: loaded 75a5bc1d
09-23 18:16:04.596 I/godot   (32105): [BAKE] Disk cache HIT: loaded 564b730c
09-23 18:16:04.599 I/godot   (32105): [BAKE] Disk cache HIT: loaded a1ac09bb
09-23 18:16:04.601 I/godot   (32105): [BAKE] Disk cache HIT: loaded 62ea1cf0
09-23 18:16:04.604 I/godot   (32105): [BAKE] Disk cache HIT: loaded 50ff1a31
09-23 18:16:04.607 I/godot   (32105): [BAKE] Disk cache HIT: loaded dc23f14e
09-23 18:16:04.609 I/godot   (32105): [BAKE] Disk cache HIT: loaded 8b168722
09-23 18:16:04.612 I/godot   (32105): [BAKE] Disk cache HIT: loaded dd8c31d3
09-23 18:16:04.615 I/godot   (32105): [BAKE] Disk cache HIT: loaded 31dce524
09-23 18:16:04.618 I/godot   (32105): [BAKE] Disk cache HIT: loaded dbe61180
09-23 18:16:04.621 I/godot   (32105): [BAKE] Disk cache HIT: loaded 495c7481
09-23 18:16:04.624 I/godot   (32105): [BAKE] Disk cache HIT: loaded e1c6405e
09-23 18:16:04.627 I/godot   (32105): [BAKE] Disk cache HIT: loaded 266b01ab
09-23 18:16:04.630 I/godot   (32105): [BAKE] Disk cache HIT: loaded 53a66e9a
09-23 18:16:04.632 I/godot   (32105): [BAKE] Disk cache HIT: loaded d31dba8d
09-23 18:16:04.635 I/godot   (32105): [BAKE] Disk cache HIT: loaded 4da47f86
09-23 18:16:04.638 I/godot   (32105): [BAKE] Disk cache HIT: loaded ec09bbb7
09-23 18:16:04.641 I/godot   (32105): [BAKE] Disk cache HIT: loaded a05b0628
09-23 18:16:04.644 I/godot   (32105): [BAKE] Disk cache HIT: loaded 2ad8f476
09-23 18:16:04.647 I/godot   (32105): [BAKE] Disk cache HIT: loaded 7655f6e7
09-23 18:16:04.650 I/godot   (32105): [BAKE] Disk cache HIT: loaded aaa677d8
09-23 18:16:04.653 I/godot   (32105): [BAKE] Disk cache HIT: loaded 93993437
09-23 18:16:04.656 I/godot   (32105): [BAKE] Disk cache HIT: loaded f533f806
09-23 18:16:04.659 I/godot   (32105): [BAKE] Disk cache HIT: loaded 953399a9
09-23 18:16:04.662 I/godot   (32105): [BAKE] Disk cache HIT: loaded 0fc056b1
09-23 18:16:04.664 I/godot   (32105): [BAKE] Disk cache HIT: loaded 21ab5970
09-23 18:16:04.667 I/godot   (32105): [BAKE] Disk cache HIT: loaded ed0b269f
09-23 18:16:04.670 I/godot   (32105): [BAKE] Disk cache HIT: loaded 9b8ed3b4
09-23 18:16:04.673 I/godot   (32105): [BAKE] Disk cache HIT: loaded 99ce5225
09-23 18:16:04.676 I/godot   (32105): [BAKE] Disk cache HIT: loaded 48889b32
09-23 18:16:04.679 I/godot   (32105): [BAKE] Disk cache HIT: loaded 1a067eca
09-23 18:16:04.682 I/godot   (32105): [BAKE] Disk cache HIT: loaded ec2d411b
09-23 18:16:04.684 I/godot   (32105): [BAKE] Disk cache HIT: loaded 4d0c84ec
09-23 18:16:04.687 I/godot   (32105): [BAKE] Disk cache HIT: loaded 0054ff2c
09-23 18:16:04.690 I/godot   (32105): [BAKE] Disk cache HIT: loaded 9308edbd
09-23 18:16:04.692 I/godot   (32105): [BAKE] Disk cache HIT: loaded f98e0a0a
09-23 18:16:04.695 I/godot   (32105): [BAKE] Disk cache HIT: loaded bcf9043b
09-23 18:16:04.698 I/godot   (32105): [BAKE] Disk cache HIT: loaded ead241ea
09-23 18:16:04.701 I/godot   (32105): [BAKE] Disk cache HIT: loaded 90f2b69d
09-23 18:16:04.704 I/godot   (32105): [BAKE] Disk cache HIT: loaded 9e92ca16
09-23 18:16:04.708 I/godot   (32105): [BAKE] Disk cache HIT: loaded 101b2487
09-23 18:16:04.711 I/godot   (32105): [BAKE] Disk cache HIT: loaded caa027f8
09-23 18:16:04.713 I/godot   (32105): [BAKE] Disk cache HIT: loaded db3c5d88
09-23 18:16:04.716 I/godot   (32105): [BAKE] Disk cache HIT: loaded a7490d89
09-23 18:16:04.719 I/godot   (32105): [BAKE] Disk cache HIT: loaded b387b366
09-23 18:16:04.721 I/godot   (32105): [BAKE] Disk cache HIT: loaded d51907ad
09-23 18:16:04.724 I/godot   (32105): [BAKE] Disk cache HIT: loaded c303b35c
09-23 18:16:04.727 I/godot   (32105): [BAKE] Disk cache HIT: loaded 0dc4e64b
09-23 18:16:04.730 I/godot   (32105): [BAKE] Disk cache HIT: loaded 6f0d800b
09-23 18:16:04.732 I/godot   (32105): [BAKE] Disk cache HIT: loaded 988e09fa
09-23 18:16:04.735 I/godot   (32105): [BAKE] Disk cache HIT: loaded 3661a16d
09-23 18:16:04.738 I/godot   (32105): [BAKE] Disk cache HIT: loaded 00714a05
09-23 18:16:04.741 I/godot   (32105): [BAKE] Disk cache HIT: loaded 758b7114
09-23 18:16:04.744 I/godot   (32105): [BAKE] Disk cache HIT: loaded ade11843
09-23 18:16:04.747 I/godot   (32105): [BAKE] Disk cache HIT: loaded c99c60fa
09-23 18:16:04.749 I/godot   (32105): [BAKE] Disk cache HIT: loaded a01bd70b
09-23 18:16:04.752 I/godot   (32105): [BAKE] Disk cache HIT: loaded 555aa41c
09-23 18:16:04.755 I/godot   (32105): [BAKE] Disk cache HIT: loaded d172d041
09-23 18:16:04.758 I/godot   (32105): [BAKE] Disk cache HIT: loaded 0b443040
09-23 18:16:04.761 I/godot   (32105): [BAKE] Disk cache HIT: loaded 63e9bbaf
09-23 18:16:04.763 I/godot   (32105): [BAKE] Disk cache HIT: loaded 7dc14c67
09-23 18:16:04.766 I/godot   (32105): [BAKE] Disk cache HIT: loaded 324449f6
09-23 18:16:04.769 I/godot   (32105): [BAKE] Disk cache HIT: loaded febd1799
09-23 18:16:04.772 I/godot   (32105): [BAKE] Disk cache HIT: loaded 80070612
09-23 18:16:04.774 I/godot   (32105): [BAKE] Disk cache HIT: loaded d27cb0c3
09-23 18:16:04.777 I/godot   (32105): [BAKE] Disk cache HIT: loaded 9a270994
09-23 18:16:04.780 I/godot   (32105): [BAKE] Disk cache HIT: loaded 408a168c
09-23 18:16:04.782 I/godot   (32105): [BAKE] Disk cache HIT: loaded 5fe45f9d
09-23 18:16:04.785 I/godot   (32105): [BAKE] Disk cache HIT: loaded b9c3eaea
09-23 18:16:04.788 I/godot   (32105): [BAKE] Disk cache HIT: loaded fb0049ea
09-23 18:16:04.790 I/godot   (32105): [BAKE] Disk cache HIT: loaded cd270c3b
09-23 18:16:04.793 I/godot   (32105): [BAKE] Disk cache HIT: loaded 81c6758c
09-23 18:16:04.796 I/godot   (32105): [BAKE] Disk cache HIT: loaded 725b1a95
09-23 18:16:04.798 I/godot   (32105): [BAKE] Disk cache HIT: loaded f41ad2a4
09-23 18:16:04.801 I/godot   (32105): [BAKE] Disk cache HIT: loaded 9fca1f53
09-23 18:16:04.804 I/godot   (32105): [BAKE] Disk cache HIT: loaded 3ce87820
09-23 18:16:04.807 I/godot   (32105): [BAKE] Disk cache HIT: loaded aa5edb21
09-23 18:16:04.809 I/godot   (32105): [BAKE] Disk cache HIT: loaded dd6945fe
09-23 18:16:04.812 I/godot   (32105): [BAKE] Disk cache HIT: loaded 375c7783
09-23 18:16:04.815 I/godot   (32105): [BAKE] Disk cache HIT: loaded e4e6ccd2
09-23 18:16:04.817 I/godot   (32105): [BAKE] Disk cache HIT: loaded 89eca945
09-23 18:16:04.821 I/godot   (32105): [BAKE] Disk cache HIT: loaded 6f1c8b0d
09-23 18:16:04.823 I/godot   (32105): [BAKE] Disk cache HIT: loaded cf23a7bc
09-23 18:16:04.826 I/godot   (32105): [BAKE] Disk cache HIT: loaded c269d22b
09-23 18:16:04.829 I/godot   (32105): [BAKE] Disk cache HIT: loaded a2f6a7a8
09-23 18:16:04.832 I/godot   (32105): [BAKE] Disk cache HIT: loaded f03fc2a9
09-23 18:16:04.835 I/godot   (32105): [BAKE] Disk cache HIT: loaded 50402106
09-23 18:16:04.838 I/godot   (32105): [BAKE] Disk cache HIT: loaded 170da79e
09-23 18:16:04.841 I/godot   (32105): [BAKE] Disk cache HIT: loaded 69d3042f
09-23 18:16:04.843 I/godot   (32105): [BAKE] Disk cache HIT: loaded 112d78c0
09-23 18:16:04.846 I/godot   (32105): [BAKE] Disk cache HIT: loaded 0bea3be0
09-23 18:16:04.849 I/godot   (32105): [BAKE] Disk cache HIT: loaded 79609ee1
09-23 18:16:04.851 I/godot   (32105): [BAKE] Disk cache HIT: loaded d8e435be
09-23 18:16:04.854 I/godot   (32105): [BAKE] Disk cache HIT: loaded c2f0fe17
09-23 18:16:04.857 I/godot   (32105): [BAKE] Disk cache HIT: loaded d0ca0966
09-23 18:16:04.861 I/godot   (32105): [BAKE] Disk cache HIT: loaded c48b6389
09-23 18:16:04.864 I/godot   (32105): [BAKE] Disk cache HIT: loaded f42ffe0a
09-23 18:16:04.867 I/godot   (32105): [BAKE] Disk cache HIT: loaded c656c05b
09-23 18:16:04.869 I/godot   (32105): [BAKE] Disk cache HIT: loaded faf6f32c
09-23 18:16:04.872 I/godot   (32105): [BAKE] Disk cache HIT: loaded 8e459ee2
09-23 18:16:04.875 I/godot   (32105): [BAKE] Disk cache HIT: loaded e0bb4993
09-23 18:16:04.878 I/godot   (32105): [BAKE] Disk cache HIT: loaded 350bfce4
09-23 18:16:04.881 I/godot   (32105): [BAKE] Disk cache HIT: loaded 22b77a14
09-23 18:16:04.884 I/godot   (32105): [BAKE] Disk cache HIT: loaded ad9d5305
09-23 18:16:04.887 I/godot   (32105): [BAKE] Disk cache HIT: loaded 08977692
09-23 18:16:04.890 I/godot   (32105): [BAKE] Disk cache HIT: loaded 2b3ac651
09-23 18:16:04.892 I/godot   (32105): [BAKE] Disk cache HIT: loaded 4b0a2190
09-23 18:16:04.895 I/godot   (32105): [BAKE] Disk cache HIT: loaded 1669eebf
09-23 18:16:04.898 I/godot   (32105): [BAKE] Disk cache HIT: loaded ddd178df
09-23 18:16:04.901 I/godot   (32105): [BAKE] Disk cache HIT: loaded 8bab800e
09-23 18:16:04.903 I/godot   (32105): [BAKE] Disk cache HIT: loaded 0086a8f1
09-23 18:16:04.906 I/godot   (32105): [BAKE] Disk cache HIT: loaded 078ff8c9
09-23 18:16:04.909 I/godot   (32105): [BAKE] Disk cache HIT: loaded 3b8348c8
09-23 18:16:04.911 I/godot   (32105): [BAKE] Disk cache HIT: loaded 05f59357
09-23 18:16:04.914 I/godot   (32105): [BAKE] Disk cache HIT: loaded fa29a4f6
09-23 18:16:04.917 I/godot   (32105): [BAKE] Disk cache HIT: loaded 45a6a767
09-23 18:16:04.921 I/godot   (32105): [BAKE] Disk cache HIT: loaded 79f72858
09-23 18:16:04.923 I/godot   (32105): [BAKE] Disk cache HIT: loaded c43fb14b
09-23 18:16:04.926 I/godot   (32105): [BAKE] Disk cache HIT: loaded 72b7893a
09-23 18:16:04.929 I/godot   (32105): [BAKE] Disk cache HIT: loaded 8b93d2ad
09-23 18:16:04.931 I/godot   (32105): [BAKE] Disk cache HIT: loaded 3c0fdd7d
09-23 18:16:04.934 I/godot   (32105): [BAKE] Disk cache HIT: loaded 50a3b1ec
09-23 18:16:04.937 I/godot   (32105): [BAKE] Disk cache HIT: loaded efc46e1b
09-23 18:16:04.940 I/godot   (32105): [BAKE] Disk cache HIT: loaded 5d243053
09-23 18:16:04.943 I/godot   (32105): [BAKE] Disk cache HIT: loaded 0aae85a2
09-23 18:16:04.946 I/godot   (32105): [BAKE] Disk cache HIT: loaded 2fb52b95
09-23 18:16:04.949 I/godot   (32105): [BAKE] Disk cache HIT: loaded dcc1c5e6
09-23 18:16:04.952 I/godot   (32105): [BAKE] Disk cache HIT: loaded cee8ba97
09-23 18:16:04.955 I/godot   (32105): [BAKE] Disk cache HIT: loaded 04767008
09-23 18:16:04.958 I/godot   (32105): [BAKE] Disk cache HIT: loaded e8344460
09-23 18:16:04.961 I/godot   (32105): [BAKE] Disk cache HIT: loaded 55aaa761
09-23 18:16:04.964 I/godot   (32105): [BAKE] Disk cache HIT: loaded b52e3e3e
09-23 18:16:04.967 I/godot   (32105): [BAKE] Disk cache HIT: loaded 3ac39f1e
09-23 18:16:04.970 I/godot   (32105): [BAKE] Disk cache HIT: loaded 8d88fbaf
09-23 18:16:04.973 I/godot   (32105): [BAKE] Disk cache HIT: loaded 34e37040
09-23 18:16:04.976 I/godot   (32105): [BAKE] Disk cache HIT: loaded ae9fd721
09-23 18:16:04.979 I/godot   (32105): [BAKE] Disk cache HIT: loaded 41297420
09-23 18:16:04.982 I/godot   (32105): [BAKE] Disk cache HIT: loaded 8beaa70f
09-23 18:16:04.985 I/godot   (32105): [BAKE] Disk cache HIT: loaded 991789cc
09-23 18:16:04.988 I/godot   (32105): [BAKE] Disk cache HIT: loaded b871d2dd
09-23 18:16:04.991 I/godot   (32105): [BAKE] Disk cache HIT: loaded b999212a
09-23 18:16:04.994 I/godot   (32105): [BAKE] Disk cache HIT: loaded 5e0bedbc
09-23 18:16:04.996 I/godot   (32105): [BAKE] Disk cache HIT: loaded fe04d10d
09-23 18:16:04.999 I/godot   (32105): [BAKE] Disk cache HIT: loaded 7e8d851a
09-23 18:16:05.002 I/godot   (32105): [BAKE] Disk cache HIT: loaded f0cbacc5
09-23 18:16:05.005 I/godot   (32105): [BAKE] Disk cache HIT: loaded 65e5d3d4
09-23 18:16:05.008 I/godot   (32105): [BAKE] Disk cache HIT: loaded 9e3b7b03
09-23 18:16:05.011 I/godot   (32105): [BAKE] Disk cache HIT: loaded fe7ed17f
09-23 18:16:05.014 I/godot   (32105): [BAKE] Disk cache HIT: loaded 0018fe2e
09-23 18:16:05.017 I/godot   (32105): [BAKE] Disk cache HIT: loaded 6c07e611
09-23 18:16:05.020 I/godot   (32105): [BAKE] Disk cache HIT: loaded f8617f42
09-23 18:16:05.023 I/godot   (32105): [BAKE] Disk cache HIT: loaded a2523273
09-23 18:16:05.026 I/godot   (32105): [BAKE] Disk cache HIT: loaded 241f2b44
09-23 18:16:05.029 I/godot   (32105): [BAKE] Disk cache HIT: loaded 43e30398
09-23 18:16:05.032 I/godot   (32105): [BAKE] Disk cache HIT: loaded 908e4dd9
09-23 18:16:05.035 I/godot   (32105): [BAKE] Disk cache HIT: loaded 1ccdbd36
09-23 18:16:05.038 I/godot   (32105): [BAKE] Disk cache HIT: loaded 9bc17792
09-23 18:16:05.041 I/godot   (32105): [BAKE] Disk cache HIT: loaded ee372243
09-23 18:16:05.044 I/godot   (32105): [BAKE] Disk cache HIT: loaded b5e17b14
09-23 18:16:05.047 I/godot   (32105): [BAKE] Disk cache HIT: loaded 8af654d1
09-23 18:16:05.050 I/godot   (32105): [BAKE] Disk cache HIT: loaded aac5b010
09-23 18:16:05.052 I/godot   (32105): [BAKE] Disk cache HIT: loaded 76257d3f
09-23 18:16:05.055 I/godot   (32105): [BAKE] Disk cache HIT: loaded 97f724ec
09-23 18:16:05.058 I/godot   (32105): [BAKE] Disk cache HIT: loaded 8363507d
09-23 18:16:05.061 I/godot   (32105): [BAKE] Disk cache HIT: loaded 64f11eca
09-23 18:16:05.064 I/godot   (32105): [BAKE] Disk cache HIT: loaded 02300d3e
09-23 18:16:05.067 I/godot   (32105): [BAKE] Disk cache HIT: loaded 53b8354f
09-23 18:16:05.070 I/godot   (32105): [BAKE] Disk cache HIT: loaded 35361360
09-23 18:16:05.073 I/godot   (32105): [BAKE] Disk cache HIT: loaded cc7a3463
09-23 18:16:05.076 I/godot   (32105): [BAKE] Disk cache HIT: loaded cf01e3b2
09-23 18:16:05.079 I/godot   (32105): [BAKE] Disk cache HIT: loaded 20479aa5
09-23 18:16:05.083 I/godot   (32105): [BAKE] Disk cache HIT: loaded a4e028c1
09-23 18:16:05.086 I/godot   (32105): [BAKE] Disk cache HIT: loaded deb188c0
09-23 18:16:05.089 I/godot   (32105): [BAKE] Disk cache HIT: loaded 3757142f
09-23 18:16:05.092 I/godot   (32105): [BAKE] Disk cache HIT: loaded 37935b73
09-23 18:16:05.094 I/godot   (32105): [BAKE] Disk cache HIT: loaded 8da2a842
09-23 18:16:05.097 I/godot   (32105): [BAKE] Disk cache HIT: loaded 8b60c1b5
09-23 18:16:05.100 I/godot   (32105): [BAKE] Disk cache HIT: loaded 02b23628
09-23 18:16:05.103 I/godot   (32105): [BAKE] Disk cache HIT: loaded 4ffb5129
09-23 18:16:05.106 I/godot   (32105): [BAKE] Disk cache HIT: loaded affbaf86
09-23 18:16:05.109 I/godot   (32105): [BAKE] Disk cache HIT: loaded b9cd8a6b
09-23 18:16:05.112 I/godot   (32105): [BAKE] Disk cache HIT: loaded e708f75a
09-23 18:16:05.115 I/godot   (32105): [BAKE] Disk cache HIT: loaded 0dc8064d
09-23 18:16:05.118 I/godot   (32105): [BAKE] Disk cache HIT: loaded cefc66e9
09-23 18:16:05.121 I/godot   (32105): [BAKE] Disk cache HIT: loaded 28fb0ee8
09-23 18:16:05.124 I/godot   (32105): [BAKE] Disk cache HIT: loaded 74a9c477
09-23 18:16:05.127 I/godot   (32105): [BAKE] Disk cache HIT: loaded 4a4da5e4
09-23 18:16:05.130 I/godot   (32105): [BAKE] Disk cache HIT: loaded 21462ad5
09-23 18:16:05.133 I/godot   (32105): [BAKE] Disk cache HIT: loaded a38747e2
09-23 18:16:05.140 I/godot   (32105): [BAKE] Disk cache HIT: loaded 72002296
09-23 18:16:05.143 I/godot   (32105): [BAKE] Disk cache HIT: loaded e3887d07
09-23 18:16:05.146 I/godot   (32105): [BAKE] Disk cache HIT: loaded 9e0d8078
09-23 18:16:05.149 I/godot   (32105): [BAKE] Disk cache HIT: loaded b7494534
09-23 18:16:05.152 I/godot   (32105): [BAKE] Disk cache HIT: loaded b588c3a5
09-23 18:16:05.155 I/godot   (32105): [BAKE] Disk cache HIT: loaded 64430cb2
09-23 18:16:05.159 I/godot   (32105): [BAKE] Disk cache HIT: loaded cae2dc07
09-23 18:16:05.162 I/godot   (32105): [BAKE] Disk cache HIT: loaded 595a8196
09-23 18:16:05.165 I/godot   (32105): [BAKE] Disk cache HIT: loaded b279a9b9
09-23 18:16:05.168 I/godot   (32105): [BAKE] Disk cache HIT: loaded de015d02
09-23 18:16:05.171 I/godot   (32105): [BAKE] Disk cache HIT: loaded 2f39d333
09-23 18:16:05.173 I/godot   (32105): [BAKE] Disk cache HIT: loaded 84c7bb04
09-23 18:16:05.176 I/godot   (32105): [BAKE] Disk cache HIT: loaded 9925edef
09-23 18:16:05.180 I/godot   (32105): [BAKE] Disk cache HIT: loaded 4660915e
09-23 18:16:05.182 I/godot   (32105): [BAKE] Disk cache HIT: loaded adf6c581
09-23 18:16:05.185 I/godot   (32105): [BAKE] Disk cache HIT: loaded db105109
09-23 18:16:05.188 I/godot   (32105): [BAKE] Disk cache HIT: loaded 0f03a108
09-23 18:16:05.191 I/godot   (32105): [BAKE] Disk cache HIT: loaded d975eb97
09-23 18:16:05.194 I/godot   (32105): [BAKE] Disk cache HIT: loaded 78a85bfc
09-23 18:16:05.196 I/godot   (32105): [BAKE] Disk cache HIT: loaded 18a13f4d
09-23 18:16:05.200 I/godot   (32105): [BAKE] Disk cache HIT: loaded f1e2305a
09-23 18:16:05.203 I/godot   (32105): [BAKE] Disk cache HIT: loaded 4d0a65c2
09-23 18:16:05.206 I/godot   (32105): [BAKE] Disk cache HIT: loaded f6fb18f3
09-23 18:16:05.209 I/godot   (32105): [BAKE] Disk cache HIT: loaded 78c811c4
09-23 18:16:05.212 I/godot   (32105): [BAKE] Disk cache HIT: loaded a78c2364
09-23 18:16:05.215 I/godot   (32105): [BAKE] Disk cache HIT: loaded 7e84a855
09-23 18:16:05.218 I/godot   (32105): [BAKE] Disk cache HIT: loaded 00c5c562
09-23 18:16:05.221 I/godot   (32105): [BAKE] Disk cache HIT: loaded 2db3fd43
09-23 18:16:05.224 I/godot   (32105): [BAKE] Disk cache HIT: loaded db3e5292
09-23 18:16:05.228 I/godot   (32105): [BAKE] Disk cache HIT: loaded 80442f05
09-23 18:16:05.231 I/godot   (32105): [BAKE] Disk cache HIT: loaded 94daf0a6
09-23 18:16:05.234 I/godot   (32105): [BAKE] Disk cache HIT: loaded dfba2257
09-23 18:16:05.237 I/godot   (32105): [BAKE] Disk cache HIT: loaded 1547d7c8
09-23 18:16:05.240 I/godot   (32105): [BAKE] Disk cache HIT: loaded 441eecae
09-23 18:16:05.243 I/godot   (32105): [BAKE] Disk cache HIT: loaded 4284bfff
09-23 18:16:05.245 I/godot   (32105): [BAKE] Disk cache HIT: loaded cfdd2fd0
09-23 18:16:05.248 I/godot   (32105): [BAKE] Disk cache HIT: loaded 3822d120
09-23 18:16:05.251 I/godot   (32105): [BAKE] Disk cache HIT: loaded a5993421
09-23 18:16:05.254 I/godot   (32105): [BAKE] Disk cache HIT: loaded d8a39efe
09-23 18:16:05.257 I/godot   (32105): [BAKE] Disk cache HIT: loaded 7dbcbe55
09-23 18:16:05.259 I/godot   (32105): [BAKE] Disk cache HIT: loaded a6c43964
09-23 18:16:05.262 I/godot   (32105): [BAKE] Disk cache HIT: loaded 52738613
09-23 18:16:05.265 I/godot   (32105): [BAKE] Disk cache HIT: loaded 21231ae3
09-23 18:16:05.268 I/godot   (32105): [BAKE] Disk cache HIT: loaded 23aaca32
09-23 18:16:05.270 I/godot   (32105): [BAKE] Disk cache HIT: loaded 74f08125
09-23 18:16:05.273 I/godot   (32105): [BAKE] Disk cache HIT: loaded 3b0bc8dd
09-23 18:16:05.276 I/godot   (32105): [BAKE] Disk cache HIT: loaded 1bb17fcc
09-23 18:16:05.279 I/godot   (32105): [BAKE] Disk cache HIT: loaded 0e59d97b
09-23 18:16:05.282 I/godot   (32105): [BAKE] Disk cache HIT: loaded dd5561a2
09-23 18:16:05.285 I/godot   (32105): [BAKE] Disk cache HIT: loaded 2fcb0c53
09-23 18:16:05.288 I/godot   (32105): [BAKE] Disk cache HIT: loaded 841bbfa4
09-23 18:16:05.292 I/godot   (32105): [BAKE] Disk cache HIT: loaded 269bba47
09-23 18:16:05.295 I/godot   (32105): [BAKE] Disk cache HIT: loaded b5135fd6
09-23 18:16:05.298 I/godot   (32105): [BAKE] Disk cache HIT: loaded b57a4af9
09-23 18:16:05.301 I/godot   (32105): [BAKE] Disk cache HIT: loaded e5a9a719
09-23 18:16:05.304 I/godot   (32105): [BAKE] Disk cache HIT: loaded 98fe5cd8
09-23 18:16:05.306 I/godot   (32105): [BAKE] Disk cache HIT: loaded 64addbe7
09-23 18:16:05.309 I/godot   (32105): [BAKE] Disk cache HIT: loaded 0146d99f
09-23 18:16:05.313 I/godot   (32105): [BAKE] Disk cache HIT: loaded af20e0ce
09-23 18:16:05.316 I/godot   (32105): [BAKE] Disk cache HIT: loaded 23fc09b1
09-23 18:16:05.319 I/godot   (32105): [BAKE] Disk cache HIT: loaded 7fa109ba
09-23 18:16:05.321 I/godot   (32105): [BAKE] Disk cache HIT: loaded d12931cb
09-23 18:16:05.324 I/godot   (32105): [BAKE] Disk cache HIT: loaded 8667fedc
09-23 18:16:05.327 I/godot   (32105): [BAKE] Disk cache HIT: loaded 9ef68c64
09-23 18:16:05.330 I/godot   (32105): [BAKE] Disk cache HIT: loaded 75ef1155
09-23 18:16:05.333 I/godot   (32105): [BAKE] Disk cache HIT: loaded f8302e62
09-23 18:16:05.335 I/godot   (32105): [BAKE] Disk cache HIT: loaded 559ffcc2
09-23 18:16:05.338 I/godot   (32105): [BAKE] Disk cache HIT: loaded ff90aff3
09-23 18:16:05.341 I/godot   (32105): [BAKE] Disk cache HIT: loaded 815da8c4
09-23 18:16:05.344 I/godot   (32105): [BAKE] Disk cache HIT: loaded dd0a683d
09-23 18:16:05.347 I/godot   (32105): [BAKE] Disk cache HIT: loaded 4a5679ac
09-23 18:16:05.349 I/godot   (32105): [BAKE] Disk cache HIT: loaded 15b646db
09-23 18:16:05.352 I/godot   (32105): [BAKE] Disk cache HIT: loaded d973c668
09-23 18:16:05.355 I/godot   (32105): [BAKE] Disk cache HIT: loaded 7f751e69
09-23 18:16:05.358 I/godot   (32105): [BAKE] Disk cache HIT: loaded b2fc50c6
09-23 18:16:05.361 I/godot   (32105): [BAKE] Disk cache HIT: loaded 01598f48
09-23 18:16:05.364 I/godot   (32105): [BAKE] Disk cache HIT: loaded cd663f49
09-23 18:16:05.367 I/godot   (32105): [BAKE] Disk cache HIT: loaded 80eca826
09-23 18:16:05.369 I/godot   (32105): [BAKE] Disk cache MISS: file not found /data/data/com.example.infiltraitor/files/damage_atom_cache/dc910c0e.bin
09-23 18:16:05.371 I/godot   (32105): [BAKE] Disk cache MISS: file not found /data/data/com.example.infiltraitor/files/damage_atom_cache/2eb704df.bin
09-23 18:16:05.372 I/godot   (32105): [BAKE] Disk cache MISS: file not found /data/data/com.example.infiltraitor/files/damage_atom_cache/635737b0.bin
09-23 18:16:05.374 I/godot   (32105): [BAKE] Disk cache MISS: file not found /data/data/com.example.infiltraitor/files/damage_atom_cache/96667239.bin
09-23 18:16:05.376 I/godot   (32105): [BAKE] Disk cache MISS: file not found /data/data/com.example.infiltraitor/files/damage_atom_cache/6954a7f8.bin
09-23 18:16:05.378 I/godot   (32105): [BAKE] Disk cache MISS: file not found /data/data/com.example.infiltraitor/files/damage_atom_cache/aecfa487.bin
09-23 18:16:05.379 I/godot   (32105): [BAKE] Disk cache MISS: file not found /data/data/com.example.infiltraitor/files/damage_atom_cache/b6e72c0c.bin
09-23 18:16:05.381 I/godot   (32105): [BAKE] Disk cache MISS: file not found /data/data/com.example.infiltraitor/files/damage_atom_cache/d641751d.bin
09-23 18:16:05.383 I/godot   (32105): [BAKE] Disk cache MISS: file not found /data/data/com.example.infiltraitor/files/damage_atom_cache/3021006a.bin
09-23 18:16:05.385 I/godot   (32105): [BAKE] Disk cache MISS: file not found /data/data/com.example.infiltraitor/files/damage_atom_cache/3c0a4a83.bin
09-23 18:16:05.386 I/godot   (32105): [BAKE] Disk cache MISS: file not found /data/data/com.example.infiltraitor/files/damage_atom_cache/e9949fd2.bin
09-23 18:16:05.388 I/godot   (32105): [BAKE] Disk cache MISS: file not found /data/data/com.example.infiltraitor/files/damage_atom_cache/8e9a7c45.bin
09-23 18:16:05.390 I/godot   (32105): [BAKE] Disk cache MISS: file not found /data/data/com.example.infiltraitor/files/damage_atom_cache/96667239.bin
09-23 18:16:05.391 I/godot   (32105): [BAKE] Disk cache MISS: file not found /data/data/com.example.infiltraitor/files/damage_atom_cache/6954a7f8.bin
09-23 18:16:05.393 I/godot   (32105): [BAKE] Disk cache MISS: file not found /data/data/com.example.infiltraitor/files/damage_atom_cache/aecfa487.bin
09-23 18:16:05.395 I/godot   (32105): [BAKE] Disk cache MISS: file not found /data/data/com.example.infiltraitor/files/damage_atom_cache/b6e72c0c.bin
09-23 18:16:05.396 I/godot   (32105): [BAKE] Disk cache MISS: file not found /data/data/com.example.infiltraitor/files/damage_atom_cache/d641751d.bin
09-23 18:16:05.398 I/godot   (32105): [BAKE] Disk cache MISS: file not found /data/data/com.example.infiltraitor/files/damage_atom_cache/3021006a.bin
09-23 18:16:05.400 I/godot   (32105): [BAKE] Disk cache MISS: file not found /data/data/com.example.infiltraitor/files/damage_atom_cache/dc910c0e.bin
09-23 18:16:05.402 I/godot   (32105): [BAKE] Disk cache MISS: file not found /data/data/com.example.infiltraitor/files/damage_atom_cache/2eb704df.bin
09-23 18:16:05.403 I/godot   (32105): [BAKE] Disk cache MISS: file not found /data/data/com.example.infiltraitor/files/damage_atom_cache/635737b0.bin
09-23 18:16:05.405 I/godot   (32105): [BAKE] Disk cache MISS: file not found /data/data/com.example.infiltraitor/files/damage_atom_cache/96667239.bin
09-23 18:16:05.407 I/godot   (32105): [BAKE] Disk cache MISS: file not found /data/data/com.example.infiltraitor/files/damage_atom_cache/6954a7f8.bin
09-23 18:16:05.409 I/godot   (32105): [BAKE] Disk cache MISS: file not found /data/data/com.example.infiltraitor/files/damage_atom_cache/aecfa487.bin
09-23 18:16:05.410 I/godot   (32105): [BAKE] Disk cache MISS: file not found /data/data/com.example.infiltraitor/files/damage_atom_cache/b6e72c0c.bin
09-23 18:16:05.412 I/godot   (32105): [BAKE] Disk cache MISS: file not found /data/data/com.example.infiltraitor/files/damage_atom_cache/d641751d.bin
09-23 18:16:05.414 I/godot   (32105): [BAKE] Disk cache MISS: file not found /data/data/com.example.infiltraitor/files/damage_atom_cache/3021006a.bin
09-23 18:16:05.415 I/godot   (32105): [BAKE] Disk cache MISS: file not found /data/data/com.example.infiltraitor/files/damage_atom_cache/3c0a4a83.bin
09-23 18:16:05.417 I/godot   (32105): [BAKE] Disk cache MISS: file not found /data/data/com.example.infiltraitor/files/damage_atom_cache/e9949fd2.bin
09-23 18:16:05.419 I/godot   (32105): [BAKE] Disk cache MISS: file not found /data/data/com.example.infiltraitor/files/damage_atom_cache/8e9a7c45.bin
09-23 18:16:05.421 I/godot   (32105): [BAKE] Disk cache MISS: file not found /data/data/com.example.infiltraitor/files/damage_atom_cache/96667239.bin
09-23 18:16:05.423 I/godot   (32105): [BAKE] Disk cache MISS: file not found /data/data/com.example.infiltraitor/files/damage_atom_cache/6954a7f8.bin
09-23 18:16:05.424 I/godot   (32105): [BAKE] Disk cache MISS: file not found /data/data/com.example.infiltraitor/files/damage_atom_cache/aecfa487.bin
09-23 18:16:05.426 I/godot   (32105): [BAKE] Disk cache MISS: file not found /data/data/com.example.infiltraitor/files/damage_atom_cache/b6e72c0c.bin
09-23 18:16:05.428 I/godot   (32105): [BAKE] Disk cache MISS: file not found /data/data/com.example.infiltraitor/files/damage_atom_cache/d641751d.bin
09-23 18:16:05.429 I/godot   (32105): [BAKE] Disk cache MISS: file not found /data/data/com.example.infiltraitor/files/damage_atom_cache/3021006a.bin
09-23 18:16:05.431 I/godot   (32105): [BAKE] Disk cache MISS: file not found /data/data/com.example.infiltraitor/files/damage_atom_cache/dc910c0e.bin
09-23 18:16:05.433 I/godot   (32105): [BAKE] Disk cache MISS: file not found /data/data/com.example.infiltraitor/files/damage_atom_cache/2eb704df.bin
09-23 18:16:05.434 I/godot   (32105): [BAKE] Disk cache MISS: file not found /data/data/com.example.infiltraitor/files/damage_atom_cache/635737b0.bin
09-23 18:16:05.437 I/godot   (32105): [BAKE] Disk cache MISS: file not found /data/data/com.example.infiltraitor/files/damage_atom_cache/96667239.bin
09-23 18:16:05.438 I/godot   (32105): [BAKE] Disk cache MISS: file not found /data/data/com.example.infiltraitor/files/damage_atom_cache/6954a7f8.bin
09-23 18:16:05.440 I/godot   (32105): [BAKE] Disk cache MISS: file not found /data/data/com.example.infiltraitor/files/damage_atom_cache/aecfa487.bin
09-23 18:16:05.442 I/godot   (32105): [BAKE] Disk cache MISS: file not found /data/data/com.example.infiltraitor/files/damage_atom_cache/b6e72c0c.bin
09-23 18:16:05.444 I/godot   (32105): [BAKE] Disk cache MISS: file not found /data/data/com.example.infiltraitor/files/damage_atom_cache/d641751d.bin
09-23 18:16:05.445 I/godot   (32105): [BAKE] Disk cache MISS: file not found /data/data/com.example.infiltraitor/files/damage_atom_cache/3021006a.bin
09-23 18:16:05.447 I/godot   (32105): [BAKE] Disk cache MISS: file not found /data/data/com.example.infiltraitor/files/damage_atom_cache/3c0a4a83.bin
09-23 18:16:05.449 I/godot   (32105): [BAKE] Disk cache MISS: file not found /data/data/com.example.infiltraitor/files/damage_atom_cache/e9949fd2.bin
09-23 18:16:05.451 I/godot   (32105): [BAKE] Disk cache MISS: file not found /data/data/com.example.infiltraitor/files/damage_atom_cache/8e9a7c45.bin
09-23 18:16:05.452 I/godot   (32105): [BAKE] Disk cache MISS: file not found /data/data/com.example.infiltraitor/files/damage_atom_cache/96667239.bin
09-23 18:16:05.454 I/godot   (32105): [BAKE] Disk cache MISS: file not found /data/data/com.example.infiltraitor/files/damage_atom_cache/6954a7f8.bin
09-23 18:16:05.456 I/godot   (32105): [BAKE] Disk cache MISS: file not found /data/data/com.example.infiltraitor/files/damage_atom_cache/aecfa487.bin
09-23 18:16:05.458 I/godot   (32105): [BAKE] Disk cache MISS: file not found /data/data/com.example.infiltraitor/files/damage_atom_cache/b6e72c0c.bin
09-23 18:16:05.460 I/godot   (32105): [BAKE] Disk cache MISS: file not found /data/data/com.example.infiltraitor/files/damage_atom_cache/d641751d.bin
09-23 18:16:05.461 I/godot   (32105): [BAKE] Disk cache MISS: file not found /data/data/com.example.infiltraitor/files/damage_atom_cache/3021006a.bin
09-23 18:16:05.463 I/godot   (32105): [BAKE] Disk cache MISS: file not found /data/data/com.example.infiltraitor/files/damage_atom_cache/fa046aa8.bin
09-23 18:16:05.465 I/godot   (32105): [BAKE] Disk cache MISS: file not found /data/data/com.example.infiltraitor/files/damage_atom_cache/474d85a9.bin
09-23 18:16:05.467 I/godot   (32105): [BAKE] Disk cache MISS: file not found /data/data/com.example.infiltraitor/files/damage_atom_cache/a74de406.bin
09-23 18:16:05.468 I/godot   (32105): [BAKE] Disk cache MISS: file not found /data/data/com.example.infiltraitor/files/damage_atom_cache/112c1c4b.bin
09-23 18:16:05.470 I/godot   (32105): [BAKE] Disk cache MISS: file not found /data/data/com.example.infiltraitor/files/damage_atom_cache/bfa3f43a.bin
09-23 18:16:05.472 I/godot   (32105): [BAKE] Disk cache MISS: file not found /data/data/com.example.infiltraitor/files/damage_atom_cache/d8803dad.bin
09-23 18:16:05.474 I/godot   (32105): [BAKE] Disk cache MISS: file not found /data/data/com.example.infiltraitor/files/damage_atom_cache/bd68f70e.bin
09-23 18:16:05.476 I/godot   (32105): [BAKE] Disk cache MISS: file not found /data/data/com.example.infiltraitor/files/damage_atom_cache/0f8eefdf.bin
09-23 18:16:05.478 I/godot   (32105): [BAKE] Disk cache MISS: file not found /data/data/com.example.infiltraitor/files/damage_atom_cache/442f22b0.bin
09-23 18:16:05.480 I/godot   (32105): [BAKE] Disk cache MISS: file not found /data/data/com.example.infiltraitor/files/damage_atom_cache/6b0acc9d.bin
09-23 18:16:05.482 I/godot   (32105): [BAKE] Disk cache MISS: file not found /data/data/com.example.infiltraitor/files/damage_atom_cache/4bb0838c.bin
09-23 18:16:05.484 I/godot   (32105): [BAKE] Disk cache MISS: file not found /data/data/com.example.infiltraitor/files/damage_atom_cache/97111a3b.bin
09-23 18:16:05.485 I/godot   (32105): [BAKE] Disk cache MISS: file not found /data/data/com.example.infiltraitor/files/damage_atom_cache/112c1c4b.bin
09-23 18:16:05.487 I/godot   (32105): [BAKE] Disk cache MISS: file not found /data/data/com.example.infiltraitor/files/damage_atom_cache/bfa3f43a.bin
09-23 18:16:05.489 I/godot   (32105): [BAKE] Disk cache MISS: file not found /data/data/com.example.infiltraitor/files/damage_atom_cache/d8803dad.bin
09-23 18:16:05.491 I/godot   (32105): [BAKE] Disk cache MISS: file not found /data/data/com.example.infiltraitor/files/damage_atom_cache/bd68f70e.bin
09-23 18:16:05.492 I/godot   (32105): [BAKE] Disk cache MISS: file not found /data/data/com.example.infiltraitor/files/damage_atom_cache/0f8eefdf.bin
09-23 18:16:05.494 I/godot   (32105): [BAKE] Disk cache MISS: file not found /data/data/com.example.infiltraitor/files/damage_atom_cache/442f22b0.bin
09-23 18:16:05.496 I/godot   (32105): [BAKE] Disk cache MISS: file not found /data/data/com.example.infiltraitor/files/damage_atom_cache/fa046aa8.bin
09-23 18:16:05.498 I/godot   (32105): [BAKE] Disk cache MISS: file not found /data/data/com.example.infiltraitor/files/damage_atom_cache/474d85a9.bin
09-23 18:16:05.500 I/godot   (32105): [BAKE] Disk cache MISS: file not found /data/data/com.example.infiltraitor/files/damage_atom_cache/a74de406.bin
09-23 18:16:05.502 I/godot   (32105): [BAKE] Disk cache MISS: file not found /data/data/com.example.infiltraitor/files/damage_atom_cache/112c1c4b.bin
09-23 18:16:05.503 I/godot   (32105): [BAKE] Disk cache MISS: file not found /data/data/com.example.infiltraitor/files/damage_atom_cache/bfa3f43a.bin
09-23 18:16:05.505 I/godot   (32105): [BAKE] Disk cache MISS: file not found /data/data/com.example.infiltraitor/files/damage_atom_cache/d8803dad.bin
09-23 18:16:05.507 I/godot   (32105): [BAKE] Disk cache MISS: file not found /data/data/com.example.infiltraitor/files/damage_atom_cache/bd68f70e.bin
09-23 18:16:05.509 I/godot   (32105): [BAKE] Disk cache MISS: file not found /data/data/com.example.infiltraitor/files/damage_atom_cache/0f8eefdf.bin
09-23 18:16:05.511 I/godot   (32105): [BAKE] Disk cache MISS: file not found /data/data/com.example.infiltraitor/files/damage_atom_cache/442f22b0.bin
09-23 18:16:05.513 I/godot   (32105): [BAKE] Disk cache MISS: file not found /data/data/com.example.infiltraitor/files/damage_atom_cache/6b0acc9d.bin
09-23 18:16:05.515 I/godot   (32105): [BAKE] Disk cache MISS: file not found /data/data/com.example.infiltraitor/files/damage_atom_cache/4bb0838c.bin
09-23 18:16:05.516 I/godot   (32105): [BAKE] Disk cache MISS: file not found /data/data/com.example.infiltraitor/files/damage_atom_cache/97111a3b.bin
09-23 18:16:05.519 I/godot   (32105): [BAKE] Disk cache MISS: file not found /data/data/com.example.infiltraitor/files/damage_atom_cache/112c1c4b.bin
09-23 18:16:05.521 I/godot   (32105): [BAKE] Disk cache MISS: file not found /data/data/com.example.infiltraitor/files/damage_atom_cache/bfa3f43a.bin
09-23 18:16:05.522 I/godot   (32105): [BAKE] Disk cache MISS: file not found /data/data/com.example.infiltraitor/files/damage_atom_cache/d8803dad.bin
09-23 18:16:05.524 I/godot   (32105): [BAKE] Disk cache MISS: file not found /data/data/com.example.infiltraitor/files/damage_atom_cache/bd68f70e.bin
09-23 18:16:05.526 I/godot   (32105): [BAKE] Disk cache MISS: file not found /data/data/com.example.infiltraitor/files/damage_atom_cache/0f8eefdf.bin
09-23 18:16:05.528 I/godot   (32105): [BAKE] Disk cache MISS: file not found /data/data/com.example.infiltraitor/files/damage_atom_cache/442f22b0.bin
09-23 18:16:05.530 I/godot   (32105): [BAKE] Disk cache MISS: file not found /data/data/com.example.infiltraitor/files/damage_atom_cache/fa046aa8.bin
09-23 18:16:05.531 I/godot   (32105): [BAKE] Disk cache MISS: file not found /data/data/com.example.infiltraitor/files/damage_atom_cache/474d85a9.bin
09-23 18:16:05.533 I/godot   (32105): [BAKE] Disk cache MISS: file not found /data/data/com.example.infiltraitor/files/damage_atom_cache/a74de406.bin
09-23 18:16:05.535 I/godot   (32105): [BAKE] Disk cache MISS: file not found /data/data/com.example.infiltraitor/files/damage_atom_cache/112c1c4b.bin
09-23 18:16:05.537 I/godot   (32105): [BAKE] Disk cache MISS: file not found /data/data/com.example.infiltraitor/files/damage_atom_cache/bfa3f43a.bin
09-23 18:16:05.539 I/godot   (32105): [BAKE] Disk cache MISS: file not found /data/data/com.example.infiltraitor/files/damage_atom_cache/d8803dad.bin
09-23 18:16:05.541 I/godot   (32105): [BAKE] Disk cache MISS: file not found /data/data/com.example.infiltraitor/files/damage_atom_cache/bd68f70e.bin
09-23 18:16:05.542 I/godot   (32105): [BAKE] Disk cache MISS: file not found /data/data/com.example.infiltraitor/files/damage_atom_cache/0f8eefdf.bin
09-23 18:16:05.544 I/godot   (32105): [BAKE] Disk cache MISS: file not found /data/data/com.example.infiltraitor/files/damage_atom_cache/442f22b0.bin
09-23 18:16:05.546 I/godot   (32105): [BAKE] Disk cache MISS: file not found /data/data/com.example.infiltraitor/files/damage_atom_cache/6b0acc9d.bin
09-23 18:16:05.548 I/godot   (32105): [BAKE] Disk cache MISS: file not found /data/data/com.example.infiltraitor/files/damage_atom_cache/4bb0838c.bin
09-23 18:16:05.549 I/godot   (32105): [BAKE] Disk cache MISS: file not found /data/data/com.example.infiltraitor/files/damage_atom_cache/97111a3b.bin
09-23 18:16:05.551 I/godot   (32105): [BAKE] Disk cache MISS: file not found /data/data/com.example.infiltraitor/files/damage_atom_cache/112c1c4b.bin
09-23 18:16:05.553 I/godot   (32105): [BAKE] Disk cache MISS: file not found /data/data/com.example.infiltraitor/files/damage_atom_cache/bfa3f43a.bin
09-23 18:16:05.554 I/godot   (32105): [BAKE] Disk cache MISS: file not found /data/data/com.example.infiltraitor/files/damage_atom_cache/d8803dad.bin
09-23 18:16:05.556 I/godot   (32105): [BAKE] Disk cache MISS: file not found /data/data/com.example.infiltraitor/files/damage_atom_cache/bd68f70e.bin
09-23 18:16:05.558 I/godot   (32105): [BAKE] Disk cache MISS: file not found /data/data/com.example.infiltraitor/files/damage_atom_cache/0f8eefdf.bin
09-23 18:16:05.559 I/godot   (32105): [BAKE] Disk cache MISS: file not found /data/data/com.example.infiltraitor/files/damage_atom_cache/442f22b0.bin
09-23 18:16:05.561 I/godot   (32105): [BAKE] Disk cache MISS: file not found /data/data/com.example.infiltraitor/files/damage_atom_cache/b5a59a96.bin
09-23 18:16:05.563 I/godot   (32105): [BAKE] Disk cache MISS: file not found /data/data/com.example.infiltraitor/files/damage_atom_cache/272df507.bin
09-23 18:16:05.565 I/godot   (32105): [BAKE] Disk cache MISS: file not found /data/data/com.example.infiltraitor/files/damage_atom_cache/e1b2f878.bin
09-23 18:16:05.567 I/godot   (32105): [BAKE] Disk cache MISS: file not found /data/data/com.example.infiltraitor/files/damage_atom_cache/599485d1.bin
09-23 18:16:05.568 I/godot   (32105): [BAKE] Disk cache MISS: file not found /data/data/com.example.infiltraitor/files/damage_atom_cache/7963e110.bin
09-23 18:16:05.570 I/godot   (32105): [BAKE] Disk cache MISS: file not found /data/data/com.example.infiltraitor/files/damage_atom_cache/44c3ae3f.bin
09-23 18:16:05.572 I/godot   (32105): [BAKE] Disk cache MISS: file not found /data/data/com.example.infiltraitor/files/damage_atom_cache/944190b4.bin
09-23 18:16:05.574 I/godot   (32105): [BAKE] Disk cache MISS: file not found /data/data/com.example.infiltraitor/files/damage_atom_cache/92810f25.bin
09-23 18:16:05.576 I/godot   (32105): [BAKE] Disk cache MISS: file not found /data/data/com.example.infiltraitor/files/damage_atom_cache/413b5832.bin
09-23 18:16:05.578 I/godot   (32105): [BAKE] Disk cache MISS: file not found /data/data/com.example.infiltraitor/files/damage_atom_cache/803e17eb.bin
09-23 18:16:05.581 I/godot   (32105): [BAKE] Disk cache MISS: file not found /data/data/com.example.infiltraitor/files/damage_atom_cache/ad7984da.bin
09-23 18:16:05.582 I/godot   (32105): [BAKE] Disk cache MISS: file not found /data/data/com.example.infiltraitor/files/damage_atom_cache/d43893cd.bin
09-23 18:16:05.584 I/godot   (32105): [BAKE] Disk cache MISS: file not found /data/data/com.example.infiltraitor/files/damage_atom_cache/599485d1.bin
09-23 18:16:05.586 I/godot   (32105): [BAKE] Disk cache MISS: file not found /data/data/com.example.infiltraitor/files/damage_atom_cache/7963e110.bin
09-23 18:16:05.588 I/godot   (32105): [BAKE] Disk cache MISS: file not found /data/data/com.example.infiltraitor/files/damage_atom_cache/44c3ae3f.bin
09-23 18:16:05.590 I/godot   (32105): [BAKE] Disk cache MISS: file not found /data/data/com.example.infiltraitor/files/damage_atom_cache/944190b4.bin
09-23 18:16:05.592 I/godot   (32105): [BAKE] Disk cache MISS: file not found /data/data/com.example.infiltraitor/files/damage_atom_cache/92810f25.bin
09-23 18:16:05.593 I/godot   (32105): [BAKE] Disk cache MISS: file not found /data/data/com.example.infiltraitor/files/damage_atom_cache/413b5832.bin
09-23 18:16:05.595 I/godot   (32105): [BAKE] Disk cache MISS: file not found /data/data/com.example.infiltraitor/files/damage_atom_cache/b5a59a96.bin
09-23 18:16:05.597 I/godot   (32105): [BAKE] Disk cache MISS: file not found /data/data/com.example.infiltraitor/files/damage_atom_cache/272df507.bin
09-23 18:16:05.599 I/godot   (32105): [BAKE] Disk cache MISS: file not found /data/data/com.example.infiltraitor/files/damage_atom_cache/e1b2f878.bin
09-23 18:16:05.601 I/godot   (32105): [BAKE] Disk cache MISS: file not found /data/data/com.example.infiltraitor/files/damage_atom_cache/599485d1.bin
09-23 18:16:05.603 I/godot   (32105): [BAKE] Disk cache MISS: file not found /data/data/com.example.infiltraitor/files/damage_atom_cache/7963e110.bin
09-23 18:16:05.604 I/godot   (32105): [BAKE] Disk cache MISS: file not found /data/data/com.example.infiltraitor/files/damage_atom_cache/44c3ae3f.bin
09-23 18:16:05.606 I/godot   (32105): [BAKE] Disk cache MISS: file not found /data/data/com.example.infiltraitor/files/damage_atom_cache/944190b4.bin
09-23 18:16:05.608 I/godot   (32105): [BAKE] Disk cache MISS: file not found /data/data/com.example.infiltraitor/files/damage_atom_cache/92810f25.bin
09-23 18:16:05.610 I/godot   (32105): [BAKE] Disk cache MISS: file not found /data/data/com.example.infiltraitor/files/damage_atom_cache/413b5832.bin
09-23 18:16:05.612 I/godot   (32105): [BAKE] Disk cache MISS: file not found /data/data/com.example.infiltraitor/files/damage_atom_cache/803e17eb.bin
09-23 18:16:05.614 I/godot   (32105): [BAKE] Disk cache MISS: file not found /data/data/com.example.infiltraitor/files/damage_atom_cache/ad7984da.bin
09-23 18:16:05.615 I/godot   (32105): [BAKE] Disk cache MISS: file not found /data/data/com.example.infiltraitor/files/damage_atom_cache/d43893cd.bin
09-23 18:16:05.617 I/godot   (32105): [BAKE] Disk cache MISS: file not found /data/data/com.example.infiltraitor/files/damage_atom_cache/599485d1.bin
09-23 18:16:05.619 I/godot   (32105): [BAKE] Disk cache MISS: file not found /data/data/com.example.infiltraitor/files/damage_atom_cache/7963e110.bin
09-23 18:16:05.621 I/godot   (32105): [BAKE] Disk cache MISS: file not found /data/data/com.example.infiltraitor/files/damage_atom_cache/44c3ae3f.bin
09-23 18:16:05.623 I/godot   (32105): [BAKE] Disk cache MISS: file not found /data/data/com.example.infiltraitor/files/damage_atom_cache/944190b4.bin
09-23 18:16:05.625 I/godot   (32105): [BAKE] Disk cache MISS: file not found /data/data/com.example.infiltraitor/files/damage_atom_cache/92810f25.bin
09-23 18:16:05.627 I/godot   (32105): [BAKE] Disk cache MISS: file not found /data/data/com.example.infiltraitor/files/damage_atom_cache/413b5832.bin
09-23 18:16:05.629 I/godot   (32105): [BAKE] Disk cache MISS: file not found /data/data/com.example.infiltraitor/files/damage_atom_cache/b5a59a96.bin
09-23 18:16:05.630 I/godot   (32105): [BAKE] Disk cache MISS: file not found /data/data/com.example.infiltraitor/files/damage_atom_cache/272df507.bin
09-23 18:16:05.632 I/godot   (32105): [BAKE] Disk cache MISS: file not found /data/data/com.example.infiltraitor/files/damage_atom_cache/e1b2f878.bin
09-23 18:16:05.634 I/godot   (32105): [BAKE] Disk cache MISS: file not found /data/data/com.example.infiltraitor/files/damage_atom_cache/599485d1.bin
09-23 18:16:05.636 I/godot   (32105): [BAKE] Disk cache MISS: file not found /data/data/com.example.infiltraitor/files/damage_atom_cache/7963e110.bin
09-23 18:16:05.638 I/godot   (32105): [BAKE] Disk cache MISS: file not found /data/data/com.example.infiltraitor/files/damage_atom_cache/44c3ae3f.bin
09-23 18:16:05.640 I/godot   (32105): [BAKE] Disk cache MISS: file not found /data/data/com.example.infiltraitor/files/damage_atom_cache/944190b4.bin
09-23 18:16:05.642 I/godot   (32105): [BAKE] Disk cache MISS: file not found /data/data/com.example.infiltraitor/files/damage_atom_cache/92810f25.bin
09-23 18:16:05.643 I/godot   (32105): [BAKE] Disk cache MISS: file not found /data/data/com.example.infiltraitor/files/damage_atom_cache/413b5832.bin
09-23 18:16:05.645 I/godot   (32105): [BAKE] Disk cache MISS: file not found /data/data/com.example.infiltraitor/files/damage_atom_cache/803e17eb.bin
09-23 18:16:05.647 I/godot   (32105): [BAKE] Disk cache MISS: file not found /data/data/com.example.infiltraitor/files/damage_atom_cache/ad7984da.bin
09-23 18:16:05.648 I/godot   (32105): [BAKE] Disk cache MISS: file not found /data/data/com.example.infiltraitor/files/damage_atom_cache/d43893cd.bin
09-23 18:16:05.650 I/godot   (32105): [BAKE] Disk cache MISS: file not found /data/data/com.example.infiltraitor/files/damage_atom_cache/599485d1.bin
09-23 18:16:05.652 I/godot   (32105): [BAKE] Disk cache MISS: file not found /data/data/com.example.infiltraitor/files/damage_atom_cache/7963e110.bin
09-23 18:16:05.654 I/godot   (32105): [BAKE] Disk cache MISS: file not found /data/data/com.example.infiltraitor/files/damage_atom_cache/44c3ae3f.bin
09-23 18:16:05.655 I/godot   (32105): [BAKE] Disk cache MISS: file not found /data/data/com.example.infiltraitor/files/damage_atom_cache/944190b4.bin
09-23 18:16:05.657 I/godot   (32105): [BAKE] Disk cache MISS: file not found /data/data/com.example.infiltraitor/files/damage_atom_cache/92810f25.bin
09-23 18:16:05.659 I/godot   (32105): [BAKE] Disk cache MISS: file not found /data/data/com.example.infiltraitor/files/damage_atom_cache/413b5832.bin
09-23 18:16:05.677 I/godot   (32105): [BAKE] Disk cache HIT: loaded 7c862013
09-23 18:16:05.680 I/godot   (32105): [BAKE] Disk cache HIT: loaded 2a107562
09-23 18:16:05.683 I/godot   (32105): [BAKE] Disk cache HIT: loaded a7cf5855
09-23 18:16:05.686 I/godot   (32105): [BAKE] Disk cache HIT: loaded 558b1132
09-23 18:16:05.688 I/godot   (32105): [BAKE] Disk cache HIT: loaded 530361e3
09-23 18:16:05.691 I/godot   (32105): [BAKE] Disk cache HIT: loaded a89149b4
09-23 18:16:05.694 I/godot   (32105): [BAKE] Disk cache HIT: loaded 0ce26ecd
09-23 18:16:05.697 I/godot   (32105): [BAKE] Disk cache HIT: loaded 6ce98b7c
09-23 18:16:05.700 I/godot   (32105): [BAKE] Disk cache HIT: loaded b8e7f2eb
09-23 18:16:05.703 I/godot   (32105): [BAKE] Disk cache HIT: loaded 452e18ad
09-23 18:16:05.706 I/godot   (32105): [BAKE] Disk cache HIT: loaded 3318c45c
09-23 18:16:05.709 I/godot   (32105): [BAKE] Disk cache HIT: loaded 7dd9f74b
09-23 18:16:05.712 I/godot   (32105): [BAKE] Disk cache HIT: loaded 0ba3e4b4
09-23 18:16:05.715 I/godot   (32105): [BAKE] Disk cache HIT: loaded 09e36325
09-23 18:16:05.718 I/godot   (32105): [BAKE] Disk cache HIT: loaded b89dac32
09-23 18:16:05.721 I/godot   (32105): [BAKE] Disk cache HIT: loaded 8bedfaf3
09-23 18:16:05.724 I/godot   (32105): [BAKE] Disk cache HIT: loaded e1fd47c2
09-23 18:16:05.727 I/godot   (32105): [BAKE] Disk cache HIT: loaded dfbb6135
09-23 18:16:05.731 I/godot   (32105): [BAKE] Disk cache HIT: loaded 34f32541
09-23 18:16:05.734 I/godot   (32105): [BAKE] Disk cache HIT: loaded 6ec48540
09-23 18:16:05.737 I/godot   (32105): [BAKE] Disk cache HIT: loaded c76a10af
09-23 18:16:05.740 I/godot   (32105): [BAKE] Disk cache HIT: loaded d3f60018
09-23 18:16:05.743 I/godot   (32105): [BAKE] Disk cache HIT: loaded 20a14a59
09-23 18:16:05.746 I/godot   (32105): [BAKE] Disk cache HIT: loaded ace0b9b6
09-23 18:16:05.750 I/godot   (32105): [BAKE] Disk cache HIT: loaded f7198937
09-23 18:16:05.753 I/godot   (32105): [BAKE] Disk cache HIT: loaded 58b44d06
09-23 18:16:05.756 I/godot   (32105): [BAKE] Disk cache HIT: loaded f8b3eea9
09-23 18:16:05.759 I/godot   (32105): [BAKE] Disk cache HIT: loaded 38eb88c7
09-23 18:16:05.762 I/godot   (32105): [BAKE] Disk cache HIT: loaded c7632e56
09-23 18:16:05.765 I/godot   (32105): [BAKE] Disk cache HIT: loaded c7ca1979
09-23 18:16:05.768 I/godot   (32105): [BAKE] Disk cache HIT: loaded a72abf26
09-23 18:16:05.771 I/godot   (32105): [BAKE] Disk cache HIT: loaded f209f0d7
09-23 18:16:05.774 I/godot   (32105): [BAKE] Disk cache HIT: loaded 2797a648
09-23 18:16:05.777 I/godot   (32105): [BAKE] Disk cache HIT: loaded f8ff0191
09-23 18:16:05.780 I/godot   (32105): [BAKE] Disk cache HIT: loaded 18ce5cd0
09-23 18:16:05.783 I/godot   (32105): [BAKE] Disk cache HIT: loaded 8b75ecff
09-23 18:16:05.786 I/godot   (32105): [BAKE] Disk cache HIT: loaded 5efcfd35
09-23 18:16:05.789 I/godot   (32105): [BAKE] Disk cache HIT: loaded 8cfc8fc4
09-23 18:16:05.792 I/godot   (32105): [BAKE] Disk cache HIT: loaded 0b2f96f3
09-23 18:16:05.795 I/godot   (32105): [BAKE] Disk cache HIT: loaded 92cecfdc
09-23 18:16:05.798 I/godot   (32105): [BAKE] Disk cache HIT: loaded a4e4242d
09-23 18:16:05.801 I/godot   (32105): [BAKE] Disk cache HIT: loaded 8c07daba
09-23 18:16:05.804 I/godot   (32105): [BAKE] Disk cache HIT: loaded dfa711db
09-23 18:16:05.807 I/godot   (32105): [BAKE] Disk cache HIT: loaded 0d804f8a
09-23 18:16:05.810 I/godot   (32105): [BAKE] Disk cache HIT: loaded a6fb333d
09-23 18:16:05.813 I/godot   (32105): [BAKE] Disk cache HIT: loaded 42ba5c0b
09-23 18:16:05.816 I/godot   (32105): [BAKE] Disk cache HIT: loaded 6c3ae5fa
09-23 18:16:05.819 I/godot   (32105): [BAKE] Disk cache HIT: loaded 0a0e7d6d
09-23 18:16:05.822 I/godot   (32105): [BAKE] Disk cache HIT: loaded edb35aca
09-23 18:16:05.825 I/godot   (32105): [BAKE] Disk cache HIT: loaded bfda1d1b
09-23 18:16:05.828 I/godot   (32105): [BAKE] Disk cache HIT: loaded 20b960ec
09-23 18:16:05.831 I/godot   (32105): [BAKE] Disk cache HIT: loaded c2104765
09-23 18:16:05.834 I/godot   (32105): [BAKE] Disk cache HIT: loaded c3d0c8f4
09-23 18:16:05.837 I/godot   (32105): [BAKE] Disk cache HIT: loaded 158aa423
09-23 18:16:05.841 I/godot   (32105): [BAKE] Disk cache HIT: loaded 68b1ffea
09-23 18:16:05.844 I/godot   (32105): [BAKE] Disk cache HIT: loaded 3ad8c23b
09-23 18:16:05.847 I/godot   (32105): [BAKE] Disk cache HIT: loaded ef782b8c
09-23 18:16:05.850 I/godot   (32105): [BAKE] Disk cache HIT: loaded 6363eeab
09-23 18:16:05.853 I/godot   (32105): [BAKE] Disk cache HIT: loaded 909f5b9a
09-23 18:16:05.856 I/godot   (32105): [BAKE] Disk cache HIT: loaded 1016a78d
09-23 18:16:05.859 I/godot   (32105): [BAKE] Disk cache HIT: loaded 6e06b52c
09-23 18:16:05.862 I/godot   (32105): [BAKE] Disk cache HIT: loaded 00baa3bd
09-23 18:16:05.865 I/godot   (32105): [BAKE] Disk cache HIT: loaded 673fc00a
09-23 18:16:05.868 I/godot   (32105): [BAKE] Disk cache HIT: loaded cde764b3
09-23 18:16:05.871 I/godot   (32105): [BAKE] Disk cache HIT: loaded 7caeee82
09-23 18:16:05.874 I/godot   (32105): [BAKE] Disk cache HIT: loaded 21b4caf5
09-23 18:16:05.877 I/godot   (32105): [BAKE] Disk cache HIT: loaded 8acdbdd2
09-23 18:16:05.880 I/godot   (32105): [BAKE] Disk cache HIT: loaded dd436883
09-23 18:16:05.883 I/godot   (32105): [BAKE] Disk cache HIT: loaded a4edc154
09-23 18:16:05.886 I/godot   (32105): [BAKE] Disk cache HIT: loaded dfdfbf6d
09-23 18:16:05.889 I/godot   (32105): [BAKE] Disk cache HIT: loaded cdca6b1c
09-23 18:16:05.892 I/godot   (32105): [BAKE] Disk cache HIT: loaded 188b9e0b
09-23 18:16:05.895 I/godot   (32105): [BAKE] Disk cache HIT: loaded 830be869
09-23 18:16:05.898 I/godot   (32105): [BAKE] Disk cache HIT: loaded dd0a9068
09-23 18:16:05.901 I/godot   (32105): [BAKE] Disk cache HIT: loaded 28b945f7
09-23 18:16:05.904 I/godot   (32105): [BAKE] Disk cache HIT: loaded b089f580
09-23 18:16:05.907 I/godot   (32105): [BAKE] Disk cache HIT: loaded 1e005881
09-23 18:16:05.910 I/godot   (32105): [BAKE] Disk cache HIT: loaded b66a245e
09-23 18:16:05.913 I/godot   (32105): [BAKE] Disk cache HIT: loaded b28e52ff
09-23 18:16:05.916 I/godot   (32105): [BAKE] Disk cache HIT: loaded b4287fae
09-23 18:16:05.919 I/godot   (32105): [BAKE] Disk cache HIT: loaded 20176791
09-23 18:16:05.919 I/godot   (32105): [DamageVariantBaker] Baked 447 atoms across 9 declared material(s), 9 floor material(s) in 2247 ms
09-23 18:16:05.931 I/godot   (32105): [ROOM] Uploaded 1 damage-composite page(s) at load in 11 ms — off the first shot's impact frame
09-23 18:16:05.931 I/godot   (32105): [VOXEL] Damage variant registry set (pre-baked variants available)
09-23 18:16:05.931 I/godot   (32105): [ROOM] Initialized damage variant registry (447 atoms)
09-23 18:16:07.788 I/godot   (32105): [VOXEL-STORE] built (map load: PLAYGROUND) — 216104 claim(s) in 2713 container(s), 0 irregular, 672 multi-claim cell(s), 13.59 MB, 1037 ms
09-23 18:16:08.221 I/godot   (32105): [AgentSprite] step (1, 0) draws (0.894427, 0.447214) -> screen SE (fit 1.000) -> frame W
09-23 18:16:08.222 I/godot   (32105): [AgentSprite] step (0, 1) draws (-0.894427, 0.447214) -> screen SW (fit 1.000) -> frame S
09-23 18:16:08.222 I/godot   (32105): [AgentSprite] step (-1, 0) draws (-0.894427, -0.447214) -> screen NW (fit 1.000) -> frame E
09-23 18:16:08.222 I/godot   (32105): [AgentSprite] step (0, -1) draws (0.894427, -0.447214) -> screen NE (fit 1.000) -> frame N
09-23 18:16:08.222 I/godot   (32105): [AgentSprite] head yaw mapping: grid 0 -> yaw 0, handedness -1
09-23 18:16:08.309 I/godot   (32105): [AgentSprite] layer 'head/standing': 24 yaws at 15.0 deg
09-23 18:16:08.384 I/godot   (32105): [AgentSprite] layer 'hat/standing': 24 yaws at 15.0 deg
09-23 18:16:08.487 I/godot   (32105): [AgentSprite] layer 'head/standing': 24 yaws at 15.0 deg
09-23 18:16:08.560 I/godot   (32105): [AgentSprite] layer 'hat/standing': 24 yaws at 15.0 deg
09-23 18:16:08.664 I/godot   (32105): [AgentSprite] layer 'head/standing': 24 yaws at 15.0 deg
09-23 18:16:08.740 I/godot   (32105): [AgentSprite] layer 'hat/standing': 24 yaws at 15.0 deg
09-23 18:16:08.740 I/godot   (32105): [OCC-03] Agent z_index set to 34 (max voxel layer z_index: 33, room size: (46, 24))
09-23 18:16:08.786 I/godot   (32105): [AgentSprite] step (1, 0) draws (0.894427, 0.447214) -> screen SE (fit 1.000) -> frame W
09-23 18:16:08.786 I/godot   (32105): [AgentSprite] step (0, 1) draws (-0.894427, 0.447214) -> screen SW (fit 1.000) -> frame S
09-23 18:16:08.786 I/godot   (32105): [AgentSprite] step (-1, 0) draws (-0.894427, -0.447214) -> screen NW (fit 1.000) -> frame E
09-23 18:16:08.786 I/godot   (32105): [AgentSprite] step (0, -1) draws (0.894427, -0.447214) -> screen NE (fit 1.000) -> frame N
09-23 18:16:08.786 I/godot   (32105): [AgentSprite] head yaw mapping: grid 0 -> yaw 0, handedness -1
09-23 18:16:08.862 I/godot   (32105): [AgentSprite] layer 'head/standing': 24 yaws at 15.0 deg
09-23 18:16:08.898 I/godot   (32105): [AgentSprite] step (1, 0) draws (0.894427, 0.447214) -> screen SE (fit 1.000) -> frame W
09-23 18:16:08.898 I/godot   (32105): [AgentSprite] step (0, 1) draws (-0.894427, 0.447214) -> screen SW (fit 1.000) -> frame S
09-23 18:16:08.898 I/godot   (32105): [AgentSprite] step (-1, 0) draws (-0.894427, -0.447214) -> screen NW (fit 1.000) -> frame E
09-23 18:16:08.898 I/godot   (32105): [AgentSprite] step (0, -1) draws (0.894427, -0.447214) -> screen NE (fit 1.000) -> frame N
09-23 18:16:08.898 I/godot   (32105): [AgentSprite] head yaw mapping: grid 0 -> yaw 0, handedness -1
09-23 18:16:08.971 I/godot   (32105): [AgentSprite] layer 'head/standing': 24 yaws at 15.0 deg
09-23 18:16:09.002 I/godot   (32105): [AgentSprite] step (1, 0) draws (0.894427, 0.447214) -> screen SE (fit 1.000) -> frame W
09-23 18:16:09.002 I/godot   (32105): [AgentSprite] step (0, 1) draws (-0.894427, 0.447214) -> screen SW (fit 1.000) -> frame S
09-23 18:16:09.002 I/godot   (32105): [AgentSprite] step (-1, 0) draws (-0.894427, -0.447214) -> screen NW (fit 1.000) -> frame E
09-23 18:16:09.002 I/godot   (32105): [AgentSprite] step (0, -1) draws (0.894427, -0.447214) -> screen NE (fit 1.000) -> frame N
09-23 18:16:09.002 I/godot   (32105): [AgentSprite] head yaw mapping: grid 0 -> yaw 0, handedness -1
09-23 18:16:09.076 I/godot   (32105): [AgentSprite] layer 'head/standing': 24 yaws at 15.0 deg
09-23 18:16:09.108 I/godot   (32105): [AgentSprite] step (1, 0) draws (0.894427, 0.447214) -> screen SE (fit 1.000) -> frame W
09-23 18:16:09.108 I/godot   (32105): [AgentSprite] step (0, 1) draws (-0.894427, 0.447214) -> screen SW (fit 1.000) -> frame S
09-23 18:16:09.108 I/godot   (32105): [AgentSprite] step (-1, 0) draws (-0.894427, -0.447214) -> screen NW (fit 1.000) -> frame E
09-23 18:16:09.108 I/godot   (32105): [AgentSprite] step (0, -1) draws (0.894427, -0.447214) -> screen NE (fit 1.000) -> frame N
09-23 18:16:09.108 I/godot   (32105): [AgentSprite] head yaw mapping: grid 0 -> yaw 0, handedness -1
09-23 18:16:09.182 I/godot   (32105): [AgentSprite] layer 'head/standing': 24 yaws at 15.0 deg
09-23 18:16:09.212 I/godot   (32105): [AgentSprite] step (1, 0) draws (0.894427, 0.447214) -> screen SE (fit 1.000) -> frame W
09-23 18:16:09.212 I/godot   (32105): [AgentSprite] step (0, 1) draws (-0.894427, 0.447214) -> screen SW (fit 1.000) -> frame S
09-23 18:16:09.212 I/godot   (32105): [AgentSprite] step (-1, 0) draws (-0.894427, -0.447214) -> screen NW (fit 1.000) -> frame E
09-23 18:16:09.212 I/godot   (32105): [AgentSprite] step (0, -1) draws (0.894427, -0.447214) -> screen NE (fit 1.000) -> frame N
09-23 18:16:09.213 I/godot   (32105): [AgentSprite] head yaw mapping: grid 0 -> yaw 0, handedness -1
09-23 18:16:09.288 I/godot   (32105): [AgentSprite] layer 'head/standing': 24 yaws at 15.0 deg
09-23 18:16:09.318 I/godot   (32105): [AgentSprite] step (1, 0) draws (0.894427, 0.447214) -> screen SE (fit 1.000) -> frame W
09-23 18:16:09.318 I/godot   (32105): [AgentSprite] step (0, 1) draws (-0.894427, 0.447214) -> screen SW (fit 1.000) -> frame S
09-23 18:16:09.318 I/godot   (32105): [AgentSprite] step (-1, 0) draws (-0.894427, -0.447214) -> screen NW (fit 1.000) -> frame E
09-23 18:16:09.318 I/godot   (32105): [AgentSprite] step (0, -1) draws (0.894427, -0.447214) -> screen NE (fit 1.000) -> frame N
09-23 18:16:09.318 I/godot   (32105): [AgentSprite] head yaw mapping: grid 0 -> yaw 0, handedness -1
09-23 18:16:09.393 I/godot   (32105): [AgentSprite] layer 'head/standing': 24 yaws at 15.0 deg
09-23 18:16:09.423 I/godot   (32105): [AgentSprite] step (1, 0) draws (0.894427, 0.447214) -> screen SE (fit 1.000) -> frame W
09-23 18:16:09.423 I/godot   (32105): [AgentSprite] step (0, 1) draws (-0.894427, 0.447214) -> screen SW (fit 1.000) -> frame S
09-23 18:16:09.423 I/godot   (32105): [AgentSprite] step (-1, 0) draws (-0.894427, -0.447214) -> screen NW (fit 1.000) -> frame E
09-23 18:16:09.423 I/godot   (32105): [AgentSprite] step (0, -1) draws (0.894427, -0.447214) -> screen NE (fit 1.000) -> frame N
09-23 18:16:09.423 I/godot   (32105): [AgentSprite] head yaw mapping: grid 0 -> yaw 0, handedness -1
09-23 18:16:09.498 I/godot   (32105): [AgentSprite] layer 'head/standing': 24 yaws at 15.0 deg
09-23 18:16:09.528 I/godot   (32105): [AgentSprite] step (1, 0) draws (0.894427, 0.447214) -> screen SE (fit 1.000) -> frame W
09-23 18:16:09.528 I/godot   (32105): [AgentSprite] step (0, 1) draws (-0.894427, 0.447214) -> screen SW (fit 1.000) -> frame S
09-23 18:16:09.528 I/godot   (32105): [AgentSprite] step (-1, 0) draws (-0.894427, -0.447214) -> screen NW (fit 1.000) -> frame E
09-23 18:16:09.528 I/godot   (32105): [AgentSprite] step (0, -1) draws (0.894427, -0.447214) -> screen NE (fit 1.000) -> frame N
09-23 18:16:09.529 I/godot   (32105): [AgentSprite] head yaw mapping: grid 0 -> yaw 0, handedness -1
09-23 18:16:09.603 I/godot   (32105): [AgentSprite] layer 'head/standing': 24 yaws at 15.0 deg
09-23 18:16:09.633 I/godot   (32105): [AgentSprite] step (1, 0) draws (0.894427, 0.447214) -> screen SE (fit 1.000) -> frame W
09-23 18:16:09.633 I/godot   (32105): [AgentSprite] step (0, 1) draws (-0.894427, 0.447214) -> screen SW (fit 1.000) -> frame S
09-23 18:16:09.633 I/godot   (32105): [AgentSprite] step (-1, 0) draws (-0.894427, -0.447214) -> screen NW (fit 1.000) -> frame E
09-23 18:16:09.633 I/godot   (32105): [AgentSprite] step (0, -1) draws (0.894427, -0.447214) -> screen NE (fit 1.000) -> frame N
09-23 18:16:09.633 I/godot   (32105): [AgentSprite] head yaw mapping: grid 0 -> yaw 0, handedness -1
09-23 18:16:09.709 I/godot   (32105): [AgentSprite] layer 'head/standing': 24 yaws at 15.0 deg
09-23 18:16:09.721 I/godot   (32105): [Room] Light registry initialized with 12 map lights:
09-23 18:16:09.721 I/godot   (32105):   - map_light_1 @ cell(6,4) radius=7 type=omni
09-23 18:16:09.721 I/godot   (32105):   - map_light_2 @ cell(17,4) radius=6 type=omni
09-23 18:16:09.721 I/godot   (32105):   - map_light_3 @ cell(12,11) radius=7 type=omni
09-23 18:16:09.721 I/godot   (32105):   - map_light_4 @ cell(11,10) radius=10 type=omni
09-23 18:16:09.721 I/godot   (32105):   - map_light_5 @ cell(16,11) radius=8 type=omni
09-23 18:16:09.721 I/godot   (32105):   - map_light_6 @ cell(24,4) radius=7 type=omni
09-23 18:16:09.721 I/godot   (32105):   - map_light_7 @ cell(28,4) radius=7 type=omni
09-23 18:16:09.721 I/godot   (32105):   - map_light_8 @ cell(32,4) radius=7 type=omni
09-23 18:16:09.721 I/godot   (32105):   - map_light_9 @ cell(36,4) radius=7 type=omni
09-23 18:16:09.721 I/godot   (32105):   - map_light_10 @ cell(40,4) radius=7 type=omni
09-23 18:16:09.721 I/godot   (32105):   - map_light_11 @ cell(26,9) radius=8 type=omni
09-23 18:16:09.721 I/godot   (32105):   - map_light_12 @ cell(34,9) radius=8 type=omni
09-23 18:16:09.723 I/godot   (32105): [Room] Tile semantics initialized with 163 tiles, 12 light anchors
09-23 18:16:16.648 I/godot   (32105): 
09-23 18:16:16.648 I/godot   (32105): Attempting to resolve: facade_concrete (folder concrete)
09-23 18:16:16.648 I/godot   (32105):   [USER] File not found: user://textures/concrete/facade_concrete.png
09-23 18:16:16.648 I/godot   (32105):   [USER] File not found: user://textures/concrete/facade_concrete.webp
09-23 18:16:16.674 I/godot   (32105):   [DEFAULT] Validation PASS: res://ASSETS/materials/concrete/facade_concrete.png
09-23 18:16:16.675 I/godot   (32105): [RESOLVER] facade_concrete resolved from DEFAULT.png (dims 1024x512)
09-23 18:16:16.712 I/godot   (32105): 
09-23 18:16:16.712 I/godot   (32105): Attempting to resolve: facade_metal (folder metal)
09-23 18:16:16.712 I/godot   (32105):   [USER] File not found: user://textures/metal/facade_metal.png
09-23 18:16:16.712 I/godot   (32105):   [USER] File not found: user://textures/metal/facade_metal.webp
09-23 18:16:16.749 I/godot   (32105):   [DEFAULT] Validation PASS: res://ASSETS/materials/metal/facade_metal.png
09-23 18:16:16.749 I/godot   (32105): [RESOLVER] facade_metal resolved from DEFAULT.png (dims 1024x512)
09-23 18:16:16.789 I/godot   (32105): 
09-23 18:16:16.789 I/godot   (32105): Attempting to resolve: facade_stone (folder stone)
09-23 18:16:16.789 I/godot   (32105):   [USER] File not found: user://textures/stone/facade_stone.png
09-23 18:16:16.789 I/godot   (32105):   [USER] File not found: user://textures/stone/facade_stone.webp
09-23 18:16:16.822 I/godot   (32105):   [DEFAULT] Validation PASS: res://ASSETS/materials/stone/facade_stone.png
09-23 18:16:16.822 I/godot   (32105): [RESOLVER] facade_stone resolved from DEFAULT.png (dims 1024x512)
09-23 18:16:16.862 I/godot   (32105): 
09-23 18:16:16.862 I/godot   (32105): Attempting to resolve: facade_wood (folder wood)
09-23 18:16:16.862 I/godot   (32105):   [USER] File not found: user://textures/wood/facade_wood.png
09-23 18:16:16.862 I/godot   (32105):   [USER] File not found: user://textures/wood/facade_wood.webp
09-23 18:16:16.894 I/godot   (32105):   [DEFAULT] Validation PASS: res://ASSETS/materials/wood/facade_wood.png
09-23 18:16:16.894 I/godot   (32105): [RESOLVER] facade_wood resolved from DEFAULT.png (dims 1024x512)
09-23 18:16:16.934 I/godot   (32105): 
09-23 18:16:16.934 I/godot   (32105): Attempting to resolve: facade_brick (folder brick)
09-23 18:16:16.934 I/godot   (32105):   [USER] File not found: user://textures/brick/facade_brick.png
09-23 18:16:16.935 I/godot   (32105):   [USER] File not found: user://textures/brick/facade_brick.webp
09-23 18:16:16.971 I/godot   (32105):   [DEFAULT] Validation PASS: res://ASSETS/materials/brick/facade_brick.png
09-23 18:16:16.971 I/godot   (32105): [RESOLVER] facade_brick resolved from DEFAULT.png (dims 1024x512)
09-23 18:16:17.012 I/godot   (32105): 
09-23 18:16:17.012 I/godot   (32105): Attempting to resolve: facade_cardboard (folder cardboard)
09-23 18:16:17.012 I/godot   (32105):   [USER] File not found: user://textures/cardboard/facade_cardboard.png
09-23 18:16:17.012 I/godot   (32105):   [USER] File not found: user://textures/cardboard/facade_cardboard.webp
09-23 18:16:17.041 I/godot   (32105):   [DEFAULT] Validation PASS: res://ASSETS/materials/cardboard/facade_cardboard.png
09-23 18:16:17.041 I/godot   (32105): [RESOLVER] facade_cardboard resolved from DEFAULT.png (dims 1024x512)
09-23 18:16:17.079 I/godot   (32105): 
09-23 18:16:17.079 I/godot   (32105): Attempting to resolve: facade_fabric (folder fabric)
09-23 18:16:17.079 I/godot   (32105):   [USER] File not found: user://textures/fabric/facade_fabric.png
09-23 18:16:17.079 I/godot   (32105):   [USER] File not found: user://textures/fabric/facade_fabric.webp
09-23 18:16:17.106 I/godot   (32105):   [DEFAULT] Validation PASS: res://ASSETS/materials/fabric/facade_fabric.png
09-23 18:16:17.106 I/godot   (32105): [RESOLVER] facade_fabric resolved from DEFAULT.png (dims 1024x512)
09-23 18:16:17.145 I/godot   (32105): 
09-23 18:16:17.145 I/godot   (32105): Attempting to resolve: facade_plywood (folder plywood)
09-23 18:16:17.145 I/godot   (32105):   [USER] File not found: user://textures/plywood/facade_plywood.png
09-23 18:16:17.145 I/godot   (32105):   [USER] File not found: user://textures/plywood/facade_plywood.webp
09-23 18:16:17.180 I/godot   (32105):   [DEFAULT] Validation PASS: res://ASSETS/materials/plywood/facade_plywood.png
09-23 18:16:17.180 I/godot   (32105): [RESOLVER] facade_plywood resolved from DEFAULT.png (dims 1024x512)
09-23 18:16:17.247 I/godot   (32105): 
09-23 18:16:17.247 I/godot   (32105): Attempting to resolve: facade_earth (folder earth)
09-23 18:16:17.247 I/godot   (32105):   [USER] File not found: user://textures/earth/facade_earth.png
09-23 18:16:17.248 I/godot   (32105):   [USER] File not found: user://textures/earth/facade_earth.webp
09-23 18:16:17.284 I/godot   (32105):   [DEFAULT] Validation PASS: res://ASSETS/materials/earth/facade_earth.png
09-23 18:16:17.284 I/godot   (32105): [RESOLVER] facade_earth resolved from DEFAULT.png (dims 1024x512)
09-23 18:16:19.897 I/godot   (32105): [BOARD3D] 215432 voxel(s) (slices 69440, columns 672, slabs 145992; the 2D board holds 64 cell(s)) → 108772 face(s) → 732 quad(s) in 276 chunk(s), 11 material(s), plane levels 78..103; collect 1826 ms, mesh 1471 ms; skip 2D writes true; source store
09-23 18:16:19.902 I/godot   (32105): [SPIKE3D] lights: mode=(actors only) lamps=12 shadowed=0 board_lit=false
09-23 18:16:20.714 I/godot   (32105): [SPIKE3D] actor meshes: 9 instance(s), 558 MeshInstance3D, 558 surface(s), 9 skeleton(s), 8 bone(s) swung each
09-23 18:16:21.278 I/godot   (32105): [TestZone] 0 pickups
09-23 18:16:21.566 I/godot   (32105): [DEV-HUD-01] DEV VISION Status Panel initialized
09-23 18:16:21.574 I/godot   (32105): [DEBUG] _ready() complete, starting probe
09-23 18:16:21.574 I/godot   (32105): [SLICE-02 probe] ===== STARTING ALIGNMENT CHECK =====
09-23 18:16:21.574 I/godot   (32105): [SLICE-02 probe] floor_cell = (0, 0)  voxel_cell = (0, 0)
09-23 18:16:21.574 I/godot   (32105): [SLICE-02 probe] floor_map=(128.0, 64.0)  voxel_map=(16.0, 8.0)
09-23 18:16:21.574 I/godot   (32105): [SLICE-02 probe] floor_adjusted=(0.0, 0.0)  voxel_adjusted=(0.0, 0.0)
09-23 18:16:21.574 I/godot   (32105): [SLICE-02 probe] canon_pos=(0.0, 512.0)  voxel_pos=(112.0, 576.0)  delta=(112.0, 64.0) px
09-23 18:16:21.574 I/godot   (32105): [SLICE-02 probe] INFO: no block_* tile found for footprint check
09-23 18:16:21.575 V/Godot   (32105): OnGodotMainLoopStarted
09-23 18:16:23.146 I/godot   (32105): [GLASS-TILE] mirrored 2240 glass cell(s) into the opaque layers, removed 0
09-23 18:16:23.264 I/godot   (32105): [SCENARIO] 4 step(s)
09-23 18:16:23.264 I/godot   (32105): [SCENARIO] 1/4 framing portrait
09-23 18:16:23.265 I/godot   (32105): [SCENARIO] 2/4 zoom 0.5
09-23 18:16:23.266 I/godot   (32105): [SCENARIO] 3/4 wait 25
09-23 18:16:25.995 I/godot   (32105): [FRAME-PROBE] 45.4 ms/frame · render cpu 1.6 ms · render gpu 23.7 ms · 215 draw call(s) · 25860 primitive(s) · 232 object(s) · process 58.1 ms · physics 28.1 ms · 1673 node(s) · view portrait 390x873 zoom 0.50 gu 95/1104 scale 1.00
09-23 18:16:25.996 I/godot   (32105): [FRAME-SPLIT] per frame: guard cone smooth draw 29.18 ms (9/f) · sprite light+throw 0.48 ms (10/f) · room temporal lights 0.06 ms (1/f) · room vision fog 0.05 ms (1/f) · guard attention 0.03 ms (9/f) · room enemy visibility 0.02 ms (1/f)
09-23 18:16:27.433 I/godot   (32105): [FRAME-PROBE] 24.0 ms/frame · render cpu 1.4 ms · render gpu 20.6 ms · 215 draw call(s) · 25860 primitive(s) · 232 object(s) · process 43.8 ms · physics 0.1 ms · 1673 node(s) · view portrait 390x873 zoom 0.50 gu 95/1104 scale 1.00
09-23 18:16:27.433 I/godot   (32105): [FRAME-SPLIT] per frame: guard cone smooth draw 2.31 ms (1/f) · sprite light+throw 0.47 ms (10/f) · room temporal lights 0.06 ms (1/f) · room vision fog 0.05 ms (1/f) · guard attention 0.03 ms (9/f) · room enemy visibility 0.02 ms (1/f)
09-23 18:16:28.773 I/godot   (32105): [FRAME-PROBE] 22.3 ms/frame · render cpu 1.5 ms · render gpu 20.7 ms · 215 draw call(s) · 25860 primitive(s) · 232 object(s) · process 30.6 ms · physics 0.1 ms · 1673 node(s) · view portrait 390x873 zoom 0.50 gu 95/1104 scale 1.00
09-23 18:16:28.773 I/godot   (32105): [FRAME-SPLIT] per frame: sprite light+throw 0.55 ms (10/f) · room temporal lights 0.06 ms (1/f) · room vision fog 0.06 ms (1/f) · guard attention 0.04 ms (9/f) · room enemy visibility 0.02 ms (1/f)
09-23 18:16:30.114 I/godot   (32105): [FRAME-PROBE] 22.3 ms/frame · render cpu 1.5 ms · render gpu 21.0 ms · 215 draw call(s) · 25860 primitive(s) · 232 object(s) · process 32.5 ms · physics 0.1 ms · 1673 node(s) · view portrait 390x873 zoom 0.50 gu 95/1104 scale 1.00
09-23 18:16:30.114 I/godot   (32105): [FRAME-SPLIT] per frame: sprite light+throw 0.48 ms (10/f) · room temporal lights 0.06 ms (1/f) · room vision fog 0.06 ms (1/f) · guard attention 0.03 ms (9/f) · room enemy visibility 0.02 ms (1/f)
09-23 18:16:31.466 I/godot   (32105): [FRAME-PROBE] 22.5 ms/frame · render cpu 1.5 ms · render gpu 21.0 ms · 215 draw call(s) · 25860 primitive(s) · 232 object(s) · process 33.7 ms · physics 0.1 ms · 1673 node(s) · view portrait 390x873 zoom 0.50 gu 95/1104 scale 1.00
09-23 18:16:31.466 I/godot   (32105): [FRAME-SPLIT] per frame: sprite light+throw 0.48 ms (10/f) · room temporal lights 0.06 ms (1/f) · room vision fog 0.05 ms (1/f) · guard attention 0.04 ms (9/f) · room enemy visibility 0.02 ms (1/f)
09-23 18:16:32.784 I/godot   (32105): [FRAME-PROBE] 22.0 ms/frame · render cpu 1.3 ms · render gpu 20.5 ms · 215 draw call(s) · 25860 primitive(s) · 232 object(s) · process 33.5 ms · physics 0.1 ms · 1673 node(s) · view portrait 390x873 zoom 0.50 gu 95/1104 scale 1.00
09-23 18:16:32.784 I/godot   (32105): [FRAME-SPLIT] per frame: sprite light+throw 0.46 ms (10/f) · room temporal lights 0.06 ms (1/f) · room vision fog 0.05 ms (1/f) · guard attention 0.03 ms (9/f) · room enemy visibility 0.02 ms (1/f)
09-23 18:16:34.125 I/godot   (32105): [FRAME-PROBE] 22.3 ms/frame · render cpu 1.4 ms · render gpu 20.9 ms · 215 draw call(s) · 25860 primitive(s) · 232 object(s) · process 23.7 ms · physics 0.1 ms · 1673 node(s) · view portrait 390x873 zoom 0.50 gu 95/1104 scale 1.00
09-23 18:16:34.125 I/godot   (32105): [FRAME-SPLIT] per frame: sprite light+throw 0.49 ms (10/f) · room temporal lights 0.06 ms (1/f) · room vision fog 0.05 ms (1/f) · guard attention 0.03 ms (9/f) · room enemy visibility 0.02 ms (1/f)
09-23 18:16:35.454 I/godot   (32105): [FRAME-PROBE] 22.2 ms/frame · render cpu 1.5 ms · render gpu 20.7 ms · 215 draw call(s) · 25860 primitive(s) · 232 object(s) · process 22.7 ms · physics 0.1 ms · 1673 node(s) · view portrait 390x873 zoom 0.50 gu 95/1104 scale 1.00
09-23 18:16:35.454 I/godot   (32105): [FRAME-SPLIT] per frame: sprite light+throw 0.49 ms (10/f) · room temporal lights 0.06 ms (1/f) · room vision fog 0.05 ms (1/f) · guard attention 0.03 ms (9/f) · room enemy visibility 0.02 ms (1/f)
09-23 18:16:36.806 I/godot   (32105): [FRAME-PROBE] 22.5 ms/frame · render cpu 1.5 ms · render gpu 21.2 ms · 215 draw call(s) · 25860 primitive(s) · 232 object(s) · process 22.7 ms · physics 0.1 ms · 1673 node(s) · view portrait 390x873 zoom 0.50 gu 95/1104 scale 1.00
09-23 18:16:36.806 I/godot   (32105): [FRAME-SPLIT] per frame: sprite light+throw 0.50 ms (10/f) · room temporal lights 0.06 ms (1/f) · room vision fog 0.05 ms (1/f) · guard attention 0.03 ms (9/f) · room enemy visibility 0.02 ms (1/f)
09-23 18:16:38.169 I/godot   (32105): [FRAME-PROBE] 22.7 ms/frame · render cpu 1.6 ms · render gpu 21.2 ms · 215 draw call(s) · 25860 primitive(s) · 232 object(s) · process 33.1 ms · physics 0.2 ms · 1673 node(s) · view portrait 390x873 zoom 0.50 gu 95/1104 scale 1.00
09-23 18:16:38.169 I/godot   (32105): [FRAME-SPLIT] per frame: sprite light+throw 0.49 ms (10/f) · room temporal lights 0.06 ms (1/f) · room vision fog 0.06 ms (1/f) · guard attention 0.03 ms (9/f) · room enemy visibility 0.02 ms (1/f)
09-23 18:16:39.498 I/godot   (32105): [FRAME-PROBE] 22.1 ms/frame · render cpu 1.4 ms · render gpu 20.5 ms · 215 draw call(s) · 25860 primitive(s) · 232 object(s) · process 28.6 ms · physics 0.1 ms · 1673 node(s) · view portrait 390x873 zoom 0.50 gu 95/1104 scale 1.00
09-23 18:16:39.498 I/godot   (32105): [FRAME-SPLIT] per frame: sprite light+throw 0.49 ms (10/f) · room temporal lights 0.06 ms (1/f) · room vision fog 0.05 ms (1/f) · guard attention 0.03 ms (9/f) · room enemy visibility 0.02 ms (1/f)
09-23 18:16:40.827 I/godot   (32105): [FRAME-PROBE] 22.2 ms/frame · render cpu 1.4 ms · render gpu 20.6 ms · 215 draw call(s) · 25860 primitive(s) · 232 object(s) · process 30.2 ms · physics 0.1 ms · 1673 node(s) · view portrait 390x873 zoom 0.50 gu 95/1104 scale 1.00
09-23 18:16:40.828 I/godot   (32105): [FRAME-SPLIT] per frame: sprite light+throw 0.47 ms (10/f) · room temporal lights 0.06 ms (1/f) · room vision fog 0.05 ms (1/f) · guard attention 0.03 ms (9/f) · room enemy visibility 0.02 ms (1/f)
09-23 18:16:42.157 I/godot   (32105): [FRAME-PROBE] 22.2 ms/frame · render cpu 1.5 ms · render gpu 20.7 ms · 215 draw call(s) · 25860 primitive(s) · 232 object(s) · process 23.1 ms · physics 0.1 ms · 1673 node(s) · view portrait 390x873 zoom 0.50 gu 95/1104 scale 1.00
09-23 18:16:42.157 I/godot   (32105): [FRAME-SPLIT] per frame: sprite light+throw 0.48 ms (10/f) · room temporal lights 0.06 ms (1/f) · room vision fog 0.05 ms (1/f) · guard attention 0.03 ms (9/f) · room enemy visibility 0.02 ms (1/f)
09-23 18:16:43.486 I/godot   (32105): [FRAME-PROBE] 22.2 ms/frame · render cpu 1.5 ms · render gpu 20.8 ms · 215 draw call(s) · 25860 primitive(s) · 232 object(s) · process 22.5 ms · physics 0.1 ms · 1673 node(s) · view portrait 390x873 zoom 0.50 gu 95/1104 scale 1.00
09-23 18:16:43.486 I/godot   (32105): [FRAME-SPLIT] per frame: sprite light+throw 0.48 ms (10/f) · room temporal lights 0.06 ms (1/f) · room vision fog 0.05 ms (1/f) · guard attention 0.03 ms (9/f) · room enemy visibility 0.02 ms (1/f)
09-23 18:16:44.815 I/godot   (32105): [FRAME-PROBE] 22.2 ms/frame · render cpu 1.5 ms · render gpu 20.7 ms · 215 draw call(s) · 25860 primitive(s) · 232 object(s) · process 22.7 ms · physics 0.1 ms · 1673 node(s) · view portrait 390x873 zoom 0.50 gu 95/1104 scale 1.00
09-23 18:16:44.815 I/godot   (32105): [FRAME-SPLIT] per frame: sprite light+throw 0.47 ms (10/f) · room temporal lights 0.06 ms (1/f) · room vision fog 0.05 ms (1/f) · guard attention 0.03 ms (9/f) · room enemy visibility 0.02 ms (1/f)
09-23 18:16:46.133 I/godot   (32105): [FRAME-PROBE] 22.0 ms/frame · render cpu 1.5 ms · render gpu 20.9 ms · 215 draw call(s) · 25860 primitive(s) · 232 object(s) · process 22.6 ms · physics 0.1 ms · 1673 node(s) · view portrait 390x873 zoom 0.50 gu 95/1104 scale 1.00
09-23 18:16:46.134 I/godot   (32105): [FRAME-SPLIT] per frame: sprite light+throw 0.49 ms (10/f) · room temporal lights 0.06 ms (1/f) · room vision fog 0.05 ms (1/f) · guard attention 0.03 ms (9/f) · room enemy visibility 0.02 ms (1/f)
09-23 18:16:47.463 I/godot   (32105): [FRAME-PROBE] 22.2 ms/frame · render cpu 1.3 ms · render gpu 20.8 ms · 215 draw call(s) · 25860 primitive(s) · 232 object(s) · process 22.6 ms · physics 0.1 ms · 1673 node(s) · view portrait 390x873 zoom 0.50 gu 95/1104 scale 1.00
09-23 18:16:47.463 I/godot   (32105): [FRAME-SPLIT] per frame: sprite light+throw 0.47 ms (10/f) · room temporal lights 0.06 ms (1/f) · room vision fog 0.05 ms (1/f) · guard attention 0.03 ms (9/f) · room enemy visibility 0.02 ms (1/f)
09-23 18:16:48.404 I/godot   (32105): [SCENARIO] 4/4 quit
09-23 18:16:51.303 V/Godot   (32105): OnGodotTerminating
[DIAG-02] com.example.infiltraitor exited on its own at 18:16:53 — capture ends
