--------- beginning of main
09-23 18:34:27.447 V/Godot   ( 5384): InitEngine with params: [--xr_mode_regular, --xr-mode, off, --fullscreen, --background_color, #000000]
09-23 18:34:27.447 V/Godot   ( 5384): Initializing Godot plugin registry
09-23 18:34:27.495 V/Godot   ( 5384): Godot native layer initialization completed: true
09-23 18:34:27.747 V/Godot   ( 5384): Godot native layer setup completed
09-23 18:34:27.747 V/Godot   ( 5384): OnInitRenderView: GodotFragment{fc29790} (f3485241-6486-4e73-b814-025333b5666b id=0x7f070033)
09-23 18:34:27.759 D/Godot   ( 5384): Render view should be transparent: false
09-23 18:34:27.759 D/Godot   ( 5384): usesVulkan(): true
09-23 18:34:27.759 D/Godot   ( 5384): 			renderingDevice: vulkan (ProjectSettings)
09-23 18:34:27.759 D/Godot   ( 5384): 			renderer: mobile (ProjectSettings)
09-23 18:34:27.780 V/Godot   ( 5384): OnStart: GodotFragment{fc29790} (f3485241-6486-4e73-b814-025333b5666b id=0x7f070033)
09-23 18:34:27.786 V/Godot   ( 5384): OnResume: GodotFragment{fc29790} (f3485241-6486-4e73-b814-025333b5666b id=0x7f070033)
09-23 18:34:27.825 I/godot   ( 5384): Godot Engine v4.6.1.stable.official.14d19694e - https://godotengine.org
09-23 18:34:27.888 I/godot   ( 5384): Vulkan 1.3.225 - Forward Mobile - Using Device #0: ARM - Mali-G57
09-23 18:34:28.264 I/godot   ( 5384): 
09-23 18:34:32.625 V/Godot   ( 5384): OnGodotSetupCompleted
09-23 18:34:32.648 I/godot   ( 5384): [DevFlags] 6 override(s) from /sdcard/Android/data/com.example.infiltraitor/files/dev_flags.cfg — ACTOR_MESH=9, FRAME_PROBE=1, MAP=PLAYGROUND, RENDER3D=1, RNG_SEED=1, SCENARIO=framing portrait; zoom 0.5; wait 25; quit
09-23 18:34:32.648 I/godot   ( 5384): [INFILTRAITOR] Version 0.9.107
09-23 18:34:32.654 I/godot   ( 5384): [Registries] Autoload initialized
09-23 18:34:32.658 I/godot   ( 5384): [RNG] seeded 1 — particle rolls are reproducible this boot
09-23 18:34:32.659 I/godot   ( 5384): [MaterialRegistry] Registered: brick (color: 0.55,0.29,0.22)
09-23 18:34:32.659 I/godot   ( 5384): [MaterialRegistry] Registered: cardboard (color: 0.70,0.55,0.36)
09-23 18:34:32.659 I/godot   ( 5384): [MaterialRegistry] Registered: concrete (color: 0.62,0.62,0.62)
09-23 18:34:32.659 I/godot   ( 5384): [MaterialRegistry] Registered: dirt (color: 0.50,0.38,0.27)
09-23 18:34:32.659 I/godot   ( 5384): [MaterialRegistry] Registered: earth (color: 0.52,0.39,0.26)
09-23 18:34:32.660 I/godot   ( 5384): [MaterialRegistry] Registered: fabric (color: 0.78,0.74,0.66)
09-23 18:34:32.660 I/godot   ( 5384): [MaterialRegistry] Registered: glass (color: 0.62,0.74,0.78)
09-23 18:34:32.660 I/godot   ( 5384): [MaterialRegistry] Registered: glass_armored (color: 0.74,0.62,0.78)
09-23 18:34:32.660 I/godot   ( 5384): [MaterialRegistry] Registered: glass_screen_amber (color: 0.70,0.60,0.38)
09-23 18:34:32.660 I/godot   ( 5384): [MaterialRegistry] Registered: glass_screen_green (color: 0.38,0.55,0.42)
09-23 18:34:32.661 I/godot   ( 5384): [MaterialRegistry] Registered: glass_screen_red (color: 0.62,0.40,0.41)
09-23 18:34:32.661 I/godot   ( 5384): [MaterialRegistry] Registered: grass (color: 0.42,0.55,0.29)
09-23 18:34:32.661 I/godot   ( 5384): [MaterialRegistry] Registered: gravel (color: 0.55,0.52,0.49)
09-23 18:34:32.661 I/godot   ( 5384): [MaterialRegistry] Registered: metal (color: 0.49,0.53,0.56)
09-23 18:34:32.661 I/godot   ( 5384): [MaterialRegistry] Registered: plywood (color: 0.78,0.63,0.42)
09-23 18:34:32.662 I/godot   ( 5384): [MaterialRegistry] Registered: sand (color: 0.76,0.67,0.51)
09-23 18:34:32.662 I/godot   ( 5384): [MaterialRegistry] Registered: stone (color: 0.55,0.55,0.58)
09-23 18:34:32.662 I/godot   ( 5384): [MaterialRegistry] Registered: wood (color: 0.66,0.47,0.31)
09-23 18:34:32.662 I/godot   ( 5384): [Registries] Material registry initialized with defaults
09-23 18:34:32.662 I/godot   ( 5384): [BakeConfig] Enabled: true, Blend Mode: 0, Facade Tops: true
09-23 18:34:32.674 I/godot   ( 5384): [Room] 4 tiles registered.
09-23 18:34:33.495 I/godot   ( 5384): [Room] Light registry initialized with 0 map lights:
09-23 18:34:33.496 I/godot   ( 5384): [Room] Tile semantics initialized with 0 tiles, 0 light anchors
09-23 18:34:33.496 I/godot   ( 5384): [Room] Shadow projector initialized
09-23 18:34:33.496 I/godot   ( 5384): [Room] Exposure system initialized with 0 light projections
09-23 18:34:33.496 I/godot   ( 5384): [VisionController] Shadow overlay initialized
09-23 18:34:33.496 I/godot   ( 5384): [VisionController] Exposure overlay initialized
09-23 18:34:33.496 I/godot   ( 5384): [VisionController] Tile risk heatmap overlay initialized
09-23 18:34:33.496 I/godot   ( 5384): [VisionController] Elite exposure overlay initialized: [EliteExposureOverlay safe=0 total=0 confidence=0.00 depth_layers=6 stability_types=4]
09-23 18:34:33.589 I/godot   ( 5384): [Registries] File map source initialized
09-23 18:34:34.474 I/godot   ( 5384): [MaterialRegistry] Registered: brick (color: 0.55,0.29,0.22)
09-23 18:34:34.475 I/godot   ( 5384): [MaterialRegistry] Registered: cardboard (color: 0.70,0.55,0.36)
09-23 18:34:34.475 I/godot   ( 5384): [MaterialRegistry] Registered: concrete (color: 0.62,0.62,0.62)
09-23 18:34:34.475 I/godot   ( 5384): [MaterialRegistry] Registered: dirt (color: 0.50,0.38,0.27)
09-23 18:34:34.475 I/godot   ( 5384): [MaterialRegistry] Registered: earth (color: 0.52,0.39,0.26)
09-23 18:34:34.476 I/godot   ( 5384): [MaterialRegistry] Registered: fabric (color: 0.78,0.74,0.66)
09-23 18:34:34.476 I/godot   ( 5384): [MaterialRegistry] Registered: glass (color: 0.62,0.74,0.78)
09-23 18:34:34.476 I/godot   ( 5384): [MaterialRegistry] Registered: glass_armored (color: 0.74,0.62,0.78)
09-23 18:34:34.476 I/godot   ( 5384): [MaterialRegistry] Registered: glass_screen_amber (color: 0.70,0.60,0.38)
09-23 18:34:34.476 I/godot   ( 5384): [MaterialRegistry] Registered: glass_screen_green (color: 0.38,0.55,0.42)
09-23 18:34:34.477 I/godot   ( 5384): [MaterialRegistry] Registered: glass_screen_red (color: 0.62,0.40,0.41)
09-23 18:34:34.477 I/godot   ( 5384): [MaterialRegistry] Registered: grass (color: 0.42,0.55,0.29)
09-23 18:34:34.477 I/godot   ( 5384): [MaterialRegistry] Registered: gravel (color: 0.55,0.52,0.49)
09-23 18:34:34.477 I/godot   ( 5384): [MaterialRegistry] Registered: metal (color: 0.49,0.53,0.56)
09-23 18:34:34.477 I/godot   ( 5384): [MaterialRegistry] Registered: plywood (color: 0.78,0.63,0.42)
09-23 18:34:34.478 I/godot   ( 5384): [MaterialRegistry] Registered: sand (color: 0.76,0.67,0.51)
09-23 18:34:34.478 I/godot   ( 5384): [MaterialRegistry] Registered: stone (color: 0.55,0.55,0.58)
09-23 18:34:34.478 I/godot   ( 5384): [MaterialRegistry] Registered: wood (color: 0.66,0.47,0.31)
09-23 18:34:35.182 I/godot   ( 5384): [ROOM] Baking textures with 40 junction columns...
09-23 18:34:35.208 I/godot   ( 5384): [ROOM] Grouped edges into 43 runs
09-23 18:34:35.215 I/godot   ( 5384): [BAKE] Loaded voxel atom: concrete (32×36, 0 AA pixels)
09-23 18:34:35.216 I/godot   ( 5384): [BAKE] Loaded voxel atom: metal (32×36, 0 AA pixels)
09-23 18:34:35.217 I/godot   ( 5384): [BAKE] Loaded voxel atom: stone (32×36, 0 AA pixels)
09-23 18:34:35.219 I/godot   ( 5384): [BAKE] Loaded voxel atom: wood (32×36, 0 AA pixels)
09-23 18:34:35.227 I/godot   ( 5384): [BAKE] Loaded voxel atom: grass (32×36, 0 AA pixels)
09-23 18:34:35.229 I/godot   ( 5384): [BAKE] Loaded voxel atom: dirt (32×36, 0 AA pixels)
09-23 18:34:35.231 I/godot   ( 5384): [BAKE] Loaded voxel atom: gravel (32×36, 0 AA pixels)
09-23 18:34:35.233 I/godot   ( 5384): [BAKE] Loaded voxel atom: sand (32×36, 0 AA pixels)
09-23 18:34:35.235 I/godot   ( 5384): [BAKE] Loaded voxel atom: earth (32×36, 0 AA pixels)
09-23 18:34:35.236 I/godot   ( 5384): [BAKE] Loaded voxel atom: brick (32×36, 0 AA pixels)
09-23 18:34:35.237 I/godot   ( 5384): [BAKE] Loaded voxel atom: cardboard (32×36, 0 AA pixels)
09-23 18:34:35.238 I/godot   ( 5384): [BAKE] Loaded voxel atom: fabric (32×36, 0 AA pixels)
09-23 18:34:35.239 I/godot   ( 5384): [BAKE] Loaded voxel atom: plywood (32×36, 0 AA pixels)
09-23 18:34:35.241 I/godot   ( 5384): [BAKE] Loaded voxel atom: glass (32×36, 0 AA pixels)
09-23 18:34:35.241 I/godot   ( 5384): [BAKE] Created persistent BakeCompositor for session
09-23 18:34:35.242 I/godot   ( 5384): [BAKE] Found 9 unique (material, facade) combos
09-23 18:34:35.388 I/godot   ( 5384): 
09-23 18:34:35.388 I/godot   ( 5384): Attempting to resolve: facade_concrete (folder concrete)
09-23 18:34:35.388 I/godot   ( 5384):   [USER] File not found: user://textures/concrete/facade_concrete.png
09-23 18:34:35.388 I/godot   ( 5384):   [USER] File not found: user://textures/concrete/facade_concrete.webp
09-23 18:34:35.413 I/godot   ( 5384):   [DEFAULT] Validation PASS: res://ASSETS/materials/concrete/facade_concrete.png
09-23 18:34:35.413 I/godot   ( 5384): [RESOLVER] facade_concrete resolved from DEFAULT.png (dims 1024x512)
09-23 18:34:35.413 I/godot   ( 5384): 
09-23 18:34:35.413 I/godot   ( 5384): Attempting to resolve: facade_metal (folder metal)
09-23 18:34:35.413 I/godot   ( 5384):   [USER] File not found: user://textures/metal/facade_metal.png
09-23 18:34:35.413 I/godot   ( 5384):   [USER] File not found: user://textures/metal/facade_metal.webp
09-23 18:34:35.443 I/godot   ( 5384):   [DEFAULT] Validation PASS: res://ASSETS/materials/metal/facade_metal.png
09-23 18:34:35.443 I/godot   ( 5384): [RESOLVER] facade_metal resolved from DEFAULT.png (dims 1024x512)
09-23 18:34:35.443 I/godot   ( 5384): 
09-23 18:34:35.443 I/godot   ( 5384): Attempting to resolve: facade_stone (folder stone)
09-23 18:34:35.443 I/godot   ( 5384):   [USER] File not found: user://textures/stone/facade_stone.png
09-23 18:34:35.443 I/godot   ( 5384):   [USER] File not found: user://textures/stone/facade_stone.webp
09-23 18:34:35.470 I/godot   ( 5384):   [DEFAULT] Validation PASS: res://ASSETS/materials/stone/facade_stone.png
09-23 18:34:35.470 I/godot   ( 5384): [RESOLVER] facade_stone resolved from DEFAULT.png (dims 1024x512)
09-23 18:34:35.471 I/godot   ( 5384): 
09-23 18:34:35.471 I/godot   ( 5384): Attempting to resolve: facade_wood (folder wood)
09-23 18:34:35.471 I/godot   ( 5384):   [USER] File not found: user://textures/wood/facade_wood.png
09-23 18:34:35.471 I/godot   ( 5384):   [USER] File not found: user://textures/wood/facade_wood.webp
09-23 18:34:35.497 I/godot   ( 5384):   [DEFAULT] Validation PASS: res://ASSETS/materials/wood/facade_wood.png
09-23 18:34:35.497 I/godot   ( 5384): [RESOLVER] facade_wood resolved from DEFAULT.png (dims 1024x512)
09-23 18:34:35.497 I/godot   ( 5384): 
09-23 18:34:35.497 I/godot   ( 5384): Attempting to resolve: facade_brick (folder brick)
09-23 18:34:35.497 I/godot   ( 5384):   [USER] File not found: user://textures/brick/facade_brick.png
09-23 18:34:35.497 I/godot   ( 5384):   [USER] File not found: user://textures/brick/facade_brick.webp
09-23 18:34:35.526 I/godot   ( 5384):   [DEFAULT] Validation PASS: res://ASSETS/materials/brick/facade_brick.png
09-23 18:34:35.527 I/godot   ( 5384): [RESOLVER] facade_brick resolved from DEFAULT.png (dims 1024x512)
09-23 18:34:35.527 I/godot   ( 5384): 
09-23 18:34:35.527 I/godot   ( 5384): Attempting to resolve: facade_cardboard (folder cardboard)
09-23 18:34:35.527 I/godot   ( 5384):   [USER] File not found: user://textures/cardboard/facade_cardboard.png
09-23 18:34:35.527 I/godot   ( 5384):   [USER] File not found: user://textures/cardboard/facade_cardboard.webp
09-23 18:34:35.549 I/godot   ( 5384):   [DEFAULT] Validation PASS: res://ASSETS/materials/cardboard/facade_cardboard.png
09-23 18:34:35.549 I/godot   ( 5384): [RESOLVER] facade_cardboard resolved from DEFAULT.png (dims 1024x512)
09-23 18:34:35.549 I/godot   ( 5384): 
09-23 18:34:35.549 I/godot   ( 5384): Attempting to resolve: facade_fabric (folder fabric)
09-23 18:34:35.550 I/godot   ( 5384):   [USER] File not found: user://textures/fabric/facade_fabric.png
09-23 18:34:35.550 I/godot   ( 5384):   [USER] File not found: user://textures/fabric/facade_fabric.webp
09-23 18:34:35.571 I/godot   ( 5384):   [DEFAULT] Validation PASS: res://ASSETS/materials/fabric/facade_fabric.png
09-23 18:34:35.571 I/godot   ( 5384): [RESOLVER] facade_fabric resolved from DEFAULT.png (dims 1024x512)
09-23 18:34:35.571 I/godot   ( 5384): 
09-23 18:34:35.571 I/godot   ( 5384): Attempting to resolve: facade_plywood (folder plywood)
09-23 18:34:35.571 I/godot   ( 5384):   [USER] File not found: user://textures/plywood/facade_plywood.png
09-23 18:34:35.571 I/godot   ( 5384):   [USER] File not found: user://textures/plywood/facade_plywood.webp
09-23 18:34:35.599 I/godot   ( 5384):   [DEFAULT] Validation PASS: res://ASSETS/materials/plywood/facade_plywood.png
09-23 18:34:35.599 I/godot   ( 5384): [RESOLVER] facade_plywood resolved from DEFAULT.png (dims 1024x512)
09-23 18:34:35.599 I/godot   ( 5384): 
09-23 18:34:35.599 I/godot   ( 5384): Attempting to resolve: facade_glass (folder glass)
09-23 18:34:35.599 I/godot   ( 5384):   [USER] File not found: user://textures/glass/facade_glass.png
09-23 18:34:35.600 I/godot   ( 5384):   [USER] File not found: user://textures/glass/facade_glass.webp
09-23 18:34:35.608 I/godot   ( 5384):   [DEFAULT] Validation PASS: res://ASSETS/materials/glass/facade_glass.png
09-23 18:34:35.608 I/godot   ( 5384): [RESOLVER] facade_glass resolved from DEFAULT.png (dims 1024x512)
09-23 18:34:36.388 I/godot   ( 5384): [BAKE] Composed sheet concrete|facade_concrete|0 (2048 atoms)
09-23 18:34:37.251 I/godot   ( 5384): [BAKE] Composed sheet concrete|facade_concrete|1 (2048 atoms)
09-23 18:34:37.758 I/godot   ( 5384): [BAKE] Composed sheet metal|facade_metal|0 (2048 atoms)
09-23 18:34:38.212 I/godot   ( 5384): [BAKE] Composed sheet metal|facade_metal|1 (2048 atoms)
09-23 18:34:38.647 I/godot   ( 5384): [BAKE] Composed sheet stone|facade_stone|0 (2048 atoms)
09-23 18:34:39.094 I/godot   ( 5384): [BAKE] Composed sheet stone|facade_stone|1 (2048 atoms)
09-23 18:34:39.538 I/godot   ( 5384): [BAKE] Composed sheet wood|facade_wood|0 (2048 atoms)
09-23 18:34:39.989 I/godot   ( 5384): [BAKE] Composed sheet wood|facade_wood|1 (2048 atoms)
09-23 18:34:40.427 I/godot   ( 5384): [BAKE] Composed sheet brick|facade_brick|0 (2048 atoms)
09-23 18:34:40.874 I/godot   ( 5384): [BAKE] Composed sheet brick|facade_brick|1 (2048 atoms)
09-23 18:34:41.323 I/godot   ( 5384): [BAKE] Composed sheet cardboard|facade_cardboard|0 (2048 atoms)
09-23 18:34:41.782 I/godot   ( 5384): [BAKE] Composed sheet cardboard|facade_cardboard|1 (2048 atoms)
09-23 18:34:42.221 I/godot   ( 5384): [BAKE] Composed sheet fabric|facade_fabric|0 (2048 atoms)
09-23 18:34:42.688 I/godot   ( 5384): [BAKE] Composed sheet fabric|facade_fabric|1 (2048 atoms)
09-23 18:34:43.129 I/godot   ( 5384): [BAKE] Composed sheet plywood|facade_plywood|0 (2048 atoms)
09-23 18:34:43.591 I/godot   ( 5384): [BAKE] Composed sheet plywood|facade_plywood|1 (2048 atoms)
09-23 18:34:44.038 I/godot   ( 5384): [BAKE] Composed sheet glass|facade_glass|0 (2048 atoms)
09-23 18:34:44.490 I/godot   ( 5384): [BAKE] Composed sheet glass|facade_glass|1 (2048 atoms)
09-23 18:34:44.557 I/godot   ( 5384): [BAKE] Composed junction page: concrete|facade_concrete (160 atoms)
09-23 18:34:44.593 I/godot   ( 5384): [BAKE] Composed junction page: metal|facade_metal (64 atoms)
09-23 18:34:44.629 I/godot   ( 5384): [BAKE] Composed junction page: stone|facade_stone (64 atoms)
09-23 18:34:44.665 I/godot   ( 5384): [BAKE] Composed junction page: wood|facade_wood (64 atoms)
09-23 18:34:44.701 I/godot   ( 5384): [BAKE] Composed junction page: brick|facade_brick (64 atoms)
09-23 18:34:44.739 I/godot   ( 5384): [BAKE] Composed junction page: cardboard|facade_cardboard (64 atoms)
09-23 18:34:44.775 I/godot   ( 5384): [BAKE] Composed junction page: fabric|facade_fabric (64 atoms)
09-23 18:34:44.812 I/godot   ( 5384): [BAKE] Composed junction page: plywood|facade_plywood (64 atoms)
09-23 18:34:44.849 I/godot   ( 5384): [BAKE] Composed junction page: glass|facade_glass (64 atoms)
09-23 18:34:45.826 I/godot   ( 5384): [BAKE] Composed roof page ROOF|concrete|facade_concrete (4096 atoms)
09-23 18:34:46.438 I/godot   ( 5384): [BAKE] Composed roof page ROOF|metal|facade_metal (586 atoms)
09-23 18:34:47.021 I/godot   ( 5384): [BAKE] Composed roof page ROOF|stone|facade_stone (586 atoms)
09-23 18:34:47.604 I/godot   ( 5384): [BAKE] Composed roof page ROOF|wood|facade_wood (586 atoms)
09-23 18:34:48.185 I/godot   ( 5384): [BAKE] Composed roof page ROOF|brick|facade_brick (586 atoms)
09-23 18:34:48.782 I/godot   ( 5384): [BAKE] Composed roof page ROOF|cardboard|facade_cardboard (586 atoms)
09-23 18:34:49.364 I/godot   ( 5384): [BAKE] Composed roof page ROOF|fabric|facade_fabric (586 atoms)
09-23 18:34:49.953 I/godot   ( 5384): [BAKE] Composed roof page ROOF|plywood|facade_plywood (586 atoms)
09-23 18:34:50.534 I/godot   ( 5384): [BAKE] Composed roof page ROOF|glass|facade_glass (586 atoms)
09-23 18:34:50.539 I/godot   ( 5384): [BAKE] Baked 9 combos × 2 directions in 14931.0 ms
09-23 18:34:50.541 I/godot   ( 5384): [ROOM] Bake complete: 15300 ms, 36 pages
09-23 18:34:55.286 I/godot   ( 5384): [ROOM] Registered baked atlas page 0 as source 98 on voxel_renderer (8448 tiles created)
09-23 18:35:00.170 I/godot   ( 5384): [ROOM] Registered baked atlas page 1 as source 99 on voxel_renderer (8448 tiles created)
09-23 18:35:00.183 I/godot   ( 5384): [ROOM] Registered baked atlas page 2 as source 100 on voxel_renderer (384 tiles created)
09-23 18:35:00.196 I/godot   ( 5384): [ROOM] Registered baked atlas page 3 as source 101 on voxel_renderer (384 tiles created)
09-23 18:35:00.210 I/godot   ( 5384): [ROOM] Registered baked atlas page 4 as source 102 on voxel_renderer (384 tiles created)
09-23 18:35:00.224 I/godot   ( 5384): [ROOM] Registered baked atlas page 5 as source 103 on voxel_renderer (384 tiles created)
09-23 18:35:00.237 I/godot   ( 5384): [ROOM] Registered baked atlas page 6 as source 104 on voxel_renderer (384 tiles created)
09-23 18:35:00.251 I/godot   ( 5384): [ROOM] Registered baked atlas page 7 as source 105 on voxel_renderer (384 tiles created)
09-23 18:35:00.265 I/godot   ( 5384): [ROOM] Registered baked atlas page 8 as source 106 on voxel_renderer (384 tiles created)
09-23 18:35:00.278 I/godot   ( 5384): [ROOM] Registered baked atlas page 9 as source 107 on voxel_renderer (384 tiles created)
09-23 18:35:00.292 I/godot   ( 5384): [ROOM] Registered baked atlas page 10 as source 108 on voxel_renderer (384 tiles created)
09-23 18:35:00.306 I/godot   ( 5384): [ROOM] Registered baked atlas page 11 as source 109 on voxel_renderer (384 tiles created)
09-23 18:35:00.319 I/godot   ( 5384): [ROOM] Registered baked atlas page 12 as source 110 on voxel_renderer (384 tiles created)
09-23 18:35:00.333 I/godot   ( 5384): [ROOM] Registered baked atlas page 13 as source 111 on voxel_renderer (384 tiles created)
09-23 18:35:00.347 I/godot   ( 5384): [ROOM] Registered baked atlas page 14 as source 112 on voxel_renderer (384 tiles created)
09-23 18:35:00.360 I/godot   ( 5384): [ROOM] Registered baked atlas page 15 as source 113 on voxel_renderer (384 tiles created)
09-23 18:35:00.381 I/godot   ( 5384): [ROOM] Registered baked atlas page 16 as source 114 on voxel_renderer (384 tiles created)
09-23 18:35:00.484 I/godot   ( 5384): [ROOM] Registered baked atlas page 17 as source 115 on voxel_renderer (384 tiles created)
09-23 18:35:00.488 I/godot   ( 5384): [ROOM] Registered baked atlas page 18 as source 116 on voxel_renderer (160 tiles created)
09-23 18:35:00.490 I/godot   ( 5384): [ROOM] Registered baked atlas page 19 as source 117 on voxel_renderer (64 tiles created)
09-23 18:35:00.492 I/godot   ( 5384): [ROOM] Registered baked atlas page 20 as source 118 on voxel_renderer (64 tiles created)
09-23 18:35:00.494 I/godot   ( 5384): [ROOM] Registered baked atlas page 21 as source 119 on voxel_renderer (64 tiles created)
09-23 18:35:00.496 I/godot   ( 5384): [ROOM] Registered baked atlas page 22 as source 120 on voxel_renderer (64 tiles created)
09-23 18:35:00.498 I/godot   ( 5384): [ROOM] Registered baked atlas page 23 as source 121 on voxel_renderer (64 tiles created)
09-23 18:35:00.500 I/godot   ( 5384): [ROOM] Registered baked atlas page 24 as source 122 on voxel_renderer (64 tiles created)
09-23 18:35:00.502 I/godot   ( 5384): [ROOM] Registered baked atlas page 25 as source 123 on voxel_renderer (64 tiles created)
09-23 18:35:00.503 I/godot   ( 5384): [ROOM] Registered baked atlas page 26 as source 124 on voxel_renderer (64 tiles created)
09-23 18:35:01.517 I/godot   ( 5384): [ROOM] Registered baked atlas page 27 as source 125 on voxel_renderer (4096 tiles created)
09-23 18:35:01.544 I/godot   ( 5384): [ROOM] Registered baked atlas page 28 as source 126 on voxel_renderer (586 tiles created)
09-23 18:35:01.572 I/godot   ( 5384): [ROOM] Registered baked atlas page 29 as source 127 on voxel_renderer (586 tiles created)
09-23 18:35:01.599 I/godot   ( 5384): [ROOM] Registered baked atlas page 30 as source 128 on voxel_renderer (586 tiles created)
09-23 18:35:01.627 I/godot   ( 5384): [ROOM] Registered baked atlas page 31 as source 129 on voxel_renderer (586 tiles created)
09-23 18:35:01.654 I/godot   ( 5384): [ROOM] Registered baked atlas page 32 as source 130 on voxel_renderer (586 tiles created)
09-23 18:35:01.681 I/godot   ( 5384): [ROOM] Registered baked atlas page 33 as source 131 on voxel_renderer (586 tiles created)
09-23 18:35:01.708 I/godot   ( 5384): [ROOM] Registered baked atlas page 34 as source 132 on voxel_renderer (586 tiles created)
09-23 18:35:01.736 I/godot   ( 5384): [ROOM] Registered baked atlas page 35 as source 133 on voxel_renderer (586 tiles created)
09-23 18:35:01.736 I/godot   ( 5384): [VOXEL] Baked lookup set: registered
09-23 18:35:01.763 I/godot   ( 5384): [BAKE] Disk cache HIT: loaded 1ff64de9
09-23 18:35:02.517 I/godot   ( 5384): [D33] composite page: 3584 tile(s) created up front in 739.4 ms
09-23 18:35:02.528 I/godot   ( 5384): [BAKE] Disk cache HIT: loaded 79f4f5e8
09-23 18:35:02.530 I/godot   ( 5384): [BAKE] Disk cache HIT: loaded c5a3ab77
09-23 18:35:02.532 I/godot   ( 5384): [BAKE] Disk cache HIT: loaded 38139423
09-23 18:35:02.534 I/godot   ( 5384): [BAKE] Disk cache HIT: loaded 66da5472
09-23 18:35:02.536 I/godot   ( 5384): [BAKE] Disk cache HIT: loaded e4993765
09-23 18:35:02.538 I/godot   ( 5384): [BAKE] Disk cache HIT: loaded 689fb62e
09-23 18:35:02.540 I/godot   ( 5384): [BAKE] Disk cache HIT: loaded 6705897f
09-23 18:35:02.542 I/godot   ( 5384): [BAKE] Disk cache HIT: loaded f45df950
09-23 18:35:02.545 I/godot   ( 5384): [BAKE] Disk cache HIT: loaded a69e54c4
09-23 18:35:02.547 I/godot   ( 5384): [BAKE] Disk cache HIT: loaded 789ec235
09-23 18:35:02.549 I/godot   ( 5384): [BAKE] Disk cache HIT: loaded 7ae0a8c2
09-23 18:35:02.551 I/godot   ( 5384): [BAKE] Disk cache HIT: loaded e19baabe
09-23 18:35:02.553 I/godot   ( 5384): [BAKE] Disk cache HIT: loaded 3323d2cf
09-23 18:35:02.556 I/godot   ( 5384): [BAKE] Disk cache HIT: loaded 14a1b0e0
09-23 18:35:02.574 I/godot   ( 5384): [BAKE] Disk cache HIT: loaded 312a1305
09-23 18:35:02.577 I/godot   ( 5384): [BAKE] Disk cache HIT: loaded a6443a14
09-23 18:35:02.579 I/godot   ( 5384): [BAKE] Disk cache HIT: loaded de99e143
09-23 18:35:02.581 I/godot   ( 5384): [BAKE] Disk cache HIT: loaded f582f5c8
09-23 18:35:02.584 I/godot   ( 5384): [BAKE] Disk cache HIT: loaded c18fa5c9
09-23 18:35:02.586 I/godot   ( 5384): [BAKE] Disk cache HIT: loaded 75160ea6
09-23 18:35:02.588 I/godot   ( 5384): [BAKE] Disk cache HIT: loaded 4d745b00
09-23 18:35:02.590 I/godot   ( 5384): [BAKE] Disk cache HIT: loaded baeabe01
09-23 18:35:02.592 I/godot   ( 5384): [BAKE] Disk cache HIT: loaded 535489de
09-23 18:35:02.595 I/godot   ( 5384): [BAKE] Disk cache HIT: loaded 3e4f2802
09-23 18:35:02.597 I/godot   ( 5384): [BAKE] Disk cache HIT: loaded 8f879e33
09-23 18:35:02.599 I/godot   ( 5384): [BAKE] Disk cache HIT: loaded e5158604
09-23 18:35:02.601 I/godot   ( 5384): [BAKE] Disk cache HIT: loaded bda6b76f
09-23 18:35:02.603 I/godot   ( 5384): [BAKE] Disk cache HIT: loaded 6ae15ade
09-23 18:35:02.606 I/godot   ( 5384): [BAKE] Disk cache HIT: loaded d2778f01
09-23 18:35:02.608 I/godot   ( 5384): [BAKE] Disk cache HIT: loaded 8acb8dbd
09-23 18:35:02.610 I/godot   ( 5384): [BAKE] Disk cache HIT: loaded f8179f2c
09-23 18:35:02.612 I/godot   ( 5384): [BAKE] Disk cache HIT: loaded c3776c5b
09-23 18:35:02.615 I/godot   ( 5384): [BAKE] Disk cache HIT: loaded ddea6eff
09-23 18:35:02.617 I/godot   ( 5384): [BAKE] Disk cache HIT: loaded df849bae
09-23 18:35:02.619 I/godot   ( 5384): [BAKE] Disk cache HIT: loaded 4b738391
09-23 18:35:02.621 I/godot   ( 5384): [BAKE] Disk cache HIT: loaded 310dc82c
09-23 18:35:02.623 I/godot   ( 5384): [BAKE] Disk cache HIT: loaded c3c1b6bd
09-23 18:35:02.626 I/godot   ( 5384): [BAKE] Disk cache HIT: loaded 2a46d30a
09-23 18:35:02.628 I/godot   ( 5384): [BAKE] Disk cache HIT: loaded fdc7ddf1
09-23 18:35:02.630 I/godot   ( 5384): [BAKE] Disk cache HIT: loaded 0fb2e0b0
09-23 18:35:02.632 I/godot   ( 5384): [BAKE] Disk cache HIT: loaded db12addf
09-23 18:35:02.635 I/godot   ( 5384): [BAKE] Disk cache HIT: loaded 4f78b87f
09-23 18:35:02.638 I/godot   ( 5384): [BAKE] Disk cache HIT: loaded 5112e52e
09-23 18:35:02.640 I/godot   ( 5384): [BAKE] Disk cache HIT: loaded bd01cd11
09-23 18:35:02.642 I/godot   ( 5384): [BAKE] Disk cache HIT: loaded 75a5bc1d
09-23 18:35:02.643 I/godot   ( 5384): [BAKE] Disk cache HIT: loaded 564b730c
09-23 18:35:02.645 I/godot   ( 5384): [BAKE] Disk cache HIT: loaded a1ac09bb
09-23 18:35:02.647 I/godot   ( 5384): [BAKE] Disk cache HIT: loaded 62ea1cf0
09-23 18:35:02.649 I/godot   ( 5384): [BAKE] Disk cache HIT: loaded 50ff1a31
09-23 18:35:02.651 I/godot   ( 5384): [BAKE] Disk cache HIT: loaded dc23f14e
09-23 18:35:02.653 I/godot   ( 5384): [BAKE] Disk cache HIT: loaded 8b168722
09-23 18:35:02.656 I/godot   ( 5384): [BAKE] Disk cache HIT: loaded dd8c31d3
09-23 18:35:02.658 I/godot   ( 5384): [BAKE] Disk cache HIT: loaded 31dce524
09-23 18:35:02.660 I/godot   ( 5384): [BAKE] Disk cache HIT: loaded dbe61180
09-23 18:35:02.662 I/godot   ( 5384): [BAKE] Disk cache HIT: loaded 495c7481
09-23 18:35:02.664 I/godot   ( 5384): [BAKE] Disk cache HIT: loaded e1c6405e
09-23 18:35:02.666 I/godot   ( 5384): [BAKE] Disk cache HIT: loaded 266b01ab
09-23 18:35:02.668 I/godot   ( 5384): [BAKE] Disk cache HIT: loaded 53a66e9a
09-23 18:35:02.670 I/godot   ( 5384): [BAKE] Disk cache HIT: loaded d31dba8d
09-23 18:35:02.672 I/godot   ( 5384): [BAKE] Disk cache HIT: loaded 4da47f86
09-23 18:35:02.674 I/godot   ( 5384): [BAKE] Disk cache HIT: loaded ec09bbb7
09-23 18:35:02.676 I/godot   ( 5384): [BAKE] Disk cache HIT: loaded a05b0628
09-23 18:35:02.678 I/godot   ( 5384): [BAKE] Disk cache HIT: loaded 2ad8f476
09-23 18:35:02.680 I/godot   ( 5384): [BAKE] Disk cache HIT: loaded 7655f6e7
09-23 18:35:02.682 I/godot   ( 5384): [BAKE] Disk cache HIT: loaded aaa677d8
09-23 18:35:02.684 I/godot   ( 5384): [BAKE] Disk cache HIT: loaded 93993437
09-23 18:35:02.686 I/godot   ( 5384): [BAKE] Disk cache HIT: loaded f533f806
09-23 18:35:02.688 I/godot   ( 5384): [BAKE] Disk cache HIT: loaded 953399a9
09-23 18:35:02.690 I/godot   ( 5384): [BAKE] Disk cache HIT: loaded 0fc056b1
09-23 18:35:02.692 I/godot   ( 5384): [BAKE] Disk cache HIT: loaded 21ab5970
09-23 18:35:02.694 I/godot   ( 5384): [BAKE] Disk cache HIT: loaded ed0b269f
09-23 18:35:02.697 I/godot   ( 5384): [BAKE] Disk cache HIT: loaded 9b8ed3b4
09-23 18:35:02.699 I/godot   ( 5384): [BAKE] Disk cache HIT: loaded 99ce5225
09-23 18:35:02.701 I/godot   ( 5384): [BAKE] Disk cache HIT: loaded 48889b32
09-23 18:35:02.703 I/godot   ( 5384): [BAKE] Disk cache HIT: loaded 1a067eca
09-23 18:35:02.705 I/godot   ( 5384): [BAKE] Disk cache HIT: loaded ec2d411b
09-23 18:35:02.707 I/godot   ( 5384): [BAKE] Disk cache HIT: loaded 4d0c84ec
09-23 18:35:02.709 I/godot   ( 5384): [BAKE] Disk cache HIT: loaded 0054ff2c
09-23 18:35:02.711 I/godot   ( 5384): [BAKE] Disk cache HIT: loaded 9308edbd
09-23 18:35:02.713 I/godot   ( 5384): [BAKE] Disk cache HIT: loaded f98e0a0a
09-23 18:35:02.715 I/godot   ( 5384): [BAKE] Disk cache HIT: loaded bcf9043b
09-23 18:35:02.717 I/godot   ( 5384): [BAKE] Disk cache HIT: loaded ead241ea
09-23 18:35:02.719 I/godot   ( 5384): [BAKE] Disk cache HIT: loaded 90f2b69d
09-23 18:35:02.721 I/godot   ( 5384): [BAKE] Disk cache HIT: loaded 9e92ca16
09-23 18:35:02.723 I/godot   ( 5384): [BAKE] Disk cache HIT: loaded 101b2487
09-23 18:35:02.726 I/godot   ( 5384): [BAKE] Disk cache HIT: loaded caa027f8
09-23 18:35:02.728 I/godot   ( 5384): [BAKE] Disk cache HIT: loaded db3c5d88
09-23 18:35:02.730 I/godot   ( 5384): [BAKE] Disk cache HIT: loaded a7490d89
09-23 18:35:02.732 I/godot   ( 5384): [BAKE] Disk cache HIT: loaded b387b366
09-23 18:35:02.734 I/godot   ( 5384): [BAKE] Disk cache HIT: loaded d51907ad
09-23 18:35:02.736 I/godot   ( 5384): [BAKE] Disk cache HIT: loaded c303b35c
09-23 18:35:02.738 I/godot   ( 5384): [BAKE] Disk cache HIT: loaded 0dc4e64b
09-23 18:35:02.741 I/godot   ( 5384): [BAKE] Disk cache HIT: loaded 6f0d800b
09-23 18:35:02.742 I/godot   ( 5384): [BAKE] Disk cache HIT: loaded 988e09fa
09-23 18:35:02.744 I/godot   ( 5384): [BAKE] Disk cache HIT: loaded 3661a16d
09-23 18:35:02.746 I/godot   ( 5384): [BAKE] Disk cache HIT: loaded 00714a05
09-23 18:35:02.748 I/godot   ( 5384): [BAKE] Disk cache HIT: loaded 758b7114
09-23 18:35:02.750 I/godot   ( 5384): [BAKE] Disk cache HIT: loaded ade11843
09-23 18:35:02.752 I/godot   ( 5384): [BAKE] Disk cache HIT: loaded c99c60fa
09-23 18:35:02.754 I/godot   ( 5384): [BAKE] Disk cache HIT: loaded a01bd70b
09-23 18:35:02.757 I/godot   ( 5384): [BAKE] Disk cache HIT: loaded 555aa41c
09-23 18:35:02.760 I/godot   ( 5384): [BAKE] Disk cache HIT: loaded d172d041
09-23 18:35:02.762 I/godot   ( 5384): [BAKE] Disk cache HIT: loaded 0b443040
09-23 18:35:02.764 I/godot   ( 5384): [BAKE] Disk cache HIT: loaded 63e9bbaf
09-23 18:35:02.766 I/godot   ( 5384): [BAKE] Disk cache HIT: loaded 7dc14c67
09-23 18:35:02.768 I/godot   ( 5384): [BAKE] Disk cache HIT: loaded 324449f6
09-23 18:35:02.771 I/godot   ( 5384): [BAKE] Disk cache HIT: loaded febd1799
09-23 18:35:02.773 I/godot   ( 5384): [BAKE] Disk cache HIT: loaded 80070612
09-23 18:35:02.775 I/godot   ( 5384): [BAKE] Disk cache HIT: loaded d27cb0c3
09-23 18:35:02.777 I/godot   ( 5384): [BAKE] Disk cache HIT: loaded 9a270994
09-23 18:35:02.779 I/godot   ( 5384): [BAKE] Disk cache HIT: loaded 408a168c
09-23 18:35:02.781 I/godot   ( 5384): [BAKE] Disk cache HIT: loaded 5fe45f9d
09-23 18:35:02.783 I/godot   ( 5384): [BAKE] Disk cache HIT: loaded b9c3eaea
09-23 18:35:02.786 I/godot   ( 5384): [BAKE] Disk cache HIT: loaded fb0049ea
09-23 18:35:02.788 I/godot   ( 5384): [BAKE] Disk cache HIT: loaded cd270c3b
09-23 18:35:02.790 I/godot   ( 5384): [BAKE] Disk cache HIT: loaded 81c6758c
09-23 18:35:02.792 I/godot   ( 5384): [BAKE] Disk cache HIT: loaded 725b1a95
09-23 18:35:02.794 I/godot   ( 5384): [BAKE] Disk cache HIT: loaded f41ad2a4
09-23 18:35:02.797 I/godot   ( 5384): [BAKE] Disk cache HIT: loaded 9fca1f53
09-23 18:35:02.799 I/godot   ( 5384): [BAKE] Disk cache HIT: loaded 3ce87820
09-23 18:35:02.801 I/godot   ( 5384): [BAKE] Disk cache HIT: loaded aa5edb21
09-23 18:35:02.803 I/godot   ( 5384): [BAKE] Disk cache HIT: loaded dd6945fe
09-23 18:35:02.805 I/godot   ( 5384): [BAKE] Disk cache HIT: loaded 375c7783
09-23 18:35:02.807 I/godot   ( 5384): [BAKE] Disk cache HIT: loaded e4e6ccd2
09-23 18:35:02.809 I/godot   ( 5384): [BAKE] Disk cache HIT: loaded 89eca945
09-23 18:35:02.811 I/godot   ( 5384): [BAKE] Disk cache HIT: loaded 6f1c8b0d
09-23 18:35:02.813 I/godot   ( 5384): [BAKE] Disk cache HIT: loaded cf23a7bc
09-23 18:35:02.816 I/godot   ( 5384): [BAKE] Disk cache HIT: loaded c269d22b
09-23 18:35:02.818 I/godot   ( 5384): [BAKE] Disk cache HIT: loaded a2f6a7a8
09-23 18:35:02.820 I/godot   ( 5384): [BAKE] Disk cache HIT: loaded f03fc2a9
09-23 18:35:02.823 I/godot   ( 5384): [BAKE] Disk cache HIT: loaded 50402106
09-23 18:35:02.825 I/godot   ( 5384): [BAKE] Disk cache HIT: loaded 170da79e
09-23 18:35:02.827 I/godot   ( 5384): [BAKE] Disk cache HIT: loaded 69d3042f
09-23 18:35:02.829 I/godot   ( 5384): [BAKE] Disk cache HIT: loaded 112d78c0
09-23 18:35:02.831 I/godot   ( 5384): [BAKE] Disk cache HIT: loaded 0bea3be0
09-23 18:35:02.833 I/godot   ( 5384): [BAKE] Disk cache HIT: loaded 79609ee1
09-23 18:35:02.836 I/godot   ( 5384): [BAKE] Disk cache HIT: loaded d8e435be
09-23 18:35:02.838 I/godot   ( 5384): [BAKE] Disk cache HIT: loaded c2f0fe17
09-23 18:35:02.840 I/godot   ( 5384): [BAKE] Disk cache HIT: loaded d0ca0966
09-23 18:35:02.842 I/godot   ( 5384): [BAKE] Disk cache HIT: loaded c48b6389
09-23 18:35:02.844 I/godot   ( 5384): [BAKE] Disk cache HIT: loaded f42ffe0a
09-23 18:35:02.847 I/godot   ( 5384): [BAKE] Disk cache HIT: loaded c656c05b
09-23 18:35:02.849 I/godot   ( 5384): [BAKE] Disk cache HIT: loaded faf6f32c
09-23 18:35:02.851 I/godot   ( 5384): [BAKE] Disk cache HIT: loaded 8e459ee2
09-23 18:35:02.854 I/godot   ( 5384): [BAKE] Disk cache HIT: loaded e0bb4993
09-23 18:35:02.856 I/godot   ( 5384): [BAKE] Disk cache HIT: loaded 350bfce4
09-23 18:35:02.859 I/godot   ( 5384): [BAKE] Disk cache HIT: loaded 22b77a14
09-23 18:35:02.861 I/godot   ( 5384): [BAKE] Disk cache HIT: loaded ad9d5305
09-23 18:35:02.864 I/godot   ( 5384): [BAKE] Disk cache HIT: loaded 08977692
09-23 18:35:02.866 I/godot   ( 5384): [BAKE] Disk cache HIT: loaded 2b3ac651
09-23 18:35:02.868 I/godot   ( 5384): [BAKE] Disk cache HIT: loaded 4b0a2190
09-23 18:35:02.871 I/godot   ( 5384): [BAKE] Disk cache HIT: loaded 1669eebf
09-23 18:35:02.873 I/godot   ( 5384): [BAKE] Disk cache HIT: loaded ddd178df
09-23 18:35:02.876 I/godot   ( 5384): [BAKE] Disk cache HIT: loaded 8bab800e
09-23 18:35:02.878 I/godot   ( 5384): [BAKE] Disk cache HIT: loaded 0086a8f1
09-23 18:35:02.880 I/godot   ( 5384): [BAKE] Disk cache HIT: loaded 078ff8c9
09-23 18:35:02.882 I/godot   ( 5384): [BAKE] Disk cache HIT: loaded 3b8348c8
09-23 18:35:02.884 I/godot   ( 5384): [BAKE] Disk cache HIT: loaded 05f59357
09-23 18:35:02.886 I/godot   ( 5384): [BAKE] Disk cache HIT: loaded fa29a4f6
09-23 18:35:02.889 I/godot   ( 5384): [BAKE] Disk cache HIT: loaded 45a6a767
09-23 18:35:02.890 I/godot   ( 5384): [BAKE] Disk cache HIT: loaded 79f72858
09-23 18:35:02.893 I/godot   ( 5384): [BAKE] Disk cache HIT: loaded c43fb14b
09-23 18:35:02.895 I/godot   ( 5384): [BAKE] Disk cache HIT: loaded 72b7893a
09-23 18:35:02.897 I/godot   ( 5384): [BAKE] Disk cache HIT: loaded 8b93d2ad
09-23 18:35:02.899 I/godot   ( 5384): [BAKE] Disk cache HIT: loaded 3c0fdd7d
09-23 18:35:02.901 I/godot   ( 5384): [BAKE] Disk cache HIT: loaded 50a3b1ec
09-23 18:35:02.903 I/godot   ( 5384): [BAKE] Disk cache HIT: loaded efc46e1b
09-23 18:35:02.905 I/godot   ( 5384): [BAKE] Disk cache HIT: loaded 5d243053
09-23 18:35:02.907 I/godot   ( 5384): [BAKE] Disk cache HIT: loaded 0aae85a2
09-23 18:35:02.909 I/godot   ( 5384): [BAKE] Disk cache HIT: loaded 2fb52b95
09-23 18:35:02.911 I/godot   ( 5384): [BAKE] Disk cache HIT: loaded dcc1c5e6
09-23 18:35:02.913 I/godot   ( 5384): [BAKE] Disk cache HIT: loaded cee8ba97
09-23 18:35:02.916 I/godot   ( 5384): [BAKE] Disk cache HIT: loaded 04767008
09-23 18:35:02.918 I/godot   ( 5384): [BAKE] Disk cache HIT: loaded e8344460
09-23 18:35:02.920 I/godot   ( 5384): [BAKE] Disk cache HIT: loaded 55aaa761
09-23 18:35:02.922 I/godot   ( 5384): [BAKE] Disk cache HIT: loaded b52e3e3e
09-23 18:35:02.924 I/godot   ( 5384): [BAKE] Disk cache HIT: loaded 3ac39f1e
09-23 18:35:02.926 I/godot   ( 5384): [BAKE] Disk cache HIT: loaded 8d88fbaf
09-23 18:35:02.928 I/godot   ( 5384): [BAKE] Disk cache HIT: loaded 34e37040
09-23 18:35:02.931 I/godot   ( 5384): [BAKE] Disk cache HIT: loaded ae9fd721
09-23 18:35:02.933 I/godot   ( 5384): [BAKE] Disk cache HIT: loaded 41297420
09-23 18:35:02.935 I/godot   ( 5384): [BAKE] Disk cache HIT: loaded 8beaa70f
09-23 18:35:02.937 I/godot   ( 5384): [BAKE] Disk cache HIT: loaded 991789cc
09-23 18:35:02.939 I/godot   ( 5384): [BAKE] Disk cache HIT: loaded b871d2dd
09-23 18:35:02.941 I/godot   ( 5384): [BAKE] Disk cache HIT: loaded b999212a
09-23 18:35:02.943 I/godot   ( 5384): [BAKE] Disk cache HIT: loaded 5e0bedbc
09-23 18:35:02.945 I/godot   ( 5384): [BAKE] Disk cache HIT: loaded fe04d10d
09-23 18:35:02.947 I/godot   ( 5384): [BAKE] Disk cache HIT: loaded 7e8d851a
09-23 18:35:02.950 I/godot   ( 5384): [BAKE] Disk cache HIT: loaded f0cbacc5
09-23 18:35:02.952 I/godot   ( 5384): [BAKE] Disk cache HIT: loaded 65e5d3d4
09-23 18:35:02.954 I/godot   ( 5384): [BAKE] Disk cache HIT: loaded 9e3b7b03
09-23 18:35:02.956 I/godot   ( 5384): [BAKE] Disk cache HIT: loaded fe7ed17f
09-23 18:35:02.958 I/godot   ( 5384): [BAKE] Disk cache HIT: loaded 0018fe2e
09-23 18:35:02.960 I/godot   ( 5384): [BAKE] Disk cache HIT: loaded 6c07e611
09-23 18:35:02.961 I/godot   ( 5384): [BAKE] Disk cache HIT: loaded f8617f42
09-23 18:35:02.963 I/godot   ( 5384): [BAKE] Disk cache HIT: loaded a2523273
09-23 18:35:02.965 I/godot   ( 5384): [BAKE] Disk cache HIT: loaded 241f2b44
09-23 18:35:02.968 I/godot   ( 5384): [BAKE] Disk cache HIT: loaded 43e30398
09-23 18:35:02.970 I/godot   ( 5384): [BAKE] Disk cache HIT: loaded 908e4dd9
09-23 18:35:02.971 I/godot   ( 5384): [BAKE] Disk cache HIT: loaded 1ccdbd36
09-23 18:35:02.973 I/godot   ( 5384): [BAKE] Disk cache HIT: loaded 9bc17792
09-23 18:35:02.976 I/godot   ( 5384): [BAKE] Disk cache HIT: loaded ee372243
09-23 18:35:02.978 I/godot   ( 5384): [BAKE] Disk cache HIT: loaded b5e17b14
09-23 18:35:02.980 I/godot   ( 5384): [BAKE] Disk cache HIT: loaded 8af654d1
09-23 18:35:02.982 I/godot   ( 5384): [BAKE] Disk cache HIT: loaded aac5b010
09-23 18:35:02.985 I/godot   ( 5384): [BAKE] Disk cache HIT: loaded 76257d3f
09-23 18:35:02.987 I/godot   ( 5384): [BAKE] Disk cache HIT: loaded 97f724ec
09-23 18:35:02.989 I/godot   ( 5384): [BAKE] Disk cache HIT: loaded 8363507d
09-23 18:35:02.992 I/godot   ( 5384): [BAKE] Disk cache HIT: loaded 64f11eca
09-23 18:35:02.994 I/godot   ( 5384): [BAKE] Disk cache HIT: loaded 02300d3e
09-23 18:35:02.997 I/godot   ( 5384): [BAKE] Disk cache HIT: loaded 53b8354f
09-23 18:35:02.999 I/godot   ( 5384): [BAKE] Disk cache HIT: loaded 35361360
09-23 18:35:03.002 I/godot   ( 5384): [BAKE] Disk cache HIT: loaded cc7a3463
09-23 18:35:03.005 I/godot   ( 5384): [BAKE] Disk cache HIT: loaded cf01e3b2
09-23 18:35:03.007 I/godot   ( 5384): [BAKE] Disk cache HIT: loaded 20479aa5
09-23 18:35:03.010 I/godot   ( 5384): [BAKE] Disk cache HIT: loaded a4e028c1
09-23 18:35:03.012 I/godot   ( 5384): [BAKE] Disk cache HIT: loaded deb188c0
09-23 18:35:03.014 I/godot   ( 5384): [BAKE] Disk cache HIT: loaded 3757142f
09-23 18:35:03.017 I/godot   ( 5384): [BAKE] Disk cache HIT: loaded 37935b73
09-23 18:35:03.019 I/godot   ( 5384): [BAKE] Disk cache HIT: loaded 8da2a842
09-23 18:35:03.021 I/godot   ( 5384): [BAKE] Disk cache HIT: loaded 8b60c1b5
09-23 18:35:03.023 I/godot   ( 5384): [BAKE] Disk cache HIT: loaded 02b23628
09-23 18:35:03.025 I/godot   ( 5384): [BAKE] Disk cache HIT: loaded 4ffb5129
09-23 18:35:03.028 I/godot   ( 5384): [BAKE] Disk cache HIT: loaded affbaf86
09-23 18:35:03.029 I/godot   ( 5384): [BAKE] Disk cache HIT: loaded b9cd8a6b
09-23 18:35:03.031 I/godot   ( 5384): [BAKE] Disk cache HIT: loaded e708f75a
09-23 18:35:03.033 I/godot   ( 5384): [BAKE] Disk cache HIT: loaded 0dc8064d
09-23 18:35:03.036 I/godot   ( 5384): [BAKE] Disk cache HIT: loaded cefc66e9
09-23 18:35:03.038 I/godot   ( 5384): [BAKE] Disk cache HIT: loaded 28fb0ee8
09-23 18:35:03.040 I/godot   ( 5384): [BAKE] Disk cache HIT: loaded 74a9c477
09-23 18:35:03.042 I/godot   ( 5384): [BAKE] Disk cache HIT: loaded 4a4da5e4
09-23 18:35:03.044 I/godot   ( 5384): [BAKE] Disk cache HIT: loaded 21462ad5
09-23 18:35:03.046 I/godot   ( 5384): [BAKE] Disk cache HIT: loaded a38747e2
09-23 18:35:03.048 I/godot   ( 5384): [BAKE] Disk cache HIT: loaded 72002296
09-23 18:35:03.050 I/godot   ( 5384): [BAKE] Disk cache HIT: loaded e3887d07
09-23 18:35:03.051 I/godot   ( 5384): [BAKE] Disk cache HIT: loaded 9e0d8078
09-23 18:35:03.053 I/godot   ( 5384): [BAKE] Disk cache HIT: loaded b7494534
09-23 18:35:03.056 I/godot   ( 5384): [BAKE] Disk cache HIT: loaded b588c3a5
09-23 18:35:03.058 I/godot   ( 5384): [BAKE] Disk cache HIT: loaded 64430cb2
09-23 18:35:03.060 I/godot   ( 5384): [BAKE] Disk cache HIT: loaded cae2dc07
09-23 18:35:03.062 I/godot   ( 5384): [BAKE] Disk cache HIT: loaded 595a8196
09-23 18:35:03.064 I/godot   ( 5384): [BAKE] Disk cache HIT: loaded b279a9b9
09-23 18:35:03.066 I/godot   ( 5384): [BAKE] Disk cache HIT: loaded de015d02
09-23 18:35:03.068 I/godot   ( 5384): [BAKE] Disk cache HIT: loaded 2f39d333
09-23 18:35:03.070 I/godot   ( 5384): [BAKE] Disk cache HIT: loaded 84c7bb04
09-23 18:35:03.072 I/godot   ( 5384): [BAKE] Disk cache HIT: loaded 9925edef
09-23 18:35:03.074 I/godot   ( 5384): [BAKE] Disk cache HIT: loaded 4660915e
09-23 18:35:03.076 I/godot   ( 5384): [BAKE] Disk cache HIT: loaded adf6c581
09-23 18:35:03.078 I/godot   ( 5384): [BAKE] Disk cache HIT: loaded db105109
09-23 18:35:03.080 I/godot   ( 5384): [BAKE] Disk cache HIT: loaded 0f03a108
09-23 18:35:03.082 I/godot   ( 5384): [BAKE] Disk cache HIT: loaded d975eb97
09-23 18:35:03.085 I/godot   ( 5384): [BAKE] Disk cache HIT: loaded 78a85bfc
09-23 18:35:03.087 I/godot   ( 5384): [BAKE] Disk cache HIT: loaded 18a13f4d
09-23 18:35:03.089 I/godot   ( 5384): [BAKE] Disk cache HIT: loaded f1e2305a
09-23 18:35:03.091 I/godot   ( 5384): [BAKE] Disk cache HIT: loaded 4d0a65c2
09-23 18:35:03.093 I/godot   ( 5384): [BAKE] Disk cache HIT: loaded f6fb18f3
09-23 18:35:03.096 I/godot   ( 5384): [BAKE] Disk cache HIT: loaded 78c811c4
09-23 18:35:03.098 I/godot   ( 5384): [BAKE] Disk cache HIT: loaded a78c2364
09-23 18:35:03.100 I/godot   ( 5384): [BAKE] Disk cache HIT: loaded 7e84a855
09-23 18:35:03.102 I/godot   ( 5384): [BAKE] Disk cache HIT: loaded 00c5c562
09-23 18:35:03.105 I/godot   ( 5384): [BAKE] Disk cache HIT: loaded 2db3fd43
09-23 18:35:03.107 I/godot   ( 5384): [BAKE] Disk cache HIT: loaded db3e5292
09-23 18:35:03.109 I/godot   ( 5384): [BAKE] Disk cache HIT: loaded 80442f05
09-23 18:35:03.111 I/godot   ( 5384): [BAKE] Disk cache HIT: loaded 94daf0a6
09-23 18:35:03.113 I/godot   ( 5384): [BAKE] Disk cache HIT: loaded dfba2257
09-23 18:35:03.116 I/godot   ( 5384): [BAKE] Disk cache HIT: loaded 1547d7c8
09-23 18:35:03.118 I/godot   ( 5384): [BAKE] Disk cache HIT: loaded 441eecae
09-23 18:35:03.120 I/godot   ( 5384): [BAKE] Disk cache HIT: loaded 4284bfff
09-23 18:35:03.122 I/godot   ( 5384): [BAKE] Disk cache HIT: loaded cfdd2fd0
09-23 18:35:03.124 I/godot   ( 5384): [BAKE] Disk cache HIT: loaded 3822d120
09-23 18:35:03.126 I/godot   ( 5384): [BAKE] Disk cache HIT: loaded a5993421
09-23 18:35:03.128 I/godot   ( 5384): [BAKE] Disk cache HIT: loaded d8a39efe
09-23 18:35:03.130 I/godot   ( 5384): [BAKE] Disk cache HIT: loaded 7dbcbe55
09-23 18:35:03.132 I/godot   ( 5384): [BAKE] Disk cache HIT: loaded a6c43964
09-23 18:35:03.134 I/godot   ( 5384): [BAKE] Disk cache HIT: loaded 52738613
09-23 18:35:03.136 I/godot   ( 5384): [BAKE] Disk cache HIT: loaded 21231ae3
09-23 18:35:03.138 I/godot   ( 5384): [BAKE] Disk cache HIT: loaded 23aaca32
09-23 18:35:03.140 I/godot   ( 5384): [BAKE] Disk cache HIT: loaded 74f08125
09-23 18:35:03.142 I/godot   ( 5384): [BAKE] Disk cache HIT: loaded 3b0bc8dd
09-23 18:35:03.144 I/godot   ( 5384): [BAKE] Disk cache HIT: loaded 1bb17fcc
09-23 18:35:03.146 I/godot   ( 5384): [BAKE] Disk cache HIT: loaded 0e59d97b
09-23 18:35:03.148 I/godot   ( 5384): [BAKE] Disk cache HIT: loaded dd5561a2
09-23 18:35:03.150 I/godot   ( 5384): [BAKE] Disk cache HIT: loaded 2fcb0c53
09-23 18:35:03.151 I/godot   ( 5384): [BAKE] Disk cache HIT: loaded 841bbfa4
09-23 18:35:03.154 I/godot   ( 5384): [BAKE] Disk cache HIT: loaded 269bba47
09-23 18:35:03.156 I/godot   ( 5384): [BAKE] Disk cache HIT: loaded b5135fd6
09-23 18:35:03.158 I/godot   ( 5384): [BAKE] Disk cache HIT: loaded b57a4af9
09-23 18:35:03.160 I/godot   ( 5384): [BAKE] Disk cache HIT: loaded e5a9a719
09-23 18:35:03.161 I/godot   ( 5384): [BAKE] Disk cache HIT: loaded 98fe5cd8
09-23 18:35:03.163 I/godot   ( 5384): [BAKE] Disk cache HIT: loaded 64addbe7
09-23 18:35:03.165 I/godot   ( 5384): [BAKE] Disk cache HIT: loaded 0146d99f
09-23 18:35:03.167 I/godot   ( 5384): [BAKE] Disk cache HIT: loaded af20e0ce
09-23 18:35:03.169 I/godot   ( 5384): [BAKE] Disk cache HIT: loaded 23fc09b1
09-23 18:35:03.171 I/godot   ( 5384): [BAKE] Disk cache HIT: loaded 7fa109ba
09-23 18:35:03.173 I/godot   ( 5384): [BAKE] Disk cache HIT: loaded d12931cb
09-23 18:35:03.176 I/godot   ( 5384): [BAKE] Disk cache HIT: loaded 8667fedc
09-23 18:35:03.178 I/godot   ( 5384): [BAKE] Disk cache HIT: loaded 9ef68c64
09-23 18:35:03.180 I/godot   ( 5384): [BAKE] Disk cache HIT: loaded 75ef1155
09-23 18:35:03.182 I/godot   ( 5384): [BAKE] Disk cache HIT: loaded f8302e62
09-23 18:35:03.184 I/godot   ( 5384): [BAKE] Disk cache HIT: loaded 559ffcc2
09-23 18:35:03.186 I/godot   ( 5384): [BAKE] Disk cache HIT: loaded ff90aff3
09-23 18:35:03.188 I/godot   ( 5384): [BAKE] Disk cache HIT: loaded 815da8c4
09-23 18:35:03.191 I/godot   ( 5384): [BAKE] Disk cache HIT: loaded dd0a683d
09-23 18:35:03.193 I/godot   ( 5384): [BAKE] Disk cache HIT: loaded 4a5679ac
09-23 18:35:03.195 I/godot   ( 5384): [BAKE] Disk cache HIT: loaded 15b646db
09-23 18:35:03.197 I/godot   ( 5384): [BAKE] Disk cache HIT: loaded d973c668
09-23 18:35:03.199 I/godot   ( 5384): [BAKE] Disk cache HIT: loaded 7f751e69
09-23 18:35:03.201 I/godot   ( 5384): [BAKE] Disk cache HIT: loaded b2fc50c6
09-23 18:35:03.203 I/godot   ( 5384): [BAKE] Disk cache HIT: loaded 01598f48
09-23 18:35:03.205 I/godot   ( 5384): [BAKE] Disk cache HIT: loaded cd663f49
09-23 18:35:03.207 I/godot   ( 5384): [BAKE] Disk cache HIT: loaded 80eca826
09-23 18:35:03.225 I/godot   ( 5384): [BAKE] Disk cache MISS: file not found /data/data/com.example.infiltraitor/files/damage_atom_cache/dc910c0e.bin
09-23 18:35:03.227 I/godot   ( 5384): [BAKE] Disk cache MISS: file not found /data/data/com.example.infiltraitor/files/damage_atom_cache/2eb704df.bin
09-23 18:35:03.229 I/godot   ( 5384): [BAKE] Disk cache MISS: file not found /data/data/com.example.infiltraitor/files/damage_atom_cache/635737b0.bin
09-23 18:35:03.231 I/godot   ( 5384): [BAKE] Disk cache MISS: file not found /data/data/com.example.infiltraitor/files/damage_atom_cache/96667239.bin
09-23 18:35:03.233 I/godot   ( 5384): [BAKE] Disk cache MISS: file not found /data/data/com.example.infiltraitor/files/damage_atom_cache/6954a7f8.bin
09-23 18:35:03.235 I/godot   ( 5384): [BAKE] Disk cache MISS: file not found /data/data/com.example.infiltraitor/files/damage_atom_cache/aecfa487.bin
09-23 18:35:03.237 I/godot   ( 5384): [BAKE] Disk cache MISS: file not found /data/data/com.example.infiltraitor/files/damage_atom_cache/b6e72c0c.bin
09-23 18:35:03.239 I/godot   ( 5384): [BAKE] Disk cache MISS: file not found /data/data/com.example.infiltraitor/files/damage_atom_cache/d641751d.bin
09-23 18:35:03.241 I/godot   ( 5384): [BAKE] Disk cache MISS: file not found /data/data/com.example.infiltraitor/files/damage_atom_cache/3021006a.bin
09-23 18:35:03.243 I/godot   ( 5384): [BAKE] Disk cache MISS: file not found /data/data/com.example.infiltraitor/files/damage_atom_cache/3c0a4a83.bin
09-23 18:35:03.244 I/godot   ( 5384): [BAKE] Disk cache MISS: file not found /data/data/com.example.infiltraitor/files/damage_atom_cache/e9949fd2.bin
09-23 18:35:03.246 I/godot   ( 5384): [BAKE] Disk cache MISS: file not found /data/data/com.example.infiltraitor/files/damage_atom_cache/8e9a7c45.bin
09-23 18:35:03.248 I/godot   ( 5384): [BAKE] Disk cache MISS: file not found /data/data/com.example.infiltraitor/files/damage_atom_cache/96667239.bin
09-23 18:35:03.250 I/godot   ( 5384): [BAKE] Disk cache MISS: file not found /data/data/com.example.infiltraitor/files/damage_atom_cache/6954a7f8.bin
09-23 18:35:03.251 I/godot   ( 5384): [BAKE] Disk cache MISS: file not found /data/data/com.example.infiltraitor/files/damage_atom_cache/aecfa487.bin
09-23 18:35:03.253 I/godot   ( 5384): [BAKE] Disk cache MISS: file not found /data/data/com.example.infiltraitor/files/damage_atom_cache/b6e72c0c.bin
09-23 18:35:03.255 I/godot   ( 5384): [BAKE] Disk cache MISS: file not found /data/data/com.example.infiltraitor/files/damage_atom_cache/d641751d.bin
09-23 18:35:03.257 I/godot   ( 5384): [BAKE] Disk cache MISS: file not found /data/data/com.example.infiltraitor/files/damage_atom_cache/3021006a.bin
09-23 18:35:03.258 I/godot   ( 5384): [BAKE] Disk cache MISS: file not found /data/data/com.example.infiltraitor/files/damage_atom_cache/dc910c0e.bin
09-23 18:35:03.260 I/godot   ( 5384): [BAKE] Disk cache MISS: file not found /data/data/com.example.infiltraitor/files/damage_atom_cache/2eb704df.bin
09-23 18:35:03.261 I/godot   ( 5384): [BAKE] Disk cache MISS: file not found /data/data/com.example.infiltraitor/files/damage_atom_cache/635737b0.bin
09-23 18:35:03.263 I/godot   ( 5384): [BAKE] Disk cache MISS: file not found /data/data/com.example.infiltraitor/files/damage_atom_cache/96667239.bin
09-23 18:35:03.265 I/godot   ( 5384): [BAKE] Disk cache MISS: file not found /data/data/com.example.infiltraitor/files/damage_atom_cache/6954a7f8.bin
09-23 18:35:03.266 I/godot   ( 5384): [BAKE] Disk cache MISS: file not found /data/data/com.example.infiltraitor/files/damage_atom_cache/aecfa487.bin
09-23 18:35:03.268 I/godot   ( 5384): [BAKE] Disk cache MISS: file not found /data/data/com.example.infiltraitor/files/damage_atom_cache/b6e72c0c.bin
09-23 18:35:03.269 I/godot   ( 5384): [BAKE] Disk cache MISS: file not found /data/data/com.example.infiltraitor/files/damage_atom_cache/d641751d.bin
09-23 18:35:03.271 I/godot   ( 5384): [BAKE] Disk cache MISS: file not found /data/data/com.example.infiltraitor/files/damage_atom_cache/3021006a.bin
09-23 18:35:03.273 I/godot   ( 5384): [BAKE] Disk cache MISS: file not found /data/data/com.example.infiltraitor/files/damage_atom_cache/3c0a4a83.bin
09-23 18:35:03.275 I/godot   ( 5384): [BAKE] Disk cache MISS: file not found /data/data/com.example.infiltraitor/files/damage_atom_cache/e9949fd2.bin
09-23 18:35:03.277 I/godot   ( 5384): [BAKE] Disk cache MISS: file not found /data/data/com.example.infiltraitor/files/damage_atom_cache/8e9a7c45.bin
09-23 18:35:03.279 I/godot   ( 5384): [BAKE] Disk cache MISS: file not found /data/data/com.example.infiltraitor/files/damage_atom_cache/96667239.bin
09-23 18:35:03.281 I/godot   ( 5384): [BAKE] Disk cache MISS: file not found /data/data/com.example.infiltraitor/files/damage_atom_cache/6954a7f8.bin
09-23 18:35:03.282 I/godot   ( 5384): [BAKE] Disk cache MISS: file not found /data/data/com.example.infiltraitor/files/damage_atom_cache/aecfa487.bin
09-23 18:35:03.284 I/godot   ( 5384): [BAKE] Disk cache MISS: file not found /data/data/com.example.infiltraitor/files/damage_atom_cache/b6e72c0c.bin
09-23 18:35:03.286 I/godot   ( 5384): [BAKE] Disk cache MISS: file not found /data/data/com.example.infiltraitor/files/damage_atom_cache/d641751d.bin
09-23 18:35:03.288 I/godot   ( 5384): [BAKE] Disk cache MISS: file not found /data/data/com.example.infiltraitor/files/damage_atom_cache/3021006a.bin
09-23 18:35:03.290 I/godot   ( 5384): [BAKE] Disk cache MISS: file not found /data/data/com.example.infiltraitor/files/damage_atom_cache/dc910c0e.bin
09-23 18:35:03.292 I/godot   ( 5384): [BAKE] Disk cache MISS: file not found /data/data/com.example.infiltraitor/files/damage_atom_cache/2eb704df.bin
09-23 18:35:03.293 I/godot   ( 5384): [BAKE] Disk cache MISS: file not found /data/data/com.example.infiltraitor/files/damage_atom_cache/635737b0.bin
09-23 18:35:03.296 I/godot   ( 5384): [BAKE] Disk cache MISS: file not found /data/data/com.example.infiltraitor/files/damage_atom_cache/96667239.bin
09-23 18:35:03.298 I/godot   ( 5384): [BAKE] Disk cache MISS: file not found /data/data/com.example.infiltraitor/files/damage_atom_cache/6954a7f8.bin
09-23 18:35:03.300 I/godot   ( 5384): [BAKE] Disk cache MISS: file not found /data/data/com.example.infiltraitor/files/damage_atom_cache/aecfa487.bin
09-23 18:35:03.301 I/godot   ( 5384): [BAKE] Disk cache MISS: file not found /data/data/com.example.infiltraitor/files/damage_atom_cache/b6e72c0c.bin
09-23 18:35:03.303 I/godot   ( 5384): [BAKE] Disk cache MISS: file not found /data/data/com.example.infiltraitor/files/damage_atom_cache/d641751d.bin
09-23 18:35:03.305 I/godot   ( 5384): [BAKE] Disk cache MISS: file not found /data/data/com.example.infiltraitor/files/damage_atom_cache/3021006a.bin
09-23 18:35:03.307 I/godot   ( 5384): [BAKE] Disk cache MISS: file not found /data/data/com.example.infiltraitor/files/damage_atom_cache/3c0a4a83.bin
09-23 18:35:03.308 I/godot   ( 5384): [BAKE] Disk cache MISS: file not found /data/data/com.example.infiltraitor/files/damage_atom_cache/e9949fd2.bin
09-23 18:35:03.310 I/godot   ( 5384): [BAKE] Disk cache MISS: file not found /data/data/com.example.infiltraitor/files/damage_atom_cache/8e9a7c45.bin
09-23 18:35:03.312 I/godot   ( 5384): [BAKE] Disk cache MISS: file not found /data/data/com.example.infiltraitor/files/damage_atom_cache/96667239.bin
09-23 18:35:03.313 I/godot   ( 5384): [BAKE] Disk cache MISS: file not found /data/data/com.example.infiltraitor/files/damage_atom_cache/6954a7f8.bin
09-23 18:35:03.315 I/godot   ( 5384): [BAKE] Disk cache MISS: file not found /data/data/com.example.infiltraitor/files/damage_atom_cache/aecfa487.bin
09-23 18:35:03.317 I/godot   ( 5384): [BAKE] Disk cache MISS: file not found /data/data/com.example.infiltraitor/files/damage_atom_cache/b6e72c0c.bin
09-23 18:35:03.319 I/godot   ( 5384): [BAKE] Disk cache MISS: file not found /data/data/com.example.infiltraitor/files/damage_atom_cache/d641751d.bin
09-23 18:35:03.321 I/godot   ( 5384): [BAKE] Disk cache MISS: file not found /data/data/com.example.infiltraitor/files/damage_atom_cache/3021006a.bin
09-23 18:35:03.323 I/godot   ( 5384): [BAKE] Disk cache MISS: file not found /data/data/com.example.infiltraitor/files/damage_atom_cache/fa046aa8.bin
09-23 18:35:03.325 I/godot   ( 5384): [BAKE] Disk cache MISS: file not found /data/data/com.example.infiltraitor/files/damage_atom_cache/474d85a9.bin
09-23 18:35:03.326 I/godot   ( 5384): [BAKE] Disk cache MISS: file not found /data/data/com.example.infiltraitor/files/damage_atom_cache/a74de406.bin
09-23 18:35:03.328 I/godot   ( 5384): [BAKE] Disk cache MISS: file not found /data/data/com.example.infiltraitor/files/damage_atom_cache/112c1c4b.bin
09-23 18:35:03.330 I/godot   ( 5384): [BAKE] Disk cache MISS: file not found /data/data/com.example.infiltraitor/files/damage_atom_cache/bfa3f43a.bin
09-23 18:35:03.331 I/godot   ( 5384): [BAKE] Disk cache MISS: file not found /data/data/com.example.infiltraitor/files/damage_atom_cache/d8803dad.bin
09-23 18:35:03.333 I/godot   ( 5384): [BAKE] Disk cache MISS: file not found /data/data/com.example.infiltraitor/files/damage_atom_cache/bd68f70e.bin
09-23 18:35:03.335 I/godot   ( 5384): [BAKE] Disk cache MISS: file not found /data/data/com.example.infiltraitor/files/damage_atom_cache/0f8eefdf.bin
09-23 18:35:03.337 I/godot   ( 5384): [BAKE] Disk cache MISS: file not found /data/data/com.example.infiltraitor/files/damage_atom_cache/442f22b0.bin
09-23 18:35:03.339 I/godot   ( 5384): [BAKE] Disk cache MISS: file not found /data/data/com.example.infiltraitor/files/damage_atom_cache/6b0acc9d.bin
09-23 18:35:03.341 I/godot   ( 5384): [BAKE] Disk cache MISS: file not found /data/data/com.example.infiltraitor/files/damage_atom_cache/4bb0838c.bin
09-23 18:35:03.343 I/godot   ( 5384): [BAKE] Disk cache MISS: file not found /data/data/com.example.infiltraitor/files/damage_atom_cache/97111a3b.bin
09-23 18:35:03.345 I/godot   ( 5384): [BAKE] Disk cache MISS: file not found /data/data/com.example.infiltraitor/files/damage_atom_cache/112c1c4b.bin
09-23 18:35:03.347 I/godot   ( 5384): [BAKE] Disk cache MISS: file not found /data/data/com.example.infiltraitor/files/damage_atom_cache/bfa3f43a.bin
09-23 18:35:03.349 I/godot   ( 5384): [BAKE] Disk cache MISS: file not found /data/data/com.example.infiltraitor/files/damage_atom_cache/d8803dad.bin
09-23 18:35:03.350 I/godot   ( 5384): [BAKE] Disk cache MISS: file not found /data/data/com.example.infiltraitor/files/damage_atom_cache/bd68f70e.bin
09-23 18:35:03.352 I/godot   ( 5384): [BAKE] Disk cache MISS: file not found /data/data/com.example.infiltraitor/files/damage_atom_cache/0f8eefdf.bin
09-23 18:35:03.354 I/godot   ( 5384): [BAKE] Disk cache MISS: file not found /data/data/com.example.infiltraitor/files/damage_atom_cache/442f22b0.bin
09-23 18:35:03.356 I/godot   ( 5384): [BAKE] Disk cache MISS: file not found /data/data/com.example.infiltraitor/files/damage_atom_cache/fa046aa8.bin
09-23 18:35:03.358 I/godot   ( 5384): [BAKE] Disk cache MISS: file not found /data/data/com.example.infiltraitor/files/damage_atom_cache/474d85a9.bin
09-23 18:35:03.359 I/godot   ( 5384): [BAKE] Disk cache MISS: file not found /data/data/com.example.infiltraitor/files/damage_atom_cache/a74de406.bin
09-23 18:35:03.361 I/godot   ( 5384): [BAKE] Disk cache MISS: file not found /data/data/com.example.infiltraitor/files/damage_atom_cache/112c1c4b.bin
09-23 18:35:03.363 I/godot   ( 5384): [BAKE] Disk cache MISS: file not found /data/data/com.example.infiltraitor/files/damage_atom_cache/bfa3f43a.bin
09-23 18:35:03.365 I/godot   ( 5384): [BAKE] Disk cache MISS: file not found /data/data/com.example.infiltraitor/files/damage_atom_cache/d8803dad.bin
09-23 18:35:03.367 I/godot   ( 5384): [BAKE] Disk cache MISS: file not found /data/data/com.example.infiltraitor/files/damage_atom_cache/bd68f70e.bin
09-23 18:35:03.368 I/godot   ( 5384): [BAKE] Disk cache MISS: file not found /data/data/com.example.infiltraitor/files/damage_atom_cache/0f8eefdf.bin
09-23 18:35:03.370 I/godot   ( 5384): [BAKE] Disk cache MISS: file not found /data/data/com.example.infiltraitor/files/damage_atom_cache/442f22b0.bin
09-23 18:35:03.372 I/godot   ( 5384): [BAKE] Disk cache MISS: file not found /data/data/com.example.infiltraitor/files/damage_atom_cache/6b0acc9d.bin
09-23 18:35:03.373 I/godot   ( 5384): [BAKE] Disk cache MISS: file not found /data/data/com.example.infiltraitor/files/damage_atom_cache/4bb0838c.bin
09-23 18:35:03.375 I/godot   ( 5384): [BAKE] Disk cache MISS: file not found /data/data/com.example.infiltraitor/files/damage_atom_cache/97111a3b.bin
09-23 18:35:03.377 I/godot   ( 5384): [BAKE] Disk cache MISS: file not found /data/data/com.example.infiltraitor/files/damage_atom_cache/112c1c4b.bin
09-23 18:35:03.379 I/godot   ( 5384): [BAKE] Disk cache MISS: file not found /data/data/com.example.infiltraitor/files/damage_atom_cache/bfa3f43a.bin
09-23 18:35:03.381 I/godot   ( 5384): [BAKE] Disk cache MISS: file not found /data/data/com.example.infiltraitor/files/damage_atom_cache/d8803dad.bin
09-23 18:35:03.382 I/godot   ( 5384): [BAKE] Disk cache MISS: file not found /data/data/com.example.infiltraitor/files/damage_atom_cache/bd68f70e.bin
09-23 18:35:03.384 I/godot   ( 5384): [BAKE] Disk cache MISS: file not found /data/data/com.example.infiltraitor/files/damage_atom_cache/0f8eefdf.bin
09-23 18:35:03.386 I/godot   ( 5384): [BAKE] Disk cache MISS: file not found /data/data/com.example.infiltraitor/files/damage_atom_cache/442f22b0.bin
09-23 18:35:03.388 I/godot   ( 5384): [BAKE] Disk cache MISS: file not found /data/data/com.example.infiltraitor/files/damage_atom_cache/fa046aa8.bin
09-23 18:35:03.390 I/godot   ( 5384): [BAKE] Disk cache MISS: file not found /data/data/com.example.infiltraitor/files/damage_atom_cache/474d85a9.bin
09-23 18:35:03.392 I/godot   ( 5384): [BAKE] Disk cache MISS: file not found /data/data/com.example.infiltraitor/files/damage_atom_cache/a74de406.bin
09-23 18:35:03.394 I/godot   ( 5384): [BAKE] Disk cache MISS: file not found /data/data/com.example.infiltraitor/files/damage_atom_cache/112c1c4b.bin
09-23 18:35:03.396 I/godot   ( 5384): [BAKE] Disk cache MISS: file not found /data/data/com.example.infiltraitor/files/damage_atom_cache/bfa3f43a.bin
09-23 18:35:03.398 I/godot   ( 5384): [BAKE] Disk cache MISS: file not found /data/data/com.example.infiltraitor/files/damage_atom_cache/d8803dad.bin
09-23 18:35:03.400 I/godot   ( 5384): [BAKE] Disk cache MISS: file not found /data/data/com.example.infiltraitor/files/damage_atom_cache/bd68f70e.bin
09-23 18:35:03.402 I/godot   ( 5384): [BAKE] Disk cache MISS: file not found /data/data/com.example.infiltraitor/files/damage_atom_cache/0f8eefdf.bin
09-23 18:35:03.404 I/godot   ( 5384): [BAKE] Disk cache MISS: file not found /data/data/com.example.infiltraitor/files/damage_atom_cache/442f22b0.bin
09-23 18:35:03.406 I/godot   ( 5384): [BAKE] Disk cache MISS: file not found /data/data/com.example.infiltraitor/files/damage_atom_cache/6b0acc9d.bin
09-23 18:35:03.407 I/godot   ( 5384): [BAKE] Disk cache MISS: file not found /data/data/com.example.infiltraitor/files/damage_atom_cache/4bb0838c.bin
09-23 18:35:03.409 I/godot   ( 5384): [BAKE] Disk cache MISS: file not found /data/data/com.example.infiltraitor/files/damage_atom_cache/97111a3b.bin
09-23 18:35:03.411 I/godot   ( 5384): [BAKE] Disk cache MISS: file not found /data/data/com.example.infiltraitor/files/damage_atom_cache/112c1c4b.bin
09-23 18:35:03.412 I/godot   ( 5384): [BAKE] Disk cache MISS: file not found /data/data/com.example.infiltraitor/files/damage_atom_cache/bfa3f43a.bin
09-23 18:35:03.414 I/godot   ( 5384): [BAKE] Disk cache MISS: file not found /data/data/com.example.infiltraitor/files/damage_atom_cache/d8803dad.bin
09-23 18:35:03.416 I/godot   ( 5384): [BAKE] Disk cache MISS: file not found /data/data/com.example.infiltraitor/files/damage_atom_cache/bd68f70e.bin
09-23 18:35:03.418 I/godot   ( 5384): [BAKE] Disk cache MISS: file not found /data/data/com.example.infiltraitor/files/damage_atom_cache/0f8eefdf.bin
09-23 18:35:03.420 I/godot   ( 5384): [BAKE] Disk cache MISS: file not found /data/data/com.example.infiltraitor/files/damage_atom_cache/442f22b0.bin
09-23 18:35:03.422 I/godot   ( 5384): [BAKE] Disk cache MISS: file not found /data/data/com.example.infiltraitor/files/damage_atom_cache/b5a59a96.bin
09-23 18:35:03.423 I/godot   ( 5384): [BAKE] Disk cache MISS: file not found /data/data/com.example.infiltraitor/files/damage_atom_cache/272df507.bin
09-23 18:35:03.426 I/godot   ( 5384): [BAKE] Disk cache MISS: file not found /data/data/com.example.infiltraitor/files/damage_atom_cache/e1b2f878.bin
09-23 18:35:03.428 I/godot   ( 5384): [BAKE] Disk cache MISS: file not found /data/data/com.example.infiltraitor/files/damage_atom_cache/599485d1.bin
09-23 18:35:03.430 I/godot   ( 5384): [BAKE] Disk cache MISS: file not found /data/data/com.example.infiltraitor/files/damage_atom_cache/7963e110.bin
09-23 18:35:03.432 I/godot   ( 5384): [BAKE] Disk cache MISS: file not found /data/data/com.example.infiltraitor/files/damage_atom_cache/44c3ae3f.bin
09-23 18:35:03.434 I/godot   ( 5384): [BAKE] Disk cache MISS: file not found /data/data/com.example.infiltraitor/files/damage_atom_cache/944190b4.bin
09-23 18:35:03.436 I/godot   ( 5384): [BAKE] Disk cache MISS: file not found /data/data/com.example.infiltraitor/files/damage_atom_cache/92810f25.bin
09-23 18:35:03.438 I/godot   ( 5384): [BAKE] Disk cache MISS: file not found /data/data/com.example.infiltraitor/files/damage_atom_cache/413b5832.bin
09-23 18:35:03.440 I/godot   ( 5384): [BAKE] Disk cache MISS: file not found /data/data/com.example.infiltraitor/files/damage_atom_cache/803e17eb.bin
09-23 18:35:03.444 I/godot   ( 5384): [BAKE] Disk cache MISS: file not found /data/data/com.example.infiltraitor/files/damage_atom_cache/ad7984da.bin
09-23 18:35:03.447 I/godot   ( 5384): [BAKE] Disk cache MISS: file not found /data/data/com.example.infiltraitor/files/damage_atom_cache/d43893cd.bin
09-23 18:35:03.450 I/godot   ( 5384): [BAKE] Disk cache MISS: file not found /data/data/com.example.infiltraitor/files/damage_atom_cache/599485d1.bin
09-23 18:35:03.452 I/godot   ( 5384): [BAKE] Disk cache MISS: file not found /data/data/com.example.infiltraitor/files/damage_atom_cache/7963e110.bin
09-23 18:35:03.455 I/godot   ( 5384): [BAKE] Disk cache MISS: file not found /data/data/com.example.infiltraitor/files/damage_atom_cache/44c3ae3f.bin
09-23 18:35:03.457 I/godot   ( 5384): [BAKE] Disk cache MISS: file not found /data/data/com.example.infiltraitor/files/damage_atom_cache/944190b4.bin
09-23 18:35:03.459 I/godot   ( 5384): [BAKE] Disk cache MISS: file not found /data/data/com.example.infiltraitor/files/damage_atom_cache/92810f25.bin
09-23 18:35:03.461 I/godot   ( 5384): [BAKE] Disk cache MISS: file not found /data/data/com.example.infiltraitor/files/damage_atom_cache/413b5832.bin
09-23 18:35:03.463 I/godot   ( 5384): [BAKE] Disk cache MISS: file not found /data/data/com.example.infiltraitor/files/damage_atom_cache/b5a59a96.bin
09-23 18:35:03.465 I/godot   ( 5384): [BAKE] Disk cache MISS: file not found /data/data/com.example.infiltraitor/files/damage_atom_cache/272df507.bin
09-23 18:35:03.467 I/godot   ( 5384): [BAKE] Disk cache MISS: file not found /data/data/com.example.infiltraitor/files/damage_atom_cache/e1b2f878.bin
09-23 18:35:03.470 I/godot   ( 5384): [BAKE] Disk cache MISS: file not found /data/data/com.example.infiltraitor/files/damage_atom_cache/599485d1.bin
09-23 18:35:03.472 I/godot   ( 5384): [BAKE] Disk cache MISS: file not found /data/data/com.example.infiltraitor/files/damage_atom_cache/7963e110.bin
09-23 18:35:03.474 I/godot   ( 5384): [BAKE] Disk cache MISS: file not found /data/data/com.example.infiltraitor/files/damage_atom_cache/44c3ae3f.bin
09-23 18:35:03.476 I/godot   ( 5384): [BAKE] Disk cache MISS: file not found /data/data/com.example.infiltraitor/files/damage_atom_cache/944190b4.bin
09-23 18:35:03.478 I/godot   ( 5384): [BAKE] Disk cache MISS: file not found /data/data/com.example.infiltraitor/files/damage_atom_cache/92810f25.bin
09-23 18:35:03.479 I/godot   ( 5384): [BAKE] Disk cache MISS: file not found /data/data/com.example.infiltraitor/files/damage_atom_cache/413b5832.bin
09-23 18:35:03.481 I/godot   ( 5384): [BAKE] Disk cache MISS: file not found /data/data/com.example.infiltraitor/files/damage_atom_cache/803e17eb.bin
09-23 18:35:03.482 I/godot   ( 5384): [BAKE] Disk cache MISS: file not found /data/data/com.example.infiltraitor/files/damage_atom_cache/ad7984da.bin
09-23 18:35:03.484 I/godot   ( 5384): [BAKE] Disk cache MISS: file not found /data/data/com.example.infiltraitor/files/damage_atom_cache/d43893cd.bin
09-23 18:35:03.486 I/godot   ( 5384): [BAKE] Disk cache MISS: file not found /data/data/com.example.infiltraitor/files/damage_atom_cache/599485d1.bin
09-23 18:35:03.487 I/godot   ( 5384): [BAKE] Disk cache MISS: file not found /data/data/com.example.infiltraitor/files/damage_atom_cache/7963e110.bin
09-23 18:35:03.489 I/godot   ( 5384): [BAKE] Disk cache MISS: file not found /data/data/com.example.infiltraitor/files/damage_atom_cache/44c3ae3f.bin
09-23 18:35:03.491 I/godot   ( 5384): [BAKE] Disk cache MISS: file not found /data/data/com.example.infiltraitor/files/damage_atom_cache/944190b4.bin
09-23 18:35:03.492 I/godot   ( 5384): [BAKE] Disk cache MISS: file not found /data/data/com.example.infiltraitor/files/damage_atom_cache/92810f25.bin
09-23 18:35:03.494 I/godot   ( 5384): [BAKE] Disk cache MISS: file not found /data/data/com.example.infiltraitor/files/damage_atom_cache/413b5832.bin
09-23 18:35:03.495 I/godot   ( 5384): [BAKE] Disk cache MISS: file not found /data/data/com.example.infiltraitor/files/damage_atom_cache/b5a59a96.bin
09-23 18:35:03.497 I/godot   ( 5384): [BAKE] Disk cache MISS: file not found /data/data/com.example.infiltraitor/files/damage_atom_cache/272df507.bin
09-23 18:35:03.499 I/godot   ( 5384): [BAKE] Disk cache MISS: file not found /data/data/com.example.infiltraitor/files/damage_atom_cache/e1b2f878.bin
09-23 18:35:03.500 I/godot   ( 5384): [BAKE] Disk cache MISS: file not found /data/data/com.example.infiltraitor/files/damage_atom_cache/599485d1.bin
09-23 18:35:03.502 I/godot   ( 5384): [BAKE] Disk cache MISS: file not found /data/data/com.example.infiltraitor/files/damage_atom_cache/7963e110.bin
09-23 18:35:03.504 I/godot   ( 5384): [BAKE] Disk cache MISS: file not found /data/data/com.example.infiltraitor/files/damage_atom_cache/44c3ae3f.bin
09-23 18:35:03.505 I/godot   ( 5384): [BAKE] Disk cache MISS: file not found /data/data/com.example.infiltraitor/files/damage_atom_cache/944190b4.bin
09-23 18:35:03.507 I/godot   ( 5384): [BAKE] Disk cache MISS: file not found /data/data/com.example.infiltraitor/files/damage_atom_cache/92810f25.bin
09-23 18:35:03.509 I/godot   ( 5384): [BAKE] Disk cache MISS: file not found /data/data/com.example.infiltraitor/files/damage_atom_cache/413b5832.bin
09-23 18:35:03.510 I/godot   ( 5384): [BAKE] Disk cache MISS: file not found /data/data/com.example.infiltraitor/files/damage_atom_cache/803e17eb.bin
09-23 18:35:03.512 I/godot   ( 5384): [BAKE] Disk cache MISS: file not found /data/data/com.example.infiltraitor/files/damage_atom_cache/ad7984da.bin
09-23 18:35:03.514 I/godot   ( 5384): [BAKE] Disk cache MISS: file not found /data/data/com.example.infiltraitor/files/damage_atom_cache/d43893cd.bin
09-23 18:35:03.516 I/godot   ( 5384): [BAKE] Disk cache MISS: file not found /data/data/com.example.infiltraitor/files/damage_atom_cache/599485d1.bin
09-23 18:35:03.518 I/godot   ( 5384): [BAKE] Disk cache MISS: file not found /data/data/com.example.infiltraitor/files/damage_atom_cache/7963e110.bin
09-23 18:35:03.520 I/godot   ( 5384): [BAKE] Disk cache MISS: file not found /data/data/com.example.infiltraitor/files/damage_atom_cache/44c3ae3f.bin
09-23 18:35:03.521 I/godot   ( 5384): [BAKE] Disk cache MISS: file not found /data/data/com.example.infiltraitor/files/damage_atom_cache/944190b4.bin
09-23 18:35:03.523 I/godot   ( 5384): [BAKE] Disk cache MISS: file not found /data/data/com.example.infiltraitor/files/damage_atom_cache/92810f25.bin
09-23 18:35:03.525 I/godot   ( 5384): [BAKE] Disk cache MISS: file not found /data/data/com.example.infiltraitor/files/damage_atom_cache/413b5832.bin
09-23 18:35:03.527 I/godot   ( 5384): [BAKE] Disk cache HIT: loaded 7c862013
09-23 18:35:03.529 I/godot   ( 5384): [BAKE] Disk cache HIT: loaded 2a107562
09-23 18:35:03.531 I/godot   ( 5384): [BAKE] Disk cache HIT: loaded a7cf5855
09-23 18:35:03.533 I/godot   ( 5384): [BAKE] Disk cache HIT: loaded 558b1132
09-23 18:35:03.535 I/godot   ( 5384): [BAKE] Disk cache HIT: loaded 530361e3
09-23 18:35:03.538 I/godot   ( 5384): [BAKE] Disk cache HIT: loaded a89149b4
09-23 18:35:03.540 I/godot   ( 5384): [BAKE] Disk cache HIT: loaded 0ce26ecd
09-23 18:35:03.542 I/godot   ( 5384): [BAKE] Disk cache HIT: loaded 6ce98b7c
09-23 18:35:03.544 I/godot   ( 5384): [BAKE] Disk cache HIT: loaded b8e7f2eb
09-23 18:35:03.546 I/godot   ( 5384): [BAKE] Disk cache HIT: loaded 452e18ad
09-23 18:35:03.548 I/godot   ( 5384): [BAKE] Disk cache HIT: loaded 3318c45c
09-23 18:35:03.550 I/godot   ( 5384): [BAKE] Disk cache HIT: loaded 7dd9f74b
09-23 18:35:03.552 I/godot   ( 5384): [BAKE] Disk cache HIT: loaded 0ba3e4b4
09-23 18:35:03.554 I/godot   ( 5384): [BAKE] Disk cache HIT: loaded 09e36325
09-23 18:35:03.557 I/godot   ( 5384): [BAKE] Disk cache HIT: loaded b89dac32
09-23 18:35:03.559 I/godot   ( 5384): [BAKE] Disk cache HIT: loaded 8bedfaf3
09-23 18:35:03.561 I/godot   ( 5384): [BAKE] Disk cache HIT: loaded e1fd47c2
09-23 18:35:03.563 I/godot   ( 5384): [BAKE] Disk cache HIT: loaded dfbb6135
09-23 18:35:03.565 I/godot   ( 5384): [BAKE] Disk cache HIT: loaded 34f32541
09-23 18:35:03.567 I/godot   ( 5384): [BAKE] Disk cache HIT: loaded 6ec48540
09-23 18:35:03.569 I/godot   ( 5384): [BAKE] Disk cache HIT: loaded c76a10af
09-23 18:35:03.571 I/godot   ( 5384): [BAKE] Disk cache HIT: loaded d3f60018
09-23 18:35:03.573 I/godot   ( 5384): [BAKE] Disk cache HIT: loaded 20a14a59
09-23 18:35:03.576 I/godot   ( 5384): [BAKE] Disk cache HIT: loaded ace0b9b6
09-23 18:35:03.578 I/godot   ( 5384): [BAKE] Disk cache HIT: loaded f7198937
09-23 18:35:03.580 I/godot   ( 5384): [BAKE] Disk cache HIT: loaded 58b44d06
09-23 18:35:03.582 I/godot   ( 5384): [BAKE] Disk cache HIT: loaded f8b3eea9
09-23 18:35:03.585 I/godot   ( 5384): [BAKE] Disk cache HIT: loaded 38eb88c7
09-23 18:35:03.586 I/godot   ( 5384): [BAKE] Disk cache HIT: loaded c7632e56
09-23 18:35:03.588 I/godot   ( 5384): [BAKE] Disk cache HIT: loaded c7ca1979
09-23 18:35:03.590 I/godot   ( 5384): [BAKE] Disk cache HIT: loaded a72abf26
09-23 18:35:03.592 I/godot   ( 5384): [BAKE] Disk cache HIT: loaded f209f0d7
09-23 18:35:03.594 I/godot   ( 5384): [BAKE] Disk cache HIT: loaded 2797a648
09-23 18:35:03.597 I/godot   ( 5384): [BAKE] Disk cache HIT: loaded f8ff0191
09-23 18:35:03.599 I/godot   ( 5384): [BAKE] Disk cache HIT: loaded 18ce5cd0
09-23 18:35:03.601 I/godot   ( 5384): [BAKE] Disk cache HIT: loaded 8b75ecff
09-23 18:35:03.603 I/godot   ( 5384): [BAKE] Disk cache HIT: loaded 5efcfd35
09-23 18:35:03.605 I/godot   ( 5384): [BAKE] Disk cache HIT: loaded 8cfc8fc4
09-23 18:35:03.607 I/godot   ( 5384): [BAKE] Disk cache HIT: loaded 0b2f96f3
09-23 18:35:03.609 I/godot   ( 5384): [BAKE] Disk cache HIT: loaded 92cecfdc
09-23 18:35:03.611 I/godot   ( 5384): [BAKE] Disk cache HIT: loaded a4e4242d
09-23 18:35:03.613 I/godot   ( 5384): [BAKE] Disk cache HIT: loaded 8c07daba
09-23 18:35:03.616 I/godot   ( 5384): [BAKE] Disk cache HIT: loaded dfa711db
09-23 18:35:03.618 I/godot   ( 5384): [BAKE] Disk cache HIT: loaded 0d804f8a
09-23 18:35:03.620 I/godot   ( 5384): [BAKE] Disk cache HIT: loaded a6fb333d
09-23 18:35:03.623 I/godot   ( 5384): [BAKE] Disk cache HIT: loaded 42ba5c0b
09-23 18:35:03.625 I/godot   ( 5384): [BAKE] Disk cache HIT: loaded 6c3ae5fa
09-23 18:35:03.627 I/godot   ( 5384): [BAKE] Disk cache HIT: loaded 0a0e7d6d
09-23 18:35:03.629 I/godot   ( 5384): [BAKE] Disk cache HIT: loaded edb35aca
09-23 18:35:03.631 I/godot   ( 5384): [BAKE] Disk cache HIT: loaded bfda1d1b
09-23 18:35:03.633 I/godot   ( 5384): [BAKE] Disk cache HIT: loaded 20b960ec
09-23 18:35:03.635 I/godot   ( 5384): [BAKE] Disk cache HIT: loaded c2104765
09-23 18:35:03.637 I/godot   ( 5384): [BAKE] Disk cache HIT: loaded c3d0c8f4
09-23 18:35:03.639 I/godot   ( 5384): [BAKE] Disk cache HIT: loaded 158aa423
09-23 18:35:03.641 I/godot   ( 5384): [BAKE] Disk cache HIT: loaded 68b1ffea
09-23 18:35:03.643 I/godot   ( 5384): [BAKE] Disk cache HIT: loaded 3ad8c23b
09-23 18:35:03.645 I/godot   ( 5384): [BAKE] Disk cache HIT: loaded ef782b8c
09-23 18:35:03.647 I/godot   ( 5384): [BAKE] Disk cache HIT: loaded 6363eeab
09-23 18:35:03.649 I/godot   ( 5384): [BAKE] Disk cache HIT: loaded 909f5b9a
09-23 18:35:03.651 I/godot   ( 5384): [BAKE] Disk cache HIT: loaded 1016a78d
09-23 18:35:03.653 I/godot   ( 5384): [BAKE] Disk cache HIT: loaded 6e06b52c
09-23 18:35:03.656 I/godot   ( 5384): [BAKE] Disk cache HIT: loaded 00baa3bd
09-23 18:35:03.658 I/godot   ( 5384): [BAKE] Disk cache HIT: loaded 673fc00a
09-23 18:35:03.660 I/godot   ( 5384): [BAKE] Disk cache HIT: loaded cde764b3
09-23 18:35:03.662 I/godot   ( 5384): [BAKE] Disk cache HIT: loaded 7caeee82
09-23 18:35:03.663 I/godot   ( 5384): [BAKE] Disk cache HIT: loaded 21b4caf5
09-23 18:35:03.665 I/godot   ( 5384): [BAKE] Disk cache HIT: loaded 8acdbdd2
09-23 18:35:03.667 I/godot   ( 5384): [BAKE] Disk cache HIT: loaded dd436883
09-23 18:35:03.669 I/godot   ( 5384): [BAKE] Disk cache HIT: loaded a4edc154
09-23 18:35:03.671 I/godot   ( 5384): [BAKE] Disk cache HIT: loaded dfdfbf6d
09-23 18:35:03.673 I/godot   ( 5384): [BAKE] Disk cache HIT: loaded cdca6b1c
09-23 18:35:03.675 I/godot   ( 5384): [BAKE] Disk cache HIT: loaded 188b9e0b
09-23 18:35:03.677 I/godot   ( 5384): [BAKE] Disk cache HIT: loaded 830be869
09-23 18:35:03.679 I/godot   ( 5384): [BAKE] Disk cache HIT: loaded dd0a9068
09-23 18:35:03.681 I/godot   ( 5384): [BAKE] Disk cache HIT: loaded 28b945f7
09-23 18:35:03.683 I/godot   ( 5384): [BAKE] Disk cache HIT: loaded b089f580
09-23 18:35:03.685 I/godot   ( 5384): [BAKE] Disk cache HIT: loaded 1e005881
09-23 18:35:03.687 I/godot   ( 5384): [BAKE] Disk cache HIT: loaded b66a245e
09-23 18:35:03.689 I/godot   ( 5384): [BAKE] Disk cache HIT: loaded b28e52ff
09-23 18:35:03.691 I/godot   ( 5384): [BAKE] Disk cache HIT: loaded b4287fae
09-23 18:35:03.693 I/godot   ( 5384): [BAKE] Disk cache HIT: loaded 20176791
09-23 18:35:03.693 I/godot   ( 5384): [DamageVariantBaker] Baked 447 atoms across 9 declared material(s), 9 floor material(s) in 1956 ms
09-23 18:35:03.705 I/godot   ( 5384): [ROOM] Uploaded 1 damage-composite page(s) at load in 11 ms — off the first shot's impact frame
09-23 18:35:03.705 I/godot   ( 5384): [VOXEL] Damage variant registry set (pre-baked variants available)
09-23 18:35:03.705 I/godot   ( 5384): [ROOM] Initialized damage variant registry (447 atoms)
09-23 18:35:05.553 I/godot   ( 5384): [VOXEL-STORE] built (map load: PLAYGROUND) — 216104 claim(s) in 2713 container(s), 0 irregular, 672 multi-claim cell(s), 13.59 MB, 998 ms
09-23 18:35:06.019 I/godot   ( 5384): [AgentSprite] step (1, 0) draws (0.894427, 0.447214) -> screen SE (fit 1.000) -> frame W
09-23 18:35:06.019 I/godot   ( 5384): [AgentSprite] step (0, 1) draws (-0.894427, 0.447214) -> screen SW (fit 1.000) -> frame S
09-23 18:35:06.019 I/godot   ( 5384): [AgentSprite] step (-1, 0) draws (-0.894427, -0.447214) -> screen NW (fit 1.000) -> frame E
09-23 18:35:06.019 I/godot   ( 5384): [AgentSprite] step (0, -1) draws (0.894427, -0.447214) -> screen NE (fit 1.000) -> frame N
09-23 18:35:06.019 I/godot   ( 5384): [AgentSprite] head yaw mapping: grid 0 -> yaw 0, handedness -1
09-23 18:35:06.104 I/godot   ( 5384): [AgentSprite] layer 'head/standing': 24 yaws at 15.0 deg
09-23 18:35:06.196 I/godot   ( 5384): [AgentSprite] layer 'hat/standing': 24 yaws at 15.0 deg
09-23 18:35:06.310 I/godot   ( 5384): [AgentSprite] layer 'head/standing': 24 yaws at 15.0 deg
09-23 18:35:06.394 I/godot   ( 5384): [AgentSprite] layer 'hat/standing': 24 yaws at 15.0 deg
09-23 18:35:06.517 I/godot   ( 5384): [AgentSprite] layer 'head/standing': 24 yaws at 15.0 deg
09-23 18:35:06.593 I/godot   ( 5384): [AgentSprite] layer 'hat/standing': 24 yaws at 15.0 deg
09-23 18:35:06.598 I/godot   ( 5384): [OCC-03] Agent z_index set to 34 (max voxel layer z_index: 33, room size: (46, 24))
09-23 18:35:06.635 I/godot   ( 5384): [AgentSprite] step (1, 0) draws (0.894427, 0.447214) -> screen SE (fit 1.000) -> frame W
09-23 18:35:06.635 I/godot   ( 5384): [AgentSprite] step (0, 1) draws (-0.894427, 0.447214) -> screen SW (fit 1.000) -> frame S
09-23 18:35:06.635 I/godot   ( 5384): [AgentSprite] step (-1, 0) draws (-0.894427, -0.447214) -> screen NW (fit 1.000) -> frame E
09-23 18:35:06.635 I/godot   ( 5384): [AgentSprite] step (0, -1) draws (0.894427, -0.447214) -> screen NE (fit 1.000) -> frame N
09-23 18:35:06.636 I/godot   ( 5384): [AgentSprite] head yaw mapping: grid 0 -> yaw 0, handedness -1
09-23 18:35:06.717 I/godot   ( 5384): [AgentSprite] layer 'head/standing': 24 yaws at 15.0 deg
09-23 18:35:06.749 I/godot   ( 5384): [AgentSprite] step (1, 0) draws (0.894427, 0.447214) -> screen SE (fit 1.000) -> frame W
09-23 18:35:06.749 I/godot   ( 5384): [AgentSprite] step (0, 1) draws (-0.894427, 0.447214) -> screen SW (fit 1.000) -> frame S
09-23 18:35:06.749 I/godot   ( 5384): [AgentSprite] step (-1, 0) draws (-0.894427, -0.447214) -> screen NW (fit 1.000) -> frame E
09-23 18:35:06.749 I/godot   ( 5384): [AgentSprite] step (0, -1) draws (0.894427, -0.447214) -> screen NE (fit 1.000) -> frame N
09-23 18:35:06.749 I/godot   ( 5384): [AgentSprite] head yaw mapping: grid 0 -> yaw 0, handedness -1
09-23 18:35:06.833 I/godot   ( 5384): [AgentSprite] layer 'head/standing': 24 yaws at 15.0 deg
09-23 18:35:06.866 I/godot   ( 5384): [AgentSprite] step (1, 0) draws (0.894427, 0.447214) -> screen SE (fit 1.000) -> frame W
09-23 18:35:06.866 I/godot   ( 5384): [AgentSprite] step (0, 1) draws (-0.894427, 0.447214) -> screen SW (fit 1.000) -> frame S
09-23 18:35:06.866 I/godot   ( 5384): [AgentSprite] step (-1, 0) draws (-0.894427, -0.447214) -> screen NW (fit 1.000) -> frame E
09-23 18:35:06.866 I/godot   ( 5384): [AgentSprite] step (0, -1) draws (0.894427, -0.447214) -> screen NE (fit 1.000) -> frame N
09-23 18:35:06.866 I/godot   ( 5384): [AgentSprite] head yaw mapping: grid 0 -> yaw 0, handedness -1
09-23 18:35:06.948 I/godot   ( 5384): [AgentSprite] layer 'head/standing': 24 yaws at 15.0 deg
09-23 18:35:06.980 I/godot   ( 5384): [AgentSprite] step (1, 0) draws (0.894427, 0.447214) -> screen SE (fit 1.000) -> frame W
09-23 18:35:06.980 I/godot   ( 5384): [AgentSprite] step (0, 1) draws (-0.894427, 0.447214) -> screen SW (fit 1.000) -> frame S
09-23 18:35:06.980 I/godot   ( 5384): [AgentSprite] step (-1, 0) draws (-0.894427, -0.447214) -> screen NW (fit 1.000) -> frame E
09-23 18:35:06.980 I/godot   ( 5384): [AgentSprite] step (0, -1) draws (0.894427, -0.447214) -> screen NE (fit 1.000) -> frame N
09-23 18:35:06.980 I/godot   ( 5384): [AgentSprite] head yaw mapping: grid 0 -> yaw 0, handedness -1
09-23 18:35:07.054 I/godot   ( 5384): [AgentSprite] layer 'head/standing': 24 yaws at 15.0 deg
09-23 18:35:07.084 I/godot   ( 5384): [AgentSprite] step (1, 0) draws (0.894427, 0.447214) -> screen SE (fit 1.000) -> frame W
09-23 18:35:07.084 I/godot   ( 5384): [AgentSprite] step (0, 1) draws (-0.894427, 0.447214) -> screen SW (fit 1.000) -> frame S
09-23 18:35:07.084 I/godot   ( 5384): [AgentSprite] step (-1, 0) draws (-0.894427, -0.447214) -> screen NW (fit 1.000) -> frame E
09-23 18:35:07.085 I/godot   ( 5384): [AgentSprite] step (0, -1) draws (0.894427, -0.447214) -> screen NE (fit 1.000) -> frame N
09-23 18:35:07.085 I/godot   ( 5384): [AgentSprite] head yaw mapping: grid 0 -> yaw 0, handedness -1
09-23 18:35:07.162 I/godot   ( 5384): [AgentSprite] layer 'head/standing': 24 yaws at 15.0 deg
09-23 18:35:07.193 I/godot   ( 5384): [AgentSprite] step (1, 0) draws (0.894427, 0.447214) -> screen SE (fit 1.000) -> frame W
09-23 18:35:07.193 I/godot   ( 5384): [AgentSprite] step (0, 1) draws (-0.894427, 0.447214) -> screen SW (fit 1.000) -> frame S
09-23 18:35:07.193 I/godot   ( 5384): [AgentSprite] step (-1, 0) draws (-0.894427, -0.447214) -> screen NW (fit 1.000) -> frame E
09-23 18:35:07.193 I/godot   ( 5384): [AgentSprite] step (0, -1) draws (0.894427, -0.447214) -> screen NE (fit 1.000) -> frame N
09-23 18:35:07.193 I/godot   ( 5384): [AgentSprite] head yaw mapping: grid 0 -> yaw 0, handedness -1
09-23 18:35:07.268 I/godot   ( 5384): [AgentSprite] layer 'head/standing': 24 yaws at 15.0 deg
09-23 18:35:07.299 I/godot   ( 5384): [AgentSprite] step (1, 0) draws (0.894427, 0.447214) -> screen SE (fit 1.000) -> frame W
09-23 18:35:07.299 I/godot   ( 5384): [AgentSprite] step (0, 1) draws (-0.894427, 0.447214) -> screen SW (fit 1.000) -> frame S
09-23 18:35:07.299 I/godot   ( 5384): [AgentSprite] step (-1, 0) draws (-0.894427, -0.447214) -> screen NW (fit 1.000) -> frame E
09-23 18:35:07.299 I/godot   ( 5384): [AgentSprite] step (0, -1) draws (0.894427, -0.447214) -> screen NE (fit 1.000) -> frame N
09-23 18:35:07.299 I/godot   ( 5384): [AgentSprite] head yaw mapping: grid 0 -> yaw 0, handedness -1
09-23 18:35:07.376 I/godot   ( 5384): [AgentSprite] layer 'head/standing': 24 yaws at 15.0 deg
09-23 18:35:07.407 I/godot   ( 5384): [AgentSprite] step (1, 0) draws (0.894427, 0.447214) -> screen SE (fit 1.000) -> frame W
09-23 18:35:07.407 I/godot   ( 5384): [AgentSprite] step (0, 1) draws (-0.894427, 0.447214) -> screen SW (fit 1.000) -> frame S
09-23 18:35:07.407 I/godot   ( 5384): [AgentSprite] step (-1, 0) draws (-0.894427, -0.447214) -> screen NW (fit 1.000) -> frame E
09-23 18:35:07.407 I/godot   ( 5384): [AgentSprite] step (0, -1) draws (0.894427, -0.447214) -> screen NE (fit 1.000) -> frame N
09-23 18:35:07.407 I/godot   ( 5384): [AgentSprite] head yaw mapping: grid 0 -> yaw 0, handedness -1
09-23 18:35:07.485 I/godot   ( 5384): [AgentSprite] layer 'head/standing': 24 yaws at 15.0 deg
09-23 18:35:07.516 I/godot   ( 5384): [AgentSprite] step (1, 0) draws (0.894427, 0.447214) -> screen SE (fit 1.000) -> frame W
09-23 18:35:07.516 I/godot   ( 5384): [AgentSprite] step (0, 1) draws (-0.894427, 0.447214) -> screen SW (fit 1.000) -> frame S
09-23 18:35:07.516 I/godot   ( 5384): [AgentSprite] step (-1, 0) draws (-0.894427, -0.447214) -> screen NW (fit 1.000) -> frame E
09-23 18:35:07.516 I/godot   ( 5384): [AgentSprite] step (0, -1) draws (0.894427, -0.447214) -> screen NE (fit 1.000) -> frame N
09-23 18:35:07.516 I/godot   ( 5384): [AgentSprite] head yaw mapping: grid 0 -> yaw 0, handedness -1
09-23 18:35:07.591 I/godot   ( 5384): [AgentSprite] layer 'head/standing': 24 yaws at 15.0 deg
09-23 18:35:07.607 I/godot   ( 5384): [Room] Light registry initialized with 12 map lights:
09-23 18:35:07.607 I/godot   ( 5384):   - map_light_1 @ cell(6,4) radius=7 type=omni
09-23 18:35:07.607 I/godot   ( 5384):   - map_light_2 @ cell(17,4) radius=6 type=omni
09-23 18:35:07.607 I/godot   ( 5384):   - map_light_3 @ cell(12,11) radius=7 type=omni
09-23 18:35:07.607 I/godot   ( 5384):   - map_light_4 @ cell(11,10) radius=10 type=omni
09-23 18:35:07.607 I/godot   ( 5384):   - map_light_5 @ cell(16,11) radius=8 type=omni
09-23 18:35:07.607 I/godot   ( 5384):   - map_light_6 @ cell(24,4) radius=7 type=omni
09-23 18:35:07.607 I/godot   ( 5384):   - map_light_7 @ cell(28,4) radius=7 type=omni
09-23 18:35:07.607 I/godot   ( 5384):   - map_light_8 @ cell(32,4) radius=7 type=omni
09-23 18:35:07.607 I/godot   ( 5384):   - map_light_9 @ cell(36,4) radius=7 type=omni
09-23 18:35:07.607 I/godot   ( 5384):   - map_light_10 @ cell(40,4) radius=7 type=omni
09-23 18:35:07.607 I/godot   ( 5384):   - map_light_11 @ cell(26,9) radius=8 type=omni
09-23 18:35:07.607 I/godot   ( 5384):   - map_light_12 @ cell(34,9) radius=8 type=omni
09-23 18:35:07.609 I/godot   ( 5384): [Room] Tile semantics initialized with 163 tiles, 12 light anchors
09-23 18:35:14.525 I/godot   ( 5384): 
09-23 18:35:14.525 I/godot   ( 5384): Attempting to resolve: facade_concrete (folder concrete)
09-23 18:35:14.525 I/godot   ( 5384):   [USER] File not found: user://textures/concrete/facade_concrete.png
09-23 18:35:14.526 I/godot   ( 5384):   [USER] File not found: user://textures/concrete/facade_concrete.webp
09-23 18:35:14.556 I/godot   ( 5384):   [DEFAULT] Validation PASS: res://ASSETS/materials/concrete/facade_concrete.png
09-23 18:35:14.556 I/godot   ( 5384): [RESOLVER] facade_concrete resolved from DEFAULT.png (dims 1024x512)
09-23 18:35:14.594 I/godot   ( 5384): 
09-23 18:35:14.594 I/godot   ( 5384): Attempting to resolve: facade_metal (folder metal)
09-23 18:35:14.594 I/godot   ( 5384):   [USER] File not found: user://textures/metal/facade_metal.png
09-23 18:35:14.594 I/godot   ( 5384):   [USER] File not found: user://textures/metal/facade_metal.webp
09-23 18:35:14.632 I/godot   ( 5384):   [DEFAULT] Validation PASS: res://ASSETS/materials/metal/facade_metal.png
09-23 18:35:14.632 I/godot   ( 5384): [RESOLVER] facade_metal resolved from DEFAULT.png (dims 1024x512)
09-23 18:35:14.672 I/godot   ( 5384): 
09-23 18:35:14.672 I/godot   ( 5384): Attempting to resolve: facade_stone (folder stone)
09-23 18:35:14.672 I/godot   ( 5384):   [USER] File not found: user://textures/stone/facade_stone.png
09-23 18:35:14.672 I/godot   ( 5384):   [USER] File not found: user://textures/stone/facade_stone.webp
09-23 18:35:14.706 I/godot   ( 5384):   [DEFAULT] Validation PASS: res://ASSETS/materials/stone/facade_stone.png
09-23 18:35:14.707 I/godot   ( 5384): [RESOLVER] facade_stone resolved from DEFAULT.png (dims 1024x512)
09-23 18:35:14.747 I/godot   ( 5384): 
09-23 18:35:14.747 I/godot   ( 5384): Attempting to resolve: facade_wood (folder wood)
09-23 18:35:14.747 I/godot   ( 5384):   [USER] File not found: user://textures/wood/facade_wood.png
09-23 18:35:14.747 I/godot   ( 5384):   [USER] File not found: user://textures/wood/facade_wood.webp
09-23 18:35:14.781 I/godot   ( 5384):   [DEFAULT] Validation PASS: res://ASSETS/materials/wood/facade_wood.png
09-23 18:35:14.781 I/godot   ( 5384): [RESOLVER] facade_wood resolved from DEFAULT.png (dims 1024x512)
09-23 18:35:14.820 I/godot   ( 5384): 
09-23 18:35:14.820 I/godot   ( 5384): Attempting to resolve: facade_brick (folder brick)
09-23 18:35:14.820 I/godot   ( 5384):   [USER] File not found: user://textures/brick/facade_brick.png
09-23 18:35:14.820 I/godot   ( 5384):   [USER] File not found: user://textures/brick/facade_brick.webp
09-23 18:35:14.857 I/godot   ( 5384):   [DEFAULT] Validation PASS: res://ASSETS/materials/brick/facade_brick.png
09-23 18:35:14.857 I/godot   ( 5384): [RESOLVER] facade_brick resolved from DEFAULT.png (dims 1024x512)
09-23 18:35:14.897 I/godot   ( 5384): 
09-23 18:35:14.897 I/godot   ( 5384): Attempting to resolve: facade_cardboard (folder cardboard)
09-23 18:35:14.897 I/godot   ( 5384):   [USER] File not found: user://textures/cardboard/facade_cardboard.png
09-23 18:35:14.897 I/godot   ( 5384):   [USER] File not found: user://textures/cardboard/facade_cardboard.webp
09-23 18:35:14.925 I/godot   ( 5384):   [DEFAULT] Validation PASS: res://ASSETS/materials/cardboard/facade_cardboard.png
09-23 18:35:14.925 I/godot   ( 5384): [RESOLVER] facade_cardboard resolved from DEFAULT.png (dims 1024x512)
09-23 18:35:14.962 I/godot   ( 5384): 
09-23 18:35:14.962 I/godot   ( 5384): Attempting to resolve: facade_fabric (folder fabric)
09-23 18:35:14.962 I/godot   ( 5384):   [USER] File not found: user://textures/fabric/facade_fabric.png
09-23 18:35:14.962 I/godot   ( 5384):   [USER] File not found: user://textures/fabric/facade_fabric.webp
09-23 18:35:14.990 I/godot   ( 5384):   [DEFAULT] Validation PASS: res://ASSETS/materials/fabric/facade_fabric.png
09-23 18:35:14.991 I/godot   ( 5384): [RESOLVER] facade_fabric resolved from DEFAULT.png (dims 1024x512)
09-23 18:35:15.031 I/godot   ( 5384): 
09-23 18:35:15.031 I/godot   ( 5384): Attempting to resolve: facade_plywood (folder plywood)
09-23 18:35:15.031 I/godot   ( 5384):   [USER] File not found: user://textures/plywood/facade_plywood.png
09-23 18:35:15.031 I/godot   ( 5384):   [USER] File not found: user://textures/plywood/facade_plywood.webp
09-23 18:35:15.066 I/godot   ( 5384):   [DEFAULT] Validation PASS: res://ASSETS/materials/plywood/facade_plywood.png
09-23 18:35:15.066 I/godot   ( 5384): [RESOLVER] facade_plywood resolved from DEFAULT.png (dims 1024x512)
09-23 18:35:15.135 I/godot   ( 5384): 
09-23 18:35:15.135 I/godot   ( 5384): Attempting to resolve: facade_earth (folder earth)
09-23 18:35:15.135 I/godot   ( 5384):   [USER] File not found: user://textures/earth/facade_earth.png
09-23 18:35:15.135 I/godot   ( 5384):   [USER] File not found: user://textures/earth/facade_earth.webp
09-23 18:35:15.170 I/godot   ( 5384):   [DEFAULT] Validation PASS: res://ASSETS/materials/earth/facade_earth.png
09-23 18:35:15.170 I/godot   ( 5384): [RESOLVER] facade_earth resolved from DEFAULT.png (dims 1024x512)
09-23 18:35:17.819 I/godot   ( 5384): [BOARD3D] 215432 voxel(s) (slices 69440, columns 672, slabs 145992; the 2D board holds 64 cell(s)) → 108772 face(s) → 732 quad(s) in 276 chunk(s), 11 material(s), plane levels 78..103; collect 1785 ms, mesh 1546 ms; skip 2D writes true; source store
09-23 18:35:17.828 I/godot   ( 5384): [SPIKE3D] lights: mode=(actors only) lamps=12 shadowed=0 board_lit=false
09-23 18:35:18.002 I/godot   ( 5384): [SPIKE3D] actor meshes: 9 instance(s), 9 MeshInstance3D, 99 surface(s), 0 procedurally swung skeleton(s), 0 bone(s) each (0 = the real walk plays)
09-23 18:35:18.451 I/godot   ( 5384): [TestZone] 0 pickups
09-23 18:35:18.676 I/godot   ( 5384): [DEV-HUD-01] DEV VISION Status Panel initialized
09-23 18:35:18.690 I/godot   ( 5384): [DEBUG] _ready() complete, starting probe
09-23 18:35:18.690 I/godot   ( 5384): [SLICE-02 probe] ===== STARTING ALIGNMENT CHECK =====
09-23 18:35:18.691 I/godot   ( 5384): [SLICE-02 probe] floor_cell = (0, 0)  voxel_cell = (0, 0)
09-23 18:35:18.691 I/godot   ( 5384): [SLICE-02 probe] floor_map=(128.0, 64.0)  voxel_map=(16.0, 8.0)
09-23 18:35:18.691 I/godot   ( 5384): [SLICE-02 probe] floor_adjusted=(0.0, 0.0)  voxel_adjusted=(0.0, 0.0)
09-23 18:35:18.691 I/godot   ( 5384): [SLICE-02 probe] canon_pos=(0.0, 512.0)  voxel_pos=(112.0, 576.0)  delta=(112.0, 64.0) px
09-23 18:35:18.691 I/godot   ( 5384): [SLICE-02 probe] INFO: no block_* tile found for footprint check
09-23 18:35:18.691 V/Godot   ( 5384): OnGodotMainLoopStarted
09-23 18:35:20.197 I/godot   ( 5384): [GLASS-TILE] mirrored 2240 glass cell(s) into the opaque layers, removed 0
09-23 18:35:20.335 I/godot   ( 5384): [SCENARIO] 4 step(s)
09-23 18:35:20.335 I/godot   ( 5384): [SCENARIO] 1/4 framing portrait
09-23 18:35:20.336 I/godot   ( 5384): [SCENARIO] 2/4 zoom 0.5
09-23 18:35:20.336 I/godot   ( 5384): [SCENARIO] 3/4 wait 25
09-23 18:35:22.788 I/godot   ( 5384): [FRAME-PROBE] 40.5 ms/frame · render cpu 1.1 ms · render gpu 20.4 ms · 93 draw call(s) · 26028 primitive(s) · 110 object(s) · process 55.3 ms · physics 27.4 ms · 1016 node(s) · view portrait 390x873 zoom 0.50 gu 95/1104 scale 1.00
09-23 18:35:22.788 I/godot   ( 5384): [FRAME-SPLIT] per frame: guard cone smooth draw 30.14 ms (9/f) · sprite light+throw 0.49 ms (10/f) · room temporal lights 0.06 ms (1/f) · room vision fog 0.05 ms (1/f) · guard attention 0.03 ms (9/f) · room enemy visibility 0.02 ms (1/f)
09-23 18:35:24.229 I/godot   ( 5384): [FRAME-PROBE] 24.3 ms/frame · render cpu 0.9 ms · render gpu 20.1 ms · 93 draw call(s) · 26028 primitive(s) · 110 object(s) · process 50.0 ms · physics 0.1 ms · 1016 node(s) · view portrait 390x873 zoom 0.50 gu 95/1104 scale 1.00
09-23 18:35:24.229 I/godot   ( 5384): [FRAME-SPLIT] per frame: guard cone smooth draw 3.49 ms (1/f) · sprite light+throw 0.49 ms (10/f) · room temporal lights 0.06 ms (1/f) · room vision fog 0.05 ms (1/f) · guard attention 0.03 ms (9/f) · room enemy visibility 0.02 ms (1/f)
09-23 18:35:25.536 I/godot   ( 5384): [FRAME-PROBE] 21.8 ms/frame · render cpu 0.9 ms · render gpu 20.4 ms · 93 draw call(s) · 26028 primitive(s) · 110 object(s) · process 37.0 ms · physics 0.1 ms · 1016 node(s) · view portrait 390x873 zoom 0.50 gu 95/1104 scale 1.00
09-23 18:35:25.536 I/godot   ( 5384): [FRAME-SPLIT] per frame: sprite light+throw 0.49 ms (10/f) · room temporal lights 0.06 ms (1/f) · room vision fog 0.05 ms (1/f) · guard attention 0.03 ms (9/f) · room enemy visibility 0.02 ms (1/f)
09-23 18:35:26.843 I/godot   ( 5384): [FRAME-PROBE] 21.8 ms/frame · render cpu 0.9 ms · render gpu 20.1 ms · 93 draw call(s) · 26028 primitive(s) · 110 object(s) · process 22.6 ms · physics 0.1 ms · 1016 node(s) · view portrait 390x873 zoom 0.50 gu 95/1104 scale 1.00
09-23 18:35:26.843 I/godot   ( 5384): [FRAME-SPLIT] per frame: sprite light+throw 0.49 ms (10/f) · room temporal lights 0.06 ms (1/f) · room vision fog 0.05 ms (1/f) · guard attention 0.03 ms (9/f) · room enemy visibility 0.02 ms (1/f)
09-23 18:35:28.150 I/godot   ( 5384): [FRAME-PROBE] 21.8 ms/frame · render cpu 0.8 ms · render gpu 20.4 ms · 93 draw call(s) · 26028 primitive(s) · 110 object(s) · process 22.6 ms · physics 0.1 ms · 1016 node(s) · view portrait 390x873 zoom 0.50 gu 95/1104 scale 1.00
09-23 18:35:28.150 I/godot   ( 5384): [FRAME-SPLIT] per frame: sprite light+throw 0.48 ms (10/f) · room temporal lights 0.06 ms (1/f) · room vision fog 0.05 ms (1/f) · guard attention 0.03 ms (9/f) · room enemy visibility 0.02 ms (1/f)
09-23 18:35:29.457 I/godot   ( 5384): [FRAME-PROBE] 21.8 ms/frame · render cpu 0.9 ms · render gpu 20.3 ms · 93 draw call(s) · 26028 primitive(s) · 110 object(s) · process 23.9 ms · physics 0.1 ms · 1016 node(s) · view portrait 390x873 zoom 0.50 gu 95/1104 scale 1.00
09-23 18:35:29.457 I/godot   ( 5384): [FRAME-SPLIT] per frame: sprite light+throw 0.51 ms (10/f) · room temporal lights 0.06 ms (1/f) · room vision fog 0.05 ms (1/f) · guard attention 0.03 ms (9/f) · room enemy visibility 0.02 ms (1/f)
09-23 18:35:30.764 I/godot   ( 5384): [FRAME-PROBE] 21.8 ms/frame · render cpu 0.9 ms · render gpu 20.2 ms · 93 draw call(s) · 26028 primitive(s) · 110 object(s) · process 23.0 ms · physics 0.1 ms · 1016 node(s) · view portrait 390x873 zoom 0.50 gu 95/1104 scale 1.00
09-23 18:35:30.764 I/godot   ( 5384): [FRAME-SPLIT] per frame: sprite light+throw 0.49 ms (10/f) · room temporal lights 0.06 ms (1/f) · room vision fog 0.05 ms (1/f) · guard attention 0.03 ms (9/f) · room enemy visibility 0.02 ms (1/f)
09-23 18:35:32.071 I/godot   ( 5384): [FRAME-PROBE] 21.8 ms/frame · render cpu 0.9 ms · render gpu 20.6 ms · 93 draw call(s) · 26028 primitive(s) · 110 object(s) · process 22.7 ms · physics 0.1 ms · 1016 node(s) · view portrait 390x873 zoom 0.50 gu 95/1104 scale 1.00
09-23 18:35:32.071 I/godot   ( 5384): [FRAME-SPLIT] per frame: sprite light+throw 0.49 ms (10/f) · room temporal lights 0.06 ms (1/f) · room vision fog 0.05 ms (1/f) · guard attention 0.03 ms (9/f) · room enemy visibility 0.02 ms (1/f)
09-23 18:35:33.412 I/godot   ( 5384): [FRAME-PROBE] 22.3 ms/frame · render cpu 1.0 ms · render gpu 21.6 ms · 93 draw call(s) · 26028 primitive(s) · 110 object(s) · process 22.9 ms · physics 0.1 ms · 1016 node(s) · view portrait 390x873 zoom 0.50 gu 95/1104 scale 1.00
09-23 18:35:33.412 I/godot   ( 5384): [FRAME-SPLIT] per frame: sprite light+throw 0.53 ms (10/f) · room temporal lights 0.06 ms (1/f) · room vision fog 0.06 ms (1/f) · guard attention 0.03 ms (9/f) · room enemy visibility 0.02 ms (1/f)
09-23 18:35:34.741 I/godot   ( 5384): [FRAME-PROBE] 22.2 ms/frame · render cpu 0.9 ms · render gpu 20.8 ms · 93 draw call(s) · 26028 primitive(s) · 110 object(s) · process 33.2 ms · physics 0.1 ms · 1016 node(s) · view portrait 390x873 zoom 0.50 gu 95/1104 scale 1.00
09-23 18:35:34.741 I/godot   ( 5384): [FRAME-SPLIT] per frame: sprite light+throw 0.51 ms (10/f) · room temporal lights 0.06 ms (1/f) · room vision fog 0.06 ms (1/f) · guard attention 0.03 ms (9/f) · room enemy visibility 0.02 ms (1/f)
09-23 18:35:36.048 I/godot   ( 5384): [FRAME-PROBE] 21.8 ms/frame · render cpu 0.9 ms · render gpu 20.5 ms · 93 draw call(s) · 26028 primitive(s) · 110 object(s) · process 32.4 ms · physics 0.1 ms · 1016 node(s) · view portrait 390x873 zoom 0.50 gu 95/1104 scale 1.00
09-23 18:35:36.048 I/godot   ( 5384): [FRAME-SPLIT] per frame: sprite light+throw 0.49 ms (10/f) · room temporal lights 0.06 ms (1/f) · room vision fog 0.05 ms (1/f) · guard attention 0.03 ms (9/f) · room enemy visibility 0.02 ms (1/f)
09-23 18:35:37.355 I/godot   ( 5384): [FRAME-PROBE] 21.8 ms/frame · render cpu 0.9 ms · render gpu 20.2 ms · 93 draw call(s) · 26028 primitive(s) · 110 object(s) · process 25.0 ms · physics 0.1 ms · 1016 node(s) · view portrait 390x873 zoom 0.50 gu 95/1104 scale 1.00
09-23 18:35:37.355 I/godot   ( 5384): [FRAME-SPLIT] per frame: sprite light+throw 0.49 ms (10/f) · room temporal lights 0.06 ms (1/f) · room vision fog 0.05 ms (1/f) · guard attention 0.03 ms (9/f) · room enemy visibility 0.02 ms (1/f)
09-23 18:35:38.662 I/godot   ( 5384): [FRAME-PROBE] 21.8 ms/frame · render cpu 0.9 ms · render gpu 20.2 ms · 93 draw call(s) · 26028 primitive(s) · 110 object(s) · process 22.8 ms · physics 0.1 ms · 1016 node(s) · view portrait 390x873 zoom 0.50 gu 95/1104 scale 1.00
09-23 18:35:38.662 I/godot   ( 5384): [FRAME-SPLIT] per frame: sprite light+throw 0.48 ms (10/f) · room temporal lights 0.06 ms (1/f) · room vision fog 0.05 ms (1/f) · guard attention 0.03 ms (9/f) · room enemy visibility 0.02 ms (1/f)
09-23 18:35:39.969 I/godot   ( 5384): [FRAME-PROBE] 21.8 ms/frame · render cpu 0.8 ms · render gpu 20.5 ms · 93 draw call(s) · 26028 primitive(s) · 110 object(s) · process 22.6 ms · physics 0.1 ms · 1016 node(s) · view portrait 390x873 zoom 0.50 gu 95/1104 scale 1.00
09-23 18:35:39.969 I/godot   ( 5384): [FRAME-SPLIT] per frame: sprite light+throw 0.47 ms (10/f) · room temporal lights 0.06 ms (1/f) · room vision fog 0.05 ms (1/f) · guard attention 0.03 ms (9/f) · room enemy visibility 0.02 ms (1/f)
09-23 18:35:41.276 I/godot   ( 5384): [FRAME-PROBE] 21.8 ms/frame · render cpu 0.9 ms · render gpu 20.3 ms · 93 draw call(s) · 26028 primitive(s) · 110 object(s) · process 28.9 ms · physics 0.1 ms · 1016 node(s) · view portrait 390x873 zoom 0.50 gu 95/1104 scale 1.00
09-23 18:35:41.276 I/godot   ( 5384): [FRAME-SPLIT] per frame: sprite light+throw 0.48 ms (10/f) · room temporal lights 0.06 ms (1/f) · room vision fog 0.05 ms (1/f) · guard attention 0.03 ms (9/f) · room enemy visibility 0.02 ms (1/f)
09-23 18:35:42.572 I/godot   ( 5384): [FRAME-PROBE] 21.6 ms/frame · render cpu 0.9 ms · render gpu 20.4 ms · 93 draw call(s) · 26028 primitive(s) · 110 object(s) · process 24.7 ms · physics 0.1 ms · 1016 node(s) · view portrait 390x873 zoom 0.50 gu 95/1104 scale 1.00
09-23 18:35:42.572 I/godot   ( 5384): [FRAME-SPLIT] per frame: sprite light+throw 0.49 ms (10/f) · room temporal lights 0.06 ms (1/f) · room vision fog 0.05 ms (1/f) · guard attention 0.03 ms (9/f) · room enemy visibility 0.02 ms (1/f)
09-23 18:35:43.879 I/godot   ( 5384): [FRAME-PROBE] 21.8 ms/frame · render cpu 0.9 ms · render gpu 20.2 ms · 93 draw call(s) · 26028 primitive(s) · 110 object(s) · process 22.8 ms · physics 0.1 ms · 1016 node(s) · view portrait 390x873 zoom 0.50 gu 95/1104 scale 1.00
09-23 18:35:43.879 I/godot   ( 5384): [FRAME-SPLIT] per frame: sprite light+throw 0.48 ms (10/f) · room temporal lights 0.06 ms (1/f) · room vision fog 0.05 ms (1/f) · guard attention 0.03 ms (9/f) · room enemy visibility 0.02 ms (1/f)
09-23 18:35:45.187 I/godot   ( 5384): [FRAME-PROBE] 21.8 ms/frame · render cpu 0.8 ms · render gpu 20.4 ms · 93 draw call(s) · 26028 primitive(s) · 110 object(s) · process 22.5 ms · physics 0.1 ms · 1016 node(s) · view portrait 390x873 zoom 0.50 gu 95/1104 scale 1.00
09-23 18:35:45.187 I/godot   ( 5384): [FRAME-SPLIT] per frame: sprite light+throw 0.47 ms (10/f) · room temporal lights 0.06 ms (1/f) · room vision fog 0.05 ms (1/f) · guard attention 0.03 ms (9/f) · room enemy visibility 0.02 ms (1/f)
09-23 18:35:45.256 I/godot   ( 5384): [SCENARIO] 4/4 quit
09-23 18:35:48.112 V/Godot   ( 5384): OnGodotTerminating
[DIAG-02] com.example.infiltraitor exited on its own at 18:35:50 — capture ends
