--------- beginning of main
09-23 20:14:36.665 V/Godot   (19289): InitEngine with params: [--xr_mode_regular, --xr-mode, off, --fullscreen, --background_color, #000000]
09-23 20:14:36.665 V/Godot   (19289): Initializing Godot plugin registry
09-23 20:14:36.722 V/Godot   (19289): Godot native layer initialization completed: true
09-23 20:14:37.014 V/Godot   (19289): Godot native layer setup completed
09-23 20:14:37.015 V/Godot   (19289): OnInitRenderView: GodotFragment{fc29790} (0cc856ed-0b96-4b4d-b965-767fd0765a5e id=0x7f070033)
09-23 20:14:37.031 D/Godot   (19289): Render view should be transparent: false
09-23 20:14:37.031 D/Godot   (19289): usesVulkan(): true
09-23 20:14:37.031 D/Godot   (19289): 			renderingDevice: vulkan (ProjectSettings)
09-23 20:14:37.031 D/Godot   (19289): 			renderer: mobile (ProjectSettings)
09-23 20:14:37.060 V/Godot   (19289): OnStart: GodotFragment{fc29790} (0cc856ed-0b96-4b4d-b965-767fd0765a5e id=0x7f070033)
09-23 20:14:37.070 V/Godot   (19289): OnResume: GodotFragment{fc29790} (0cc856ed-0b96-4b4d-b965-767fd0765a5e id=0x7f070033)
09-23 20:14:37.131 I/godot   (19289): Godot Engine v4.6.1.stable.official.14d19694e - https://godotengine.org
09-23 20:14:37.274 I/godot   (19289): Vulkan 1.3.225 - Forward Mobile - Using Device #0: ARM - Mali-G57
09-23 20:14:38.034 I/godot   (19289): 
09-23 20:14:42.695 V/Godot   (19289): OnGodotSetupCompleted
09-23 20:14:42.724 I/godot   (19289): [DevFlags] 5 override(s) from /sdcard/Android/data/com.example.infiltraitor/files/dev_flags.cfg — FRAME_PROBE=1, MAP=PLAYGROUND, RENDER3D=1, RNG_SEED=1, SCENARIO=framing portrait; zoom 0.5; wait 25; quit
09-23 20:14:42.724 I/godot   (19289): [INFILTRAITOR] Version 0.9.107
09-23 20:14:42.731 I/godot   (19289): [Registries] Autoload initialized
09-23 20:14:42.735 I/godot   (19289): [RNG] seeded 1 — particle rolls are reproducible this boot
09-23 20:14:42.736 I/godot   (19289): [MaterialRegistry] Registered: brick (color: 0.55,0.29,0.22)
09-23 20:14:42.736 I/godot   (19289): [MaterialRegistry] Registered: cardboard (color: 0.70,0.55,0.36)
09-23 20:14:42.736 I/godot   (19289): [MaterialRegistry] Registered: concrete (color: 0.62,0.62,0.62)
09-23 20:14:42.736 I/godot   (19289): [MaterialRegistry] Registered: dirt (color: 0.50,0.38,0.27)
09-23 20:14:42.737 I/godot   (19289): [MaterialRegistry] Registered: earth (color: 0.52,0.39,0.26)
09-23 20:14:42.737 I/godot   (19289): [MaterialRegistry] Registered: fabric (color: 0.78,0.74,0.66)
09-23 20:14:42.737 I/godot   (19289): [MaterialRegistry] Registered: glass (color: 0.62,0.74,0.78)
09-23 20:14:42.737 I/godot   (19289): [MaterialRegistry] Registered: glass_armored (color: 0.74,0.62,0.78)
09-23 20:14:42.738 I/godot   (19289): [MaterialRegistry] Registered: glass_screen_amber (color: 0.70,0.60,0.38)
09-23 20:14:42.738 I/godot   (19289): [MaterialRegistry] Registered: glass_screen_green (color: 0.38,0.55,0.42)
09-23 20:14:42.738 I/godot   (19289): [MaterialRegistry] Registered: glass_screen_red (color: 0.62,0.40,0.41)
09-23 20:14:42.738 I/godot   (19289): [MaterialRegistry] Registered: grass (color: 0.42,0.55,0.29)
09-23 20:14:42.739 I/godot   (19289): [MaterialRegistry] Registered: gravel (color: 0.55,0.52,0.49)
09-23 20:14:42.739 I/godot   (19289): [MaterialRegistry] Registered: metal (color: 0.49,0.53,0.56)
09-23 20:14:42.739 I/godot   (19289): [MaterialRegistry] Registered: plywood (color: 0.78,0.63,0.42)
09-23 20:14:42.739 I/godot   (19289): [MaterialRegistry] Registered: sand (color: 0.76,0.67,0.51)
09-23 20:14:42.740 I/godot   (19289): [MaterialRegistry] Registered: stone (color: 0.55,0.55,0.58)
09-23 20:14:42.740 I/godot   (19289): [MaterialRegistry] Registered: wood (color: 0.66,0.47,0.31)
09-23 20:14:42.740 I/godot   (19289): [Registries] Material registry initialized with defaults
09-23 20:14:42.740 I/godot   (19289): [BakeConfig] Enabled: true, Blend Mode: 0, Facade Tops: true
09-23 20:14:42.753 I/godot   (19289): [Room] 4 tiles registered.
09-23 20:14:43.580 I/godot   (19289): [Room] Light registry initialized with 0 map lights:
09-23 20:14:43.580 I/godot   (19289): [Room] Tile semantics initialized with 0 tiles, 0 light anchors
09-23 20:14:43.580 I/godot   (19289): [Room] Shadow projector initialized
09-23 20:14:43.580 I/godot   (19289): [Room] Exposure system initialized with 0 light projections
09-23 20:14:43.580 I/godot   (19289): [VisionController] Shadow overlay initialized
09-23 20:14:43.580 I/godot   (19289): [VisionController] Exposure overlay initialized
09-23 20:14:43.580 I/godot   (19289): [VisionController] Tile risk heatmap overlay initialized
09-23 20:14:43.580 I/godot   (19289): [VisionController] Elite exposure overlay initialized: [EliteExposureOverlay safe=0 total=0 confidence=0.00 depth_layers=6 stability_types=4]
09-23 20:14:43.698 I/godot   (19289): [Registries] File map source initialized
09-23 20:14:44.575 I/godot   (19289): [MaterialRegistry] Registered: brick (color: 0.55,0.29,0.22)
09-23 20:14:44.576 I/godot   (19289): [MaterialRegistry] Registered: cardboard (color: 0.70,0.55,0.36)
09-23 20:14:44.576 I/godot   (19289): [MaterialRegistry] Registered: concrete (color: 0.62,0.62,0.62)
09-23 20:14:44.576 I/godot   (19289): [MaterialRegistry] Registered: dirt (color: 0.50,0.38,0.27)
09-23 20:14:44.577 I/godot   (19289): [MaterialRegistry] Registered: earth (color: 0.52,0.39,0.26)
09-23 20:14:44.577 I/godot   (19289): [MaterialRegistry] Registered: fabric (color: 0.78,0.74,0.66)
09-23 20:14:44.577 I/godot   (19289): [MaterialRegistry] Registered: glass (color: 0.62,0.74,0.78)
09-23 20:14:44.577 I/godot   (19289): [MaterialRegistry] Registered: glass_armored (color: 0.74,0.62,0.78)
09-23 20:14:44.577 I/godot   (19289): [MaterialRegistry] Registered: glass_screen_amber (color: 0.70,0.60,0.38)
09-23 20:14:44.578 I/godot   (19289): [MaterialRegistry] Registered: glass_screen_green (color: 0.38,0.55,0.42)
09-23 20:14:44.578 I/godot   (19289): [MaterialRegistry] Registered: glass_screen_red (color: 0.62,0.40,0.41)
09-23 20:14:44.578 I/godot   (19289): [MaterialRegistry] Registered: grass (color: 0.42,0.55,0.29)
09-23 20:14:44.578 I/godot   (19289): [MaterialRegistry] Registered: gravel (color: 0.55,0.52,0.49)
09-23 20:14:44.578 I/godot   (19289): [MaterialRegistry] Registered: metal (color: 0.49,0.53,0.56)
09-23 20:14:44.579 I/godot   (19289): [MaterialRegistry] Registered: plywood (color: 0.78,0.63,0.42)
09-23 20:14:44.579 I/godot   (19289): [MaterialRegistry] Registered: sand (color: 0.76,0.67,0.51)
09-23 20:14:44.579 I/godot   (19289): [MaterialRegistry] Registered: stone (color: 0.55,0.55,0.58)
09-23 20:14:44.579 I/godot   (19289): [MaterialRegistry] Registered: wood (color: 0.66,0.47,0.31)
09-23 20:14:45.328 I/godot   (19289): [ROOM] Baking textures with 40 junction columns...
09-23 20:14:45.354 I/godot   (19289): [ROOM] Grouped edges into 43 runs
09-23 20:14:45.377 I/godot   (19289): [BAKE] Loaded voxel atom: concrete (32×36, 0 AA pixels)
09-23 20:14:45.378 I/godot   (19289): [BAKE] Loaded voxel atom: metal (32×36, 0 AA pixels)
09-23 20:14:45.379 I/godot   (19289): [BAKE] Loaded voxel atom: stone (32×36, 0 AA pixels)
09-23 20:14:45.380 I/godot   (19289): [BAKE] Loaded voxel atom: wood (32×36, 0 AA pixels)
09-23 20:14:45.388 I/godot   (19289): [BAKE] Loaded voxel atom: grass (32×36, 0 AA pixels)
09-23 20:14:45.390 I/godot   (19289): [BAKE] Loaded voxel atom: dirt (32×36, 0 AA pixels)
09-23 20:14:45.392 I/godot   (19289): [BAKE] Loaded voxel atom: gravel (32×36, 0 AA pixels)
09-23 20:14:45.394 I/godot   (19289): [BAKE] Loaded voxel atom: sand (32×36, 0 AA pixels)
09-23 20:14:45.396 I/godot   (19289): [BAKE] Loaded voxel atom: earth (32×36, 0 AA pixels)
09-23 20:14:45.397 I/godot   (19289): [BAKE] Loaded voxel atom: brick (32×36, 0 AA pixels)
09-23 20:14:45.398 I/godot   (19289): [BAKE] Loaded voxel atom: cardboard (32×36, 0 AA pixels)
09-23 20:14:45.399 I/godot   (19289): [BAKE] Loaded voxel atom: fabric (32×36, 0 AA pixels)
09-23 20:14:45.400 I/godot   (19289): [BAKE] Loaded voxel atom: plywood (32×36, 0 AA pixels)
09-23 20:14:45.402 I/godot   (19289): [BAKE] Loaded voxel atom: glass (32×36, 0 AA pixels)
09-23 20:14:45.402 I/godot   (19289): [BAKE] Created persistent BakeCompositor for session
09-23 20:14:45.403 I/godot   (19289): [BAKE] Found 9 unique (material, facade) combos
09-23 20:14:45.543 I/godot   (19289): 
09-23 20:14:45.543 I/godot   (19289): Attempting to resolve: facade_concrete (folder concrete)
09-23 20:14:45.543 I/godot   (19289):   [USER] File not found: user://textures/concrete/facade_concrete.png
09-23 20:14:45.543 I/godot   (19289):   [USER] File not found: user://textures/concrete/facade_concrete.webp
09-23 20:14:45.570 I/godot   (19289):   [DEFAULT] Validation PASS: res://ASSETS/materials/concrete/facade_concrete.png
09-23 20:14:45.570 I/godot   (19289): [RESOLVER] facade_concrete resolved from DEFAULT.png (dims 1024x512)
09-23 20:14:45.570 I/godot   (19289): 
09-23 20:14:45.570 I/godot   (19289): Attempting to resolve: facade_metal (folder metal)
09-23 20:14:45.570 I/godot   (19289):   [USER] File not found: user://textures/metal/facade_metal.png
09-23 20:14:45.571 I/godot   (19289):   [USER] File not found: user://textures/metal/facade_metal.webp
09-23 20:14:45.601 I/godot   (19289):   [DEFAULT] Validation PASS: res://ASSETS/materials/metal/facade_metal.png
09-23 20:14:45.601 I/godot   (19289): [RESOLVER] facade_metal resolved from DEFAULT.png (dims 1024x512)
09-23 20:14:45.601 I/godot   (19289): 
09-23 20:14:45.601 I/godot   (19289): Attempting to resolve: facade_stone (folder stone)
09-23 20:14:45.602 I/godot   (19289):   [USER] File not found: user://textures/stone/facade_stone.png
09-23 20:14:45.602 I/godot   (19289):   [USER] File not found: user://textures/stone/facade_stone.webp
09-23 20:14:45.630 I/godot   (19289):   [DEFAULT] Validation PASS: res://ASSETS/materials/stone/facade_stone.png
09-23 20:14:45.630 I/godot   (19289): [RESOLVER] facade_stone resolved from DEFAULT.png (dims 1024x512)
09-23 20:14:45.630 I/godot   (19289): 
09-23 20:14:45.630 I/godot   (19289): Attempting to resolve: facade_wood (folder wood)
09-23 20:14:45.630 I/godot   (19289):   [USER] File not found: user://textures/wood/facade_wood.png
09-23 20:14:45.630 I/godot   (19289):   [USER] File not found: user://textures/wood/facade_wood.webp
09-23 20:14:45.658 I/godot   (19289):   [DEFAULT] Validation PASS: res://ASSETS/materials/wood/facade_wood.png
09-23 20:14:45.658 I/godot   (19289): [RESOLVER] facade_wood resolved from DEFAULT.png (dims 1024x512)
09-23 20:14:45.658 I/godot   (19289): 
09-23 20:14:45.658 I/godot   (19289): Attempting to resolve: facade_brick (folder brick)
09-23 20:14:45.658 I/godot   (19289):   [USER] File not found: user://textures/brick/facade_brick.png
09-23 20:14:45.658 I/godot   (19289):   [USER] File not found: user://textures/brick/facade_brick.webp
09-23 20:14:45.689 I/godot   (19289):   [DEFAULT] Validation PASS: res://ASSETS/materials/brick/facade_brick.png
09-23 20:14:45.689 I/godot   (19289): [RESOLVER] facade_brick resolved from DEFAULT.png (dims 1024x512)
09-23 20:14:45.689 I/godot   (19289): 
09-23 20:14:45.689 I/godot   (19289): Attempting to resolve: facade_cardboard (folder cardboard)
09-23 20:14:45.690 I/godot   (19289):   [USER] File not found: user://textures/cardboard/facade_cardboard.png
09-23 20:14:45.690 I/godot   (19289):   [USER] File not found: user://textures/cardboard/facade_cardboard.webp
09-23 20:14:45.712 I/godot   (19289):   [DEFAULT] Validation PASS: res://ASSETS/materials/cardboard/facade_cardboard.png
09-23 20:14:45.712 I/godot   (19289): [RESOLVER] facade_cardboard resolved from DEFAULT.png (dims 1024x512)
09-23 20:14:45.712 I/godot   (19289): 
09-23 20:14:45.712 I/godot   (19289): Attempting to resolve: facade_fabric (folder fabric)
09-23 20:14:45.713 I/godot   (19289):   [USER] File not found: user://textures/fabric/facade_fabric.png
09-23 20:14:45.713 I/godot   (19289):   [USER] File not found: user://textures/fabric/facade_fabric.webp
09-23 20:14:45.734 I/godot   (19289):   [DEFAULT] Validation PASS: res://ASSETS/materials/fabric/facade_fabric.png
09-23 20:14:45.734 I/godot   (19289): [RESOLVER] facade_fabric resolved from DEFAULT.png (dims 1024x512)
09-23 20:14:45.734 I/godot   (19289): 
09-23 20:14:45.734 I/godot   (19289): Attempting to resolve: facade_plywood (folder plywood)
09-23 20:14:45.734 I/godot   (19289):   [USER] File not found: user://textures/plywood/facade_plywood.png
09-23 20:14:45.734 I/godot   (19289):   [USER] File not found: user://textures/plywood/facade_plywood.webp
09-23 20:14:45.763 I/godot   (19289):   [DEFAULT] Validation PASS: res://ASSETS/materials/plywood/facade_plywood.png
09-23 20:14:45.763 I/godot   (19289): [RESOLVER] facade_plywood resolved from DEFAULT.png (dims 1024x512)
09-23 20:14:45.763 I/godot   (19289): 
09-23 20:14:45.763 I/godot   (19289): Attempting to resolve: facade_glass (folder glass)
09-23 20:14:45.763 I/godot   (19289):   [USER] File not found: user://textures/glass/facade_glass.png
09-23 20:14:45.763 I/godot   (19289):   [USER] File not found: user://textures/glass/facade_glass.webp
09-23 20:14:45.771 I/godot   (19289):   [DEFAULT] Validation PASS: res://ASSETS/materials/glass/facade_glass.png
09-23 20:14:45.771 I/godot   (19289): [RESOLVER] facade_glass resolved from DEFAULT.png (dims 1024x512)
09-23 20:14:46.561 I/godot   (19289): [BAKE] Composed sheet concrete|facade_concrete|0 (2048 atoms)
09-23 20:14:47.423 I/godot   (19289): [BAKE] Composed sheet concrete|facade_concrete|1 (2048 atoms)
09-23 20:14:47.928 I/godot   (19289): [BAKE] Composed sheet metal|facade_metal|0 (2048 atoms)
09-23 20:14:48.376 I/godot   (19289): [BAKE] Composed sheet metal|facade_metal|1 (2048 atoms)
09-23 20:14:48.809 I/godot   (19289): [BAKE] Composed sheet stone|facade_stone|0 (2048 atoms)
09-23 20:14:49.257 I/godot   (19289): [BAKE] Composed sheet stone|facade_stone|1 (2048 atoms)
09-23 20:14:49.694 I/godot   (19289): [BAKE] Composed sheet wood|facade_wood|0 (2048 atoms)
09-23 20:14:50.147 I/godot   (19289): [BAKE] Composed sheet wood|facade_wood|1 (2048 atoms)
09-23 20:14:50.580 I/godot   (19289): [BAKE] Composed sheet brick|facade_brick|0 (2048 atoms)
09-23 20:14:51.029 I/godot   (19289): [BAKE] Composed sheet brick|facade_brick|1 (2048 atoms)
09-23 20:14:51.470 I/godot   (19289): [BAKE] Composed sheet cardboard|facade_cardboard|0 (2048 atoms)
09-23 20:14:51.929 I/godot   (19289): [BAKE] Composed sheet cardboard|facade_cardboard|1 (2048 atoms)
09-23 20:14:52.379 I/godot   (19289): [BAKE] Composed sheet fabric|facade_fabric|0 (2048 atoms)
09-23 20:14:52.831 I/godot   (19289): [BAKE] Composed sheet fabric|facade_fabric|1 (2048 atoms)
09-23 20:14:53.273 I/godot   (19289): [BAKE] Composed sheet plywood|facade_plywood|0 (2048 atoms)
09-23 20:14:53.732 I/godot   (19289): [BAKE] Composed sheet plywood|facade_plywood|1 (2048 atoms)
09-23 20:14:54.171 I/godot   (19289): [BAKE] Composed sheet glass|facade_glass|0 (2048 atoms)
09-23 20:14:54.624 I/godot   (19289): [BAKE] Composed sheet glass|facade_glass|1 (2048 atoms)
09-23 20:14:54.694 I/godot   (19289): [BAKE] Composed junction page: concrete|facade_concrete (160 atoms)
09-23 20:14:54.731 I/godot   (19289): [BAKE] Composed junction page: metal|facade_metal (64 atoms)
09-23 20:14:54.769 I/godot   (19289): [BAKE] Composed junction page: stone|facade_stone (64 atoms)
09-23 20:14:54.807 I/godot   (19289): [BAKE] Composed junction page: wood|facade_wood (64 atoms)
09-23 20:14:54.846 I/godot   (19289): [BAKE] Composed junction page: brick|facade_brick (64 atoms)
09-23 20:14:54.885 I/godot   (19289): [BAKE] Composed junction page: cardboard|facade_cardboard (64 atoms)
09-23 20:14:54.923 I/godot   (19289): [BAKE] Composed junction page: fabric|facade_fabric (64 atoms)
09-23 20:14:54.963 I/godot   (19289): [BAKE] Composed junction page: plywood|facade_plywood (64 atoms)
09-23 20:14:55.001 I/godot   (19289): [BAKE] Composed junction page: glass|facade_glass (64 atoms)
09-23 20:14:55.991 I/godot   (19289): [BAKE] Composed roof page ROOF|concrete|facade_concrete (4096 atoms)
09-23 20:14:56.608 I/godot   (19289): [BAKE] Composed roof page ROOF|metal|facade_metal (586 atoms)
09-23 20:14:57.195 I/godot   (19289): [BAKE] Composed roof page ROOF|stone|facade_stone (586 atoms)
09-23 20:14:57.782 I/godot   (19289): [BAKE] Composed roof page ROOF|wood|facade_wood (586 atoms)
09-23 20:14:58.368 I/godot   (19289): [BAKE] Composed roof page ROOF|brick|facade_brick (586 atoms)
09-23 20:14:58.957 I/godot   (19289): [BAKE] Composed roof page ROOF|cardboard|facade_cardboard (586 atoms)
09-23 20:14:59.551 I/godot   (19289): [BAKE] Composed roof page ROOF|fabric|facade_fabric (586 atoms)
09-23 20:15:00.139 I/godot   (19289): [BAKE] Composed roof page ROOF|plywood|facade_plywood (586 atoms)
09-23 20:15:00.727 I/godot   (19289): [BAKE] Composed roof page ROOF|glass|facade_glass (586 atoms)
09-23 20:15:00.732 I/godot   (19289): [BAKE] Baked 9 combos × 2 directions in 14960.0 ms
09-23 20:15:00.734 I/godot   (19289): [ROOM] Bake complete: 15333 ms, 36 pages
09-23 20:15:05.455 I/godot   (19289): [ROOM] Registered baked atlas page 0 as source 98 on voxel_renderer (8448 tiles created)
09-23 20:15:10.363 I/godot   (19289): [ROOM] Registered baked atlas page 1 as source 99 on voxel_renderer (8448 tiles created)
09-23 20:15:10.378 I/godot   (19289): [ROOM] Registered baked atlas page 2 as source 100 on voxel_renderer (384 tiles created)
09-23 20:15:10.393 I/godot   (19289): [ROOM] Registered baked atlas page 3 as source 101 on voxel_renderer (384 tiles created)
09-23 20:15:10.407 I/godot   (19289): [ROOM] Registered baked atlas page 4 as source 102 on voxel_renderer (384 tiles created)
09-23 20:15:10.422 I/godot   (19289): [ROOM] Registered baked atlas page 5 as source 103 on voxel_renderer (384 tiles created)
09-23 20:15:10.436 I/godot   (19289): [ROOM] Registered baked atlas page 6 as source 104 on voxel_renderer (384 tiles created)
09-23 20:15:10.451 I/godot   (19289): [ROOM] Registered baked atlas page 7 as source 105 on voxel_renderer (384 tiles created)
09-23 20:15:10.466 I/godot   (19289): [ROOM] Registered baked atlas page 8 as source 106 on voxel_renderer (384 tiles created)
09-23 20:15:10.480 I/godot   (19289): [ROOM] Registered baked atlas page 9 as source 107 on voxel_renderer (384 tiles created)
09-23 20:15:10.495 I/godot   (19289): [ROOM] Registered baked atlas page 10 as source 108 on voxel_renderer (384 tiles created)
09-23 20:15:10.510 I/godot   (19289): [ROOM] Registered baked atlas page 11 as source 109 on voxel_renderer (384 tiles created)
09-23 20:15:10.524 I/godot   (19289): [ROOM] Registered baked atlas page 12 as source 110 on voxel_renderer (384 tiles created)
09-23 20:15:10.539 I/godot   (19289): [ROOM] Registered baked atlas page 13 as source 111 on voxel_renderer (384 tiles created)
09-23 20:15:10.554 I/godot   (19289): [ROOM] Registered baked atlas page 14 as source 112 on voxel_renderer (384 tiles created)
09-23 20:15:10.569 I/godot   (19289): [ROOM] Registered baked atlas page 15 as source 113 on voxel_renderer (384 tiles created)
09-23 20:15:10.592 I/godot   (19289): [ROOM] Registered baked atlas page 16 as source 114 on voxel_renderer (384 tiles created)
09-23 20:15:10.696 I/godot   (19289): [ROOM] Registered baked atlas page 17 as source 115 on voxel_renderer (384 tiles created)
09-23 20:15:10.702 I/godot   (19289): [ROOM] Registered baked atlas page 18 as source 116 on voxel_renderer (160 tiles created)
09-23 20:15:10.704 I/godot   (19289): [ROOM] Registered baked atlas page 19 as source 117 on voxel_renderer (64 tiles created)
09-23 20:15:10.706 I/godot   (19289): [ROOM] Registered baked atlas page 20 as source 118 on voxel_renderer (64 tiles created)
09-23 20:15:10.708 I/godot   (19289): [ROOM] Registered baked atlas page 21 as source 119 on voxel_renderer (64 tiles created)
09-23 20:15:10.710 I/godot   (19289): [ROOM] Registered baked atlas page 22 as source 120 on voxel_renderer (64 tiles created)
09-23 20:15:10.712 I/godot   (19289): [ROOM] Registered baked atlas page 23 as source 121 on voxel_renderer (64 tiles created)
09-23 20:15:10.714 I/godot   (19289): [ROOM] Registered baked atlas page 24 as source 122 on voxel_renderer (64 tiles created)
09-23 20:15:10.716 I/godot   (19289): [ROOM] Registered baked atlas page 25 as source 123 on voxel_renderer (64 tiles created)
09-23 20:15:10.718 I/godot   (19289): [ROOM] Registered baked atlas page 26 as source 124 on voxel_renderer (64 tiles created)
09-23 20:15:11.745 I/godot   (19289): [ROOM] Registered baked atlas page 27 as source 125 on voxel_renderer (4096 tiles created)
09-23 20:15:11.775 I/godot   (19289): [ROOM] Registered baked atlas page 28 as source 126 on voxel_renderer (586 tiles created)
09-23 20:15:11.804 I/godot   (19289): [ROOM] Registered baked atlas page 29 as source 127 on voxel_renderer (586 tiles created)
09-23 20:15:11.833 I/godot   (19289): [ROOM] Registered baked atlas page 30 as source 128 on voxel_renderer (586 tiles created)
09-23 20:15:11.863 I/godot   (19289): [ROOM] Registered baked atlas page 31 as source 129 on voxel_renderer (586 tiles created)
09-23 20:15:11.892 I/godot   (19289): [ROOM] Registered baked atlas page 32 as source 130 on voxel_renderer (586 tiles created)
09-23 20:15:11.922 I/godot   (19289): [ROOM] Registered baked atlas page 33 as source 131 on voxel_renderer (586 tiles created)
09-23 20:15:11.951 I/godot   (19289): [ROOM] Registered baked atlas page 34 as source 132 on voxel_renderer (586 tiles created)
09-23 20:15:11.981 I/godot   (19289): [ROOM] Registered baked atlas page 35 as source 133 on voxel_renderer (586 tiles created)
09-23 20:15:11.981 I/godot   (19289): [VOXEL] Baked lookup set: registered
09-23 20:15:11.993 I/godot   (19289): [BAKE] Disk cache HIT: loaded 1ff64de9
09-23 20:15:12.760 I/godot   (19289): [D33] composite page: 3584 tile(s) created up front in 753.3 ms
09-23 20:15:12.772 I/godot   (19289): [BAKE] Disk cache HIT: loaded 79f4f5e8
09-23 20:15:12.775 I/godot   (19289): [BAKE] Disk cache HIT: loaded c5a3ab77
09-23 20:15:12.778 I/godot   (19289): [BAKE] Disk cache HIT: loaded 38139423
09-23 20:15:12.782 I/godot   (19289): [BAKE] Disk cache HIT: loaded 66da5472
09-23 20:15:12.785 I/godot   (19289): [BAKE] Disk cache HIT: loaded e4993765
09-23 20:15:12.788 I/godot   (19289): [BAKE] Disk cache HIT: loaded 689fb62e
09-23 20:15:12.791 I/godot   (19289): [BAKE] Disk cache HIT: loaded 6705897f
09-23 20:15:12.795 I/godot   (19289): [BAKE] Disk cache HIT: loaded f45df950
09-23 20:15:12.798 I/godot   (19289): [BAKE] Disk cache HIT: loaded a69e54c4
09-23 20:15:12.801 I/godot   (19289): [BAKE] Disk cache HIT: loaded 789ec235
09-23 20:15:12.804 I/godot   (19289): [BAKE] Disk cache HIT: loaded 7ae0a8c2
09-23 20:15:12.808 I/godot   (19289): [BAKE] Disk cache HIT: loaded e19baabe
09-23 20:15:12.811 I/godot   (19289): [BAKE] Disk cache HIT: loaded 3323d2cf
09-23 20:15:12.814 I/godot   (19289): [BAKE] Disk cache HIT: loaded 14a1b0e0
09-23 20:15:12.818 I/godot   (19289): [BAKE] Disk cache HIT: loaded 312a1305
09-23 20:15:12.821 I/godot   (19289): [BAKE] Disk cache HIT: loaded a6443a14
09-23 20:15:12.825 I/godot   (19289): [BAKE] Disk cache HIT: loaded de99e143
09-23 20:15:12.828 I/godot   (19289): [BAKE] Disk cache HIT: loaded f582f5c8
09-23 20:15:12.831 I/godot   (19289): [BAKE] Disk cache HIT: loaded c18fa5c9
09-23 20:15:12.834 I/godot   (19289): [BAKE] Disk cache HIT: loaded 75160ea6
09-23 20:15:12.837 I/godot   (19289): [BAKE] Disk cache HIT: loaded 4d745b00
09-23 20:15:12.840 I/godot   (19289): [BAKE] Disk cache HIT: loaded baeabe01
09-23 20:15:12.843 I/godot   (19289): [BAKE] Disk cache HIT: loaded 535489de
09-23 20:15:12.846 I/godot   (19289): [BAKE] Disk cache HIT: loaded 3e4f2802
09-23 20:15:12.849 I/godot   (19289): [BAKE] Disk cache HIT: loaded 8f879e33
09-23 20:15:12.851 I/godot   (19289): [BAKE] Disk cache HIT: loaded e5158604
09-23 20:15:12.854 I/godot   (19289): [BAKE] Disk cache HIT: loaded bda6b76f
09-23 20:15:12.857 I/godot   (19289): [BAKE] Disk cache HIT: loaded 6ae15ade
09-23 20:15:12.860 I/godot   (19289): [BAKE] Disk cache HIT: loaded d2778f01
09-23 20:15:12.863 I/godot   (19289): [BAKE] Disk cache HIT: loaded 8acb8dbd
09-23 20:15:12.866 I/godot   (19289): [BAKE] Disk cache HIT: loaded f8179f2c
09-23 20:15:12.869 I/godot   (19289): [BAKE] Disk cache HIT: loaded c3776c5b
09-23 20:15:12.872 I/godot   (19289): [BAKE] Disk cache HIT: loaded ddea6eff
09-23 20:15:12.875 I/godot   (19289): [BAKE] Disk cache HIT: loaded df849bae
09-23 20:15:12.878 I/godot   (19289): [BAKE] Disk cache HIT: loaded 4b738391
09-23 20:15:12.881 I/godot   (19289): [BAKE] Disk cache HIT: loaded 310dc82c
09-23 20:15:12.884 I/godot   (19289): [BAKE] Disk cache HIT: loaded c3c1b6bd
09-23 20:15:12.886 I/godot   (19289): [BAKE] Disk cache HIT: loaded 2a46d30a
09-23 20:15:12.890 I/godot   (19289): [BAKE] Disk cache HIT: loaded fdc7ddf1
09-23 20:15:12.892 I/godot   (19289): [BAKE] Disk cache HIT: loaded 0fb2e0b0
09-23 20:15:12.895 I/godot   (19289): [BAKE] Disk cache HIT: loaded db12addf
09-23 20:15:12.898 I/godot   (19289): [BAKE] Disk cache HIT: loaded 4f78b87f
09-23 20:15:12.901 I/godot   (19289): [BAKE] Disk cache HIT: loaded 5112e52e
09-23 20:15:12.904 I/godot   (19289): [BAKE] Disk cache HIT: loaded bd01cd11
09-23 20:15:12.907 I/godot   (19289): [BAKE] Disk cache HIT: loaded 75a5bc1d
09-23 20:15:12.909 I/godot   (19289): [BAKE] Disk cache HIT: loaded 564b730c
09-23 20:15:12.912 I/godot   (19289): [BAKE] Disk cache HIT: loaded a1ac09bb
09-23 20:15:12.916 I/godot   (19289): [BAKE] Disk cache HIT: loaded 62ea1cf0
09-23 20:15:12.918 I/godot   (19289): [BAKE] Disk cache HIT: loaded 50ff1a31
09-23 20:15:12.922 I/godot   (19289): [BAKE] Disk cache HIT: loaded dc23f14e
09-23 20:15:12.925 I/godot   (19289): [BAKE] Disk cache HIT: loaded 8b168722
09-23 20:15:12.929 I/godot   (19289): [BAKE] Disk cache HIT: loaded dd8c31d3
09-23 20:15:12.931 I/godot   (19289): [BAKE] Disk cache HIT: loaded 31dce524
09-23 20:15:12.935 I/godot   (19289): [BAKE] Disk cache HIT: loaded dbe61180
09-23 20:15:12.938 I/godot   (19289): [BAKE] Disk cache HIT: loaded 495c7481
09-23 20:15:12.941 I/godot   (19289): [BAKE] Disk cache HIT: loaded e1c6405e
09-23 20:15:12.944 I/godot   (19289): [BAKE] Disk cache HIT: loaded 266b01ab
09-23 20:15:12.947 I/godot   (19289): [BAKE] Disk cache HIT: loaded 53a66e9a
09-23 20:15:12.950 I/godot   (19289): [BAKE] Disk cache HIT: loaded d31dba8d
09-23 20:15:12.953 I/godot   (19289): [BAKE] Disk cache HIT: loaded 4da47f86
09-23 20:15:12.957 I/godot   (19289): [BAKE] Disk cache HIT: loaded ec09bbb7
09-23 20:15:12.960 I/godot   (19289): [BAKE] Disk cache HIT: loaded a05b0628
09-23 20:15:12.963 I/godot   (19289): [BAKE] Disk cache HIT: loaded 2ad8f476
09-23 20:15:12.966 I/godot   (19289): [BAKE] Disk cache HIT: loaded 7655f6e7
09-23 20:15:12.969 I/godot   (19289): [BAKE] Disk cache HIT: loaded aaa677d8
09-23 20:15:12.973 I/godot   (19289): [BAKE] Disk cache HIT: loaded 93993437
09-23 20:15:12.976 I/godot   (19289): [BAKE] Disk cache HIT: loaded f533f806
09-23 20:15:12.979 I/godot   (19289): [BAKE] Disk cache HIT: loaded 953399a9
09-23 20:15:12.982 I/godot   (19289): [BAKE] Disk cache HIT: loaded 0fc056b1
09-23 20:15:12.985 I/godot   (19289): [BAKE] Disk cache HIT: loaded 21ab5970
09-23 20:15:12.988 I/godot   (19289): [BAKE] Disk cache HIT: loaded ed0b269f
09-23 20:15:12.991 I/godot   (19289): [BAKE] Disk cache HIT: loaded 9b8ed3b4
09-23 20:15:12.994 I/godot   (19289): [BAKE] Disk cache HIT: loaded 99ce5225
09-23 20:15:12.997 I/godot   (19289): [BAKE] Disk cache HIT: loaded 48889b32
09-23 20:15:13.000 I/godot   (19289): [BAKE] Disk cache HIT: loaded 1a067eca
09-23 20:15:13.002 I/godot   (19289): [BAKE] Disk cache HIT: loaded ec2d411b
09-23 20:15:13.005 I/godot   (19289): [BAKE] Disk cache HIT: loaded 4d0c84ec
09-23 20:15:13.008 I/godot   (19289): [BAKE] Disk cache HIT: loaded 0054ff2c
09-23 20:15:13.010 I/godot   (19289): [BAKE] Disk cache HIT: loaded 9308edbd
09-23 20:15:13.013 I/godot   (19289): [BAKE] Disk cache HIT: loaded f98e0a0a
09-23 20:15:13.016 I/godot   (19289): [BAKE] Disk cache HIT: loaded bcf9043b
09-23 20:15:13.018 I/godot   (19289): [BAKE] Disk cache HIT: loaded ead241ea
09-23 20:15:13.021 I/godot   (19289): [BAKE] Disk cache HIT: loaded 90f2b69d
09-23 20:15:13.024 I/godot   (19289): [BAKE] Disk cache HIT: loaded 9e92ca16
09-23 20:15:13.027 I/godot   (19289): [BAKE] Disk cache HIT: loaded 101b2487
09-23 20:15:13.030 I/godot   (19289): [BAKE] Disk cache HIT: loaded caa027f8
09-23 20:15:13.033 I/godot   (19289): [BAKE] Disk cache HIT: loaded db3c5d88
09-23 20:15:13.036 I/godot   (19289): [BAKE] Disk cache HIT: loaded a7490d89
09-23 20:15:13.039 I/godot   (19289): [BAKE] Disk cache HIT: loaded b387b366
09-23 20:15:13.042 I/godot   (19289): [BAKE] Disk cache HIT: loaded d51907ad
09-23 20:15:13.045 I/godot   (19289): [BAKE] Disk cache HIT: loaded c303b35c
09-23 20:15:13.047 I/godot   (19289): [BAKE] Disk cache HIT: loaded 0dc4e64b
09-23 20:15:13.051 I/godot   (19289): [BAKE] Disk cache HIT: loaded 6f0d800b
09-23 20:15:13.053 I/godot   (19289): [BAKE] Disk cache HIT: loaded 988e09fa
09-23 20:15:13.056 I/godot   (19289): [BAKE] Disk cache HIT: loaded 3661a16d
09-23 20:15:13.059 I/godot   (19289): [BAKE] Disk cache HIT: loaded 00714a05
09-23 20:15:13.062 I/godot   (19289): [BAKE] Disk cache HIT: loaded 758b7114
09-23 20:15:13.065 I/godot   (19289): [BAKE] Disk cache HIT: loaded ade11843
09-23 20:15:13.068 I/godot   (19289): [BAKE] Disk cache HIT: loaded c99c60fa
09-23 20:15:13.071 I/godot   (19289): [BAKE] Disk cache HIT: loaded a01bd70b
09-23 20:15:13.074 I/godot   (19289): [BAKE] Disk cache HIT: loaded 555aa41c
09-23 20:15:13.078 I/godot   (19289): [BAKE] Disk cache HIT: loaded d172d041
09-23 20:15:13.081 I/godot   (19289): [BAKE] Disk cache HIT: loaded 0b443040
09-23 20:15:13.084 I/godot   (19289): [BAKE] Disk cache HIT: loaded 63e9bbaf
09-23 20:15:13.087 I/godot   (19289): [BAKE] Disk cache HIT: loaded 7dc14c67
09-23 20:15:13.090 I/godot   (19289): [BAKE] Disk cache HIT: loaded 324449f6
09-23 20:15:13.094 I/godot   (19289): [BAKE] Disk cache HIT: loaded febd1799
09-23 20:15:13.097 I/godot   (19289): [BAKE] Disk cache HIT: loaded 80070612
09-23 20:15:13.101 I/godot   (19289): [BAKE] Disk cache HIT: loaded d27cb0c3
09-23 20:15:13.104 I/godot   (19289): [BAKE] Disk cache HIT: loaded 9a270994
09-23 20:15:13.108 I/godot   (19289): [BAKE] Disk cache HIT: loaded 408a168c
09-23 20:15:13.112 I/godot   (19289): [BAKE] Disk cache HIT: loaded 5fe45f9d
09-23 20:15:13.116 I/godot   (19289): [BAKE] Disk cache HIT: loaded b9c3eaea
09-23 20:15:13.120 I/godot   (19289): [BAKE] Disk cache HIT: loaded fb0049ea
09-23 20:15:13.124 I/godot   (19289): [BAKE] Disk cache HIT: loaded cd270c3b
09-23 20:15:13.127 I/godot   (19289): [BAKE] Disk cache HIT: loaded 81c6758c
09-23 20:15:13.131 I/godot   (19289): [BAKE] Disk cache HIT: loaded 725b1a95
09-23 20:15:13.134 I/godot   (19289): [BAKE] Disk cache HIT: loaded f41ad2a4
09-23 20:15:13.138 I/godot   (19289): [BAKE] Disk cache HIT: loaded 9fca1f53
09-23 20:15:13.141 I/godot   (19289): [BAKE] Disk cache HIT: loaded 3ce87820
09-23 20:15:13.145 I/godot   (19289): [BAKE] Disk cache HIT: loaded aa5edb21
09-23 20:15:13.148 I/godot   (19289): [BAKE] Disk cache HIT: loaded dd6945fe
09-23 20:15:13.152 I/godot   (19289): [BAKE] Disk cache HIT: loaded 375c7783
09-23 20:15:13.155 I/godot   (19289): [BAKE] Disk cache HIT: loaded e4e6ccd2
09-23 20:15:13.159 I/godot   (19289): [BAKE] Disk cache HIT: loaded 89eca945
09-23 20:15:13.164 I/godot   (19289): [BAKE] Disk cache HIT: loaded 6f1c8b0d
09-23 20:15:13.168 I/godot   (19289): [BAKE] Disk cache HIT: loaded cf23a7bc
09-23 20:15:13.171 I/godot   (19289): [BAKE] Disk cache HIT: loaded c269d22b
09-23 20:15:13.176 I/godot   (19289): [BAKE] Disk cache HIT: loaded a2f6a7a8
09-23 20:15:13.180 I/godot   (19289): [BAKE] Disk cache HIT: loaded f03fc2a9
09-23 20:15:13.182 I/godot   (19289): [BAKE] Disk cache HIT: loaded 50402106
09-23 20:15:13.185 I/godot   (19289): [BAKE] Disk cache HIT: loaded 170da79e
09-23 20:15:13.188 I/godot   (19289): [BAKE] Disk cache HIT: loaded 69d3042f
09-23 20:15:13.191 I/godot   (19289): [BAKE] Disk cache HIT: loaded 112d78c0
09-23 20:15:13.196 I/godot   (19289): [BAKE] Disk cache HIT: loaded 0bea3be0
09-23 20:15:13.199 I/godot   (19289): [BAKE] Disk cache HIT: loaded 79609ee1
09-23 20:15:13.203 I/godot   (19289): [BAKE] Disk cache HIT: loaded d8e435be
09-23 20:15:13.206 I/godot   (19289): [BAKE] Disk cache HIT: loaded c2f0fe17
09-23 20:15:13.210 I/godot   (19289): [BAKE] Disk cache HIT: loaded d0ca0966
09-23 20:15:13.214 I/godot   (19289): [BAKE] Disk cache HIT: loaded c48b6389
09-23 20:15:13.217 I/godot   (19289): [BAKE] Disk cache HIT: loaded f42ffe0a
09-23 20:15:13.220 I/godot   (19289): [BAKE] Disk cache HIT: loaded c656c05b
09-23 20:15:13.223 I/godot   (19289): [BAKE] Disk cache HIT: loaded faf6f32c
09-23 20:15:13.226 I/godot   (19289): [BAKE] Disk cache HIT: loaded 8e459ee2
09-23 20:15:13.229 I/godot   (19289): [BAKE] Disk cache HIT: loaded e0bb4993
09-23 20:15:13.233 I/godot   (19289): [BAKE] Disk cache HIT: loaded 350bfce4
09-23 20:15:13.236 I/godot   (19289): [BAKE] Disk cache HIT: loaded 22b77a14
09-23 20:15:13.240 I/godot   (19289): [BAKE] Disk cache HIT: loaded ad9d5305
09-23 20:15:13.243 I/godot   (19289): [BAKE] Disk cache HIT: loaded 08977692
09-23 20:15:13.247 I/godot   (19289): [BAKE] Disk cache HIT: loaded 2b3ac651
09-23 20:15:13.250 I/godot   (19289): [BAKE] Disk cache HIT: loaded 4b0a2190
09-23 20:15:13.254 I/godot   (19289): [BAKE] Disk cache HIT: loaded 1669eebf
09-23 20:15:13.258 I/godot   (19289): [BAKE] Disk cache HIT: loaded ddd178df
09-23 20:15:13.261 I/godot   (19289): [BAKE] Disk cache HIT: loaded 8bab800e
09-23 20:15:13.265 I/godot   (19289): [BAKE] Disk cache HIT: loaded 0086a8f1
09-23 20:15:13.269 I/godot   (19289): [BAKE] Disk cache HIT: loaded 078ff8c9
09-23 20:15:13.273 I/godot   (19289): [BAKE] Disk cache HIT: loaded 3b8348c8
09-23 20:15:13.276 I/godot   (19289): [BAKE] Disk cache HIT: loaded 05f59357
09-23 20:15:13.280 I/godot   (19289): [BAKE] Disk cache HIT: loaded fa29a4f6
09-23 20:15:13.283 I/godot   (19289): [BAKE] Disk cache HIT: loaded 45a6a767
09-23 20:15:13.287 I/godot   (19289): [BAKE] Disk cache HIT: loaded 79f72858
09-23 20:15:13.290 I/godot   (19289): [BAKE] Disk cache HIT: loaded c43fb14b
09-23 20:15:13.293 I/godot   (19289): [BAKE] Disk cache HIT: loaded 72b7893a
09-23 20:15:13.296 I/godot   (19289): [BAKE] Disk cache HIT: loaded 8b93d2ad
09-23 20:15:13.300 I/godot   (19289): [BAKE] Disk cache HIT: loaded 3c0fdd7d
09-23 20:15:13.303 I/godot   (19289): [BAKE] Disk cache HIT: loaded 50a3b1ec
09-23 20:15:13.306 I/godot   (19289): [BAKE] Disk cache HIT: loaded efc46e1b
09-23 20:15:13.309 I/godot   (19289): [BAKE] Disk cache HIT: loaded 5d243053
09-23 20:15:13.312 I/godot   (19289): [BAKE] Disk cache HIT: loaded 0aae85a2
09-23 20:15:13.314 I/godot   (19289): [BAKE] Disk cache HIT: loaded 2fb52b95
09-23 20:15:13.318 I/godot   (19289): [BAKE] Disk cache HIT: loaded dcc1c5e6
09-23 20:15:13.320 I/godot   (19289): [BAKE] Disk cache HIT: loaded cee8ba97
09-23 20:15:13.323 I/godot   (19289): [BAKE] Disk cache HIT: loaded 04767008
09-23 20:15:13.326 I/godot   (19289): [BAKE] Disk cache HIT: loaded e8344460
09-23 20:15:13.329 I/godot   (19289): [BAKE] Disk cache HIT: loaded 55aaa761
09-23 20:15:13.333 I/godot   (19289): [BAKE] Disk cache HIT: loaded b52e3e3e
09-23 20:15:13.336 I/godot   (19289): [BAKE] Disk cache HIT: loaded 3ac39f1e
09-23 20:15:13.339 I/godot   (19289): [BAKE] Disk cache HIT: loaded 8d88fbaf
09-23 20:15:13.342 I/godot   (19289): [BAKE] Disk cache HIT: loaded 34e37040
09-23 20:15:13.345 I/godot   (19289): [BAKE] Disk cache HIT: loaded ae9fd721
09-23 20:15:13.348 I/godot   (19289): [BAKE] Disk cache HIT: loaded 41297420
09-23 20:15:13.351 I/godot   (19289): [BAKE] Disk cache HIT: loaded 8beaa70f
09-23 20:15:13.354 I/godot   (19289): [BAKE] Disk cache HIT: loaded 991789cc
09-23 20:15:13.357 I/godot   (19289): [BAKE] Disk cache HIT: loaded b871d2dd
09-23 20:15:13.361 I/godot   (19289): [BAKE] Disk cache HIT: loaded b999212a
09-23 20:15:13.364 I/godot   (19289): [BAKE] Disk cache HIT: loaded 5e0bedbc
09-23 20:15:13.367 I/godot   (19289): [BAKE] Disk cache HIT: loaded fe04d10d
09-23 20:15:13.371 I/godot   (19289): [BAKE] Disk cache HIT: loaded 7e8d851a
09-23 20:15:13.374 I/godot   (19289): [BAKE] Disk cache HIT: loaded f0cbacc5
09-23 20:15:13.377 I/godot   (19289): [BAKE] Disk cache HIT: loaded 65e5d3d4
09-23 20:15:13.381 I/godot   (19289): [BAKE] Disk cache HIT: loaded 9e3b7b03
09-23 20:15:13.385 I/godot   (19289): [BAKE] Disk cache HIT: loaded fe7ed17f
09-23 20:15:13.389 I/godot   (19289): [BAKE] Disk cache HIT: loaded 0018fe2e
09-23 20:15:13.393 I/godot   (19289): [BAKE] Disk cache HIT: loaded 6c07e611
09-23 20:15:13.398 I/godot   (19289): [BAKE] Disk cache HIT: loaded f8617f42
09-23 20:15:13.401 I/godot   (19289): [BAKE] Disk cache HIT: loaded a2523273
09-23 20:15:13.405 I/godot   (19289): [BAKE] Disk cache HIT: loaded 241f2b44
09-23 20:15:13.409 I/godot   (19289): [BAKE] Disk cache HIT: loaded 43e30398
09-23 20:15:13.413 I/godot   (19289): [BAKE] Disk cache HIT: loaded 908e4dd9
09-23 20:15:13.416 I/godot   (19289): [BAKE] Disk cache HIT: loaded 1ccdbd36
09-23 20:15:13.420 I/godot   (19289): [BAKE] Disk cache HIT: loaded 9bc17792
09-23 20:15:13.423 I/godot   (19289): [BAKE] Disk cache HIT: loaded ee372243
09-23 20:15:13.426 I/godot   (19289): [BAKE] Disk cache HIT: loaded b5e17b14
09-23 20:15:13.430 I/godot   (19289): [BAKE] Disk cache HIT: loaded 8af654d1
09-23 20:15:13.433 I/godot   (19289): [BAKE] Disk cache HIT: loaded aac5b010
09-23 20:15:13.436 I/godot   (19289): [BAKE] Disk cache HIT: loaded 76257d3f
09-23 20:15:13.439 I/godot   (19289): [BAKE] Disk cache HIT: loaded 97f724ec
09-23 20:15:13.442 I/godot   (19289): [BAKE] Disk cache HIT: loaded 8363507d
09-23 20:15:13.446 I/godot   (19289): [BAKE] Disk cache HIT: loaded 64f11eca
09-23 20:15:13.449 I/godot   (19289): [BAKE] Disk cache HIT: loaded 02300d3e
09-23 20:15:13.452 I/godot   (19289): [BAKE] Disk cache HIT: loaded 53b8354f
09-23 20:15:13.455 I/godot   (19289): [BAKE] Disk cache HIT: loaded 35361360
09-23 20:15:13.459 I/godot   (19289): [BAKE] Disk cache HIT: loaded cc7a3463
09-23 20:15:13.463 I/godot   (19289): [BAKE] Disk cache HIT: loaded cf01e3b2
09-23 20:15:13.466 I/godot   (19289): [BAKE] Disk cache HIT: loaded 20479aa5
09-23 20:15:13.470 I/godot   (19289): [BAKE] Disk cache HIT: loaded a4e028c1
09-23 20:15:13.473 I/godot   (19289): [BAKE] Disk cache HIT: loaded deb188c0
09-23 20:15:13.477 I/godot   (19289): [BAKE] Disk cache HIT: loaded 3757142f
09-23 20:15:13.480 I/godot   (19289): [BAKE] Disk cache HIT: loaded 37935b73
09-23 20:15:13.484 I/godot   (19289): [BAKE] Disk cache HIT: loaded 8da2a842
09-23 20:15:13.487 I/godot   (19289): [BAKE] Disk cache HIT: loaded 8b60c1b5
09-23 20:15:13.490 I/godot   (19289): [BAKE] Disk cache HIT: loaded 02b23628
09-23 20:15:13.494 I/godot   (19289): [BAKE] Disk cache HIT: loaded 4ffb5129
09-23 20:15:13.497 I/godot   (19289): [BAKE] Disk cache HIT: loaded affbaf86
09-23 20:15:13.500 I/godot   (19289): [BAKE] Disk cache HIT: loaded b9cd8a6b
09-23 20:15:13.504 I/godot   (19289): [BAKE] Disk cache HIT: loaded e708f75a
09-23 20:15:13.507 I/godot   (19289): [BAKE] Disk cache HIT: loaded 0dc8064d
09-23 20:15:13.511 I/godot   (19289): [BAKE] Disk cache HIT: loaded cefc66e9
09-23 20:15:13.514 I/godot   (19289): [BAKE] Disk cache HIT: loaded 28fb0ee8
09-23 20:15:13.517 I/godot   (19289): [BAKE] Disk cache HIT: loaded 74a9c477
09-23 20:15:13.521 I/godot   (19289): [BAKE] Disk cache HIT: loaded 4a4da5e4
09-23 20:15:13.524 I/godot   (19289): [BAKE] Disk cache HIT: loaded 21462ad5
09-23 20:15:13.527 I/godot   (19289): [BAKE] Disk cache HIT: loaded a38747e2
09-23 20:15:13.531 I/godot   (19289): [BAKE] Disk cache HIT: loaded 72002296
09-23 20:15:13.534 I/godot   (19289): [BAKE] Disk cache HIT: loaded e3887d07
09-23 20:15:13.537 I/godot   (19289): [BAKE] Disk cache HIT: loaded 9e0d8078
09-23 20:15:13.541 I/godot   (19289): [BAKE] Disk cache HIT: loaded b7494534
09-23 20:15:13.544 I/godot   (19289): [BAKE] Disk cache HIT: loaded b588c3a5
09-23 20:15:13.547 I/godot   (19289): [BAKE] Disk cache HIT: loaded 64430cb2
09-23 20:15:13.550 I/godot   (19289): [BAKE] Disk cache HIT: loaded cae2dc07
09-23 20:15:13.554 I/godot   (19289): [BAKE] Disk cache HIT: loaded 595a8196
09-23 20:15:13.557 I/godot   (19289): [BAKE] Disk cache HIT: loaded b279a9b9
09-23 20:15:13.561 I/godot   (19289): [BAKE] Disk cache HIT: loaded de015d02
09-23 20:15:13.564 I/godot   (19289): [BAKE] Disk cache HIT: loaded 2f39d333
09-23 20:15:13.568 I/godot   (19289): [BAKE] Disk cache HIT: loaded 84c7bb04
09-23 20:15:13.572 I/godot   (19289): [BAKE] Disk cache HIT: loaded 9925edef
09-23 20:15:13.576 I/godot   (19289): [BAKE] Disk cache HIT: loaded 4660915e
09-23 20:15:13.579 I/godot   (19289): [BAKE] Disk cache HIT: loaded adf6c581
09-23 20:15:13.583 I/godot   (19289): [BAKE] Disk cache HIT: loaded db105109
09-23 20:15:13.586 I/godot   (19289): [BAKE] Disk cache HIT: loaded 0f03a108
09-23 20:15:13.589 I/godot   (19289): [BAKE] Disk cache HIT: loaded d975eb97
09-23 20:15:13.593 I/godot   (19289): [BAKE] Disk cache HIT: loaded 78a85bfc
09-23 20:15:13.596 I/godot   (19289): [BAKE] Disk cache HIT: loaded 18a13f4d
09-23 20:15:13.600 I/godot   (19289): [BAKE] Disk cache HIT: loaded f1e2305a
09-23 20:15:13.603 I/godot   (19289): [BAKE] Disk cache HIT: loaded 4d0a65c2
09-23 20:15:13.606 I/godot   (19289): [BAKE] Disk cache HIT: loaded f6fb18f3
09-23 20:15:13.610 I/godot   (19289): [BAKE] Disk cache HIT: loaded 78c811c4
09-23 20:15:13.614 I/godot   (19289): [BAKE] Disk cache HIT: loaded a78c2364
09-23 20:15:13.617 I/godot   (19289): [BAKE] Disk cache HIT: loaded 7e84a855
09-23 20:15:13.621 I/godot   (19289): [BAKE] Disk cache HIT: loaded 00c5c562
09-23 20:15:13.624 I/godot   (19289): [BAKE] Disk cache HIT: loaded 2db3fd43
09-23 20:15:13.627 I/godot   (19289): [BAKE] Disk cache HIT: loaded db3e5292
09-23 20:15:13.631 I/godot   (19289): [BAKE] Disk cache HIT: loaded 80442f05
09-23 20:15:13.635 I/godot   (19289): [BAKE] Disk cache HIT: loaded 94daf0a6
09-23 20:15:13.638 I/godot   (19289): [BAKE] Disk cache HIT: loaded dfba2257
09-23 20:15:13.642 I/godot   (19289): [BAKE] Disk cache HIT: loaded 1547d7c8
09-23 20:15:13.645 I/godot   (19289): [BAKE] Disk cache HIT: loaded 441eecae
09-23 20:15:13.648 I/godot   (19289): [BAKE] Disk cache HIT: loaded 4284bfff
09-23 20:15:13.650 I/godot   (19289): [BAKE] Disk cache HIT: loaded cfdd2fd0
09-23 20:15:13.653 I/godot   (19289): [BAKE] Disk cache HIT: loaded 3822d120
09-23 20:15:13.657 I/godot   (19289): [BAKE] Disk cache HIT: loaded a5993421
09-23 20:15:13.659 I/godot   (19289): [BAKE] Disk cache HIT: loaded d8a39efe
09-23 20:15:13.662 I/godot   (19289): [BAKE] Disk cache HIT: loaded 7dbcbe55
09-23 20:15:13.665 I/godot   (19289): [BAKE] Disk cache HIT: loaded a6c43964
09-23 20:15:13.668 I/godot   (19289): [BAKE] Disk cache HIT: loaded 52738613
09-23 20:15:13.671 I/godot   (19289): [BAKE] Disk cache HIT: loaded 21231ae3
09-23 20:15:13.674 I/godot   (19289): [BAKE] Disk cache HIT: loaded 23aaca32
09-23 20:15:13.676 I/godot   (19289): [BAKE] Disk cache HIT: loaded 74f08125
09-23 20:15:13.679 I/godot   (19289): [BAKE] Disk cache HIT: loaded 3b0bc8dd
09-23 20:15:13.683 I/godot   (19289): [BAKE] Disk cache HIT: loaded 1bb17fcc
09-23 20:15:13.689 I/godot   (19289): [BAKE] Disk cache HIT: loaded 0e59d97b
09-23 20:15:13.693 I/godot   (19289): [BAKE] Disk cache HIT: loaded dd5561a2
09-23 20:15:13.697 I/godot   (19289): [BAKE] Disk cache HIT: loaded 2fcb0c53
09-23 20:15:13.700 I/godot   (19289): [BAKE] Disk cache HIT: loaded 841bbfa4
09-23 20:15:13.703 I/godot   (19289): [BAKE] Disk cache HIT: loaded 269bba47
09-23 20:15:13.706 I/godot   (19289): [BAKE] Disk cache HIT: loaded b5135fd6
09-23 20:15:13.710 I/godot   (19289): [BAKE] Disk cache HIT: loaded b57a4af9
09-23 20:15:13.713 I/godot   (19289): [BAKE] Disk cache HIT: loaded e5a9a719
09-23 20:15:13.717 I/godot   (19289): [BAKE] Disk cache HIT: loaded 98fe5cd8
09-23 20:15:13.722 I/godot   (19289): [BAKE] Disk cache HIT: loaded 64addbe7
09-23 20:15:13.725 I/godot   (19289): [BAKE] Disk cache HIT: loaded 0146d99f
09-23 20:15:13.728 I/godot   (19289): [BAKE] Disk cache HIT: loaded af20e0ce
09-23 20:15:13.732 I/godot   (19289): [BAKE] Disk cache HIT: loaded 23fc09b1
09-23 20:15:13.736 I/godot   (19289): [BAKE] Disk cache HIT: loaded 7fa109ba
09-23 20:15:13.740 I/godot   (19289): [BAKE] Disk cache HIT: loaded d12931cb
09-23 20:15:13.743 I/godot   (19289): [BAKE] Disk cache HIT: loaded 8667fedc
09-23 20:15:13.746 I/godot   (19289): [BAKE] Disk cache HIT: loaded 9ef68c64
09-23 20:15:13.750 I/godot   (19289): [BAKE] Disk cache HIT: loaded 75ef1155
09-23 20:15:13.754 I/godot   (19289): [BAKE] Disk cache HIT: loaded f8302e62
09-23 20:15:13.758 I/godot   (19289): [BAKE] Disk cache HIT: loaded 559ffcc2
09-23 20:15:13.761 I/godot   (19289): [BAKE] Disk cache HIT: loaded ff90aff3
09-23 20:15:13.765 I/godot   (19289): [BAKE] Disk cache HIT: loaded 815da8c4
09-23 20:15:13.769 I/godot   (19289): [BAKE] Disk cache HIT: loaded dd0a683d
09-23 20:15:13.772 I/godot   (19289): [BAKE] Disk cache HIT: loaded 4a5679ac
09-23 20:15:13.775 I/godot   (19289): [BAKE] Disk cache HIT: loaded 15b646db
09-23 20:15:13.779 I/godot   (19289): [BAKE] Disk cache HIT: loaded d973c668
09-23 20:15:13.782 I/godot   (19289): [BAKE] Disk cache HIT: loaded 7f751e69
09-23 20:15:13.785 I/godot   (19289): [BAKE] Disk cache HIT: loaded b2fc50c6
09-23 20:15:13.789 I/godot   (19289): [BAKE] Disk cache HIT: loaded 01598f48
09-23 20:15:13.792 I/godot   (19289): [BAKE] Disk cache HIT: loaded cd663f49
09-23 20:15:13.796 I/godot   (19289): [BAKE] Disk cache HIT: loaded 80eca826
09-23 20:15:13.799 I/godot   (19289): [BAKE] Disk cache MISS: file not found /data/data/com.example.infiltraitor/files/damage_atom_cache/dc910c0e.bin
09-23 20:15:13.801 I/godot   (19289): [BAKE] Disk cache MISS: file not found /data/data/com.example.infiltraitor/files/damage_atom_cache/2eb704df.bin
09-23 20:15:13.804 I/godot   (19289): [BAKE] Disk cache MISS: file not found /data/data/com.example.infiltraitor/files/damage_atom_cache/635737b0.bin
09-23 20:15:13.806 I/godot   (19289): [BAKE] Disk cache MISS: file not found /data/data/com.example.infiltraitor/files/damage_atom_cache/96667239.bin
09-23 20:15:13.809 I/godot   (19289): [BAKE] Disk cache MISS: file not found /data/data/com.example.infiltraitor/files/damage_atom_cache/6954a7f8.bin
09-23 20:15:13.811 I/godot   (19289): [BAKE] Disk cache MISS: file not found /data/data/com.example.infiltraitor/files/damage_atom_cache/aecfa487.bin
09-23 20:15:13.813 I/godot   (19289): [BAKE] Disk cache MISS: file not found /data/data/com.example.infiltraitor/files/damage_atom_cache/b6e72c0c.bin
09-23 20:15:13.816 I/godot   (19289): [BAKE] Disk cache MISS: file not found /data/data/com.example.infiltraitor/files/damage_atom_cache/d641751d.bin
09-23 20:15:13.819 I/godot   (19289): [BAKE] Disk cache MISS: file not found /data/data/com.example.infiltraitor/files/damage_atom_cache/3021006a.bin
09-23 20:15:13.822 I/godot   (19289): [BAKE] Disk cache MISS: file not found /data/data/com.example.infiltraitor/files/damage_atom_cache/3c0a4a83.bin
09-23 20:15:13.824 I/godot   (19289): [BAKE] Disk cache MISS: file not found /data/data/com.example.infiltraitor/files/damage_atom_cache/e9949fd2.bin
09-23 20:15:13.826 I/godot   (19289): [BAKE] Disk cache MISS: file not found /data/data/com.example.infiltraitor/files/damage_atom_cache/8e9a7c45.bin
09-23 20:15:13.829 I/godot   (19289): [BAKE] Disk cache MISS: file not found /data/data/com.example.infiltraitor/files/damage_atom_cache/96667239.bin
09-23 20:15:13.832 I/godot   (19289): [BAKE] Disk cache MISS: file not found /data/data/com.example.infiltraitor/files/damage_atom_cache/6954a7f8.bin
09-23 20:15:13.834 I/godot   (19289): [BAKE] Disk cache MISS: file not found /data/data/com.example.infiltraitor/files/damage_atom_cache/aecfa487.bin
09-23 20:15:13.837 I/godot   (19289): [BAKE] Disk cache MISS: file not found /data/data/com.example.infiltraitor/files/damage_atom_cache/b6e72c0c.bin
09-23 20:15:13.839 I/godot   (19289): [BAKE] Disk cache MISS: file not found /data/data/com.example.infiltraitor/files/damage_atom_cache/d641751d.bin
09-23 20:15:13.841 I/godot   (19289): [BAKE] Disk cache MISS: file not found /data/data/com.example.infiltraitor/files/damage_atom_cache/3021006a.bin
09-23 20:15:13.844 I/godot   (19289): [BAKE] Disk cache MISS: file not found /data/data/com.example.infiltraitor/files/damage_atom_cache/dc910c0e.bin
09-23 20:15:13.846 I/godot   (19289): [BAKE] Disk cache MISS: file not found /data/data/com.example.infiltraitor/files/damage_atom_cache/2eb704df.bin
09-23 20:15:13.849 I/godot   (19289): [BAKE] Disk cache MISS: file not found /data/data/com.example.infiltraitor/files/damage_atom_cache/635737b0.bin
09-23 20:15:13.851 I/godot   (19289): [BAKE] Disk cache MISS: file not found /data/data/com.example.infiltraitor/files/damage_atom_cache/96667239.bin
09-23 20:15:13.854 I/godot   (19289): [BAKE] Disk cache MISS: file not found /data/data/com.example.infiltraitor/files/damage_atom_cache/6954a7f8.bin
09-23 20:15:13.856 I/godot   (19289): [BAKE] Disk cache MISS: file not found /data/data/com.example.infiltraitor/files/damage_atom_cache/aecfa487.bin
09-23 20:15:13.859 I/godot   (19289): [BAKE] Disk cache MISS: file not found /data/data/com.example.infiltraitor/files/damage_atom_cache/b6e72c0c.bin
09-23 20:15:13.861 I/godot   (19289): [BAKE] Disk cache MISS: file not found /data/data/com.example.infiltraitor/files/damage_atom_cache/d641751d.bin
09-23 20:15:13.864 I/godot   (19289): [BAKE] Disk cache MISS: file not found /data/data/com.example.infiltraitor/files/damage_atom_cache/3021006a.bin
09-23 20:15:13.866 I/godot   (19289): [BAKE] Disk cache MISS: file not found /data/data/com.example.infiltraitor/files/damage_atom_cache/3c0a4a83.bin
09-23 20:15:13.869 I/godot   (19289): [BAKE] Disk cache MISS: file not found /data/data/com.example.infiltraitor/files/damage_atom_cache/e9949fd2.bin
09-23 20:15:13.872 I/godot   (19289): [BAKE] Disk cache MISS: file not found /data/data/com.example.infiltraitor/files/damage_atom_cache/8e9a7c45.bin
09-23 20:15:13.874 I/godot   (19289): [BAKE] Disk cache MISS: file not found /data/data/com.example.infiltraitor/files/damage_atom_cache/96667239.bin
09-23 20:15:13.876 I/godot   (19289): [BAKE] Disk cache MISS: file not found /data/data/com.example.infiltraitor/files/damage_atom_cache/6954a7f8.bin
09-23 20:15:13.878 I/godot   (19289): [BAKE] Disk cache MISS: file not found /data/data/com.example.infiltraitor/files/damage_atom_cache/aecfa487.bin
09-23 20:15:13.881 I/godot   (19289): [BAKE] Disk cache MISS: file not found /data/data/com.example.infiltraitor/files/damage_atom_cache/b6e72c0c.bin
09-23 20:15:13.883 I/godot   (19289): [BAKE] Disk cache MISS: file not found /data/data/com.example.infiltraitor/files/damage_atom_cache/d641751d.bin
09-23 20:15:13.885 I/godot   (19289): [BAKE] Disk cache MISS: file not found /data/data/com.example.infiltraitor/files/damage_atom_cache/3021006a.bin
09-23 20:15:13.887 I/godot   (19289): [BAKE] Disk cache MISS: file not found /data/data/com.example.infiltraitor/files/damage_atom_cache/dc910c0e.bin
09-23 20:15:13.889 I/godot   (19289): [BAKE] Disk cache MISS: file not found /data/data/com.example.infiltraitor/files/damage_atom_cache/2eb704df.bin
09-23 20:15:13.892 I/godot   (19289): [BAKE] Disk cache MISS: file not found /data/data/com.example.infiltraitor/files/damage_atom_cache/635737b0.bin
09-23 20:15:13.894 I/godot   (19289): [BAKE] Disk cache MISS: file not found /data/data/com.example.infiltraitor/files/damage_atom_cache/96667239.bin
09-23 20:15:13.897 I/godot   (19289): [BAKE] Disk cache MISS: file not found /data/data/com.example.infiltraitor/files/damage_atom_cache/6954a7f8.bin
09-23 20:15:13.899 I/godot   (19289): [BAKE] Disk cache MISS: file not found /data/data/com.example.infiltraitor/files/damage_atom_cache/aecfa487.bin
09-23 20:15:13.902 I/godot   (19289): [BAKE] Disk cache MISS: file not found /data/data/com.example.infiltraitor/files/damage_atom_cache/b6e72c0c.bin
09-23 20:15:13.904 I/godot   (19289): [BAKE] Disk cache MISS: file not found /data/data/com.example.infiltraitor/files/damage_atom_cache/d641751d.bin
09-23 20:15:13.906 I/godot   (19289): [BAKE] Disk cache MISS: file not found /data/data/com.example.infiltraitor/files/damage_atom_cache/3021006a.bin
09-23 20:15:13.908 I/godot   (19289): [BAKE] Disk cache MISS: file not found /data/data/com.example.infiltraitor/files/damage_atom_cache/3c0a4a83.bin
09-23 20:15:13.911 I/godot   (19289): [BAKE] Disk cache MISS: file not found /data/data/com.example.infiltraitor/files/damage_atom_cache/e9949fd2.bin
09-23 20:15:13.913 I/godot   (19289): [BAKE] Disk cache MISS: file not found /data/data/com.example.infiltraitor/files/damage_atom_cache/8e9a7c45.bin
09-23 20:15:13.917 I/godot   (19289): [BAKE] Disk cache MISS: file not found /data/data/com.example.infiltraitor/files/damage_atom_cache/96667239.bin
09-23 20:15:13.919 I/godot   (19289): [BAKE] Disk cache MISS: file not found /data/data/com.example.infiltraitor/files/damage_atom_cache/6954a7f8.bin
09-23 20:15:13.922 I/godot   (19289): [BAKE] Disk cache MISS: file not found /data/data/com.example.infiltraitor/files/damage_atom_cache/aecfa487.bin
09-23 20:15:13.925 I/godot   (19289): [BAKE] Disk cache MISS: file not found /data/data/com.example.infiltraitor/files/damage_atom_cache/b6e72c0c.bin
09-23 20:15:13.927 I/godot   (19289): [BAKE] Disk cache MISS: file not found /data/data/com.example.infiltraitor/files/damage_atom_cache/d641751d.bin
09-23 20:15:13.931 I/godot   (19289): [BAKE] Disk cache MISS: file not found /data/data/com.example.infiltraitor/files/damage_atom_cache/3021006a.bin
09-23 20:15:13.934 I/godot   (19289): [BAKE] Disk cache MISS: file not found /data/data/com.example.infiltraitor/files/damage_atom_cache/fa046aa8.bin
09-23 20:15:13.938 I/godot   (19289): [BAKE] Disk cache MISS: file not found /data/data/com.example.infiltraitor/files/damage_atom_cache/474d85a9.bin
09-23 20:15:13.940 I/godot   (19289): [BAKE] Disk cache MISS: file not found /data/data/com.example.infiltraitor/files/damage_atom_cache/a74de406.bin
09-23 20:15:13.944 I/godot   (19289): [BAKE] Disk cache MISS: file not found /data/data/com.example.infiltraitor/files/damage_atom_cache/112c1c4b.bin
09-23 20:15:13.947 I/godot   (19289): [BAKE] Disk cache MISS: file not found /data/data/com.example.infiltraitor/files/damage_atom_cache/bfa3f43a.bin
09-23 20:15:13.951 I/godot   (19289): [BAKE] Disk cache MISS: file not found /data/data/com.example.infiltraitor/files/damage_atom_cache/d8803dad.bin
09-23 20:15:13.957 I/godot   (19289): [BAKE] Disk cache MISS: file not found /data/data/com.example.infiltraitor/files/damage_atom_cache/bd68f70e.bin
09-23 20:15:13.960 I/godot   (19289): [BAKE] Disk cache MISS: file not found /data/data/com.example.infiltraitor/files/damage_atom_cache/0f8eefdf.bin
09-23 20:15:13.962 I/godot   (19289): [BAKE] Disk cache MISS: file not found /data/data/com.example.infiltraitor/files/damage_atom_cache/442f22b0.bin
09-23 20:15:13.965 I/godot   (19289): [BAKE] Disk cache MISS: file not found /data/data/com.example.infiltraitor/files/damage_atom_cache/6b0acc9d.bin
09-23 20:15:13.967 I/godot   (19289): [BAKE] Disk cache MISS: file not found /data/data/com.example.infiltraitor/files/damage_atom_cache/4bb0838c.bin
09-23 20:15:13.969 I/godot   (19289): [BAKE] Disk cache MISS: file not found /data/data/com.example.infiltraitor/files/damage_atom_cache/97111a3b.bin
09-23 20:15:13.972 I/godot   (19289): [BAKE] Disk cache MISS: file not found /data/data/com.example.infiltraitor/files/damage_atom_cache/112c1c4b.bin
09-23 20:15:13.974 I/godot   (19289): [BAKE] Disk cache MISS: file not found /data/data/com.example.infiltraitor/files/damage_atom_cache/bfa3f43a.bin
09-23 20:15:13.976 I/godot   (19289): [BAKE] Disk cache MISS: file not found /data/data/com.example.infiltraitor/files/damage_atom_cache/d8803dad.bin
09-23 20:15:13.978 I/godot   (19289): [BAKE] Disk cache MISS: file not found /data/data/com.example.infiltraitor/files/damage_atom_cache/bd68f70e.bin
09-23 20:15:13.980 I/godot   (19289): [BAKE] Disk cache MISS: file not found /data/data/com.example.infiltraitor/files/damage_atom_cache/0f8eefdf.bin
09-23 20:15:13.983 I/godot   (19289): [BAKE] Disk cache MISS: file not found /data/data/com.example.infiltraitor/files/damage_atom_cache/442f22b0.bin
09-23 20:15:13.985 I/godot   (19289): [BAKE] Disk cache MISS: file not found /data/data/com.example.infiltraitor/files/damage_atom_cache/fa046aa8.bin
09-23 20:15:13.987 I/godot   (19289): [BAKE] Disk cache MISS: file not found /data/data/com.example.infiltraitor/files/damage_atom_cache/474d85a9.bin
09-23 20:15:13.990 I/godot   (19289): [BAKE] Disk cache MISS: file not found /data/data/com.example.infiltraitor/files/damage_atom_cache/a74de406.bin
09-23 20:15:13.992 I/godot   (19289): [BAKE] Disk cache MISS: file not found /data/data/com.example.infiltraitor/files/damage_atom_cache/112c1c4b.bin
09-23 20:15:13.995 I/godot   (19289): [BAKE] Disk cache MISS: file not found /data/data/com.example.infiltraitor/files/damage_atom_cache/bfa3f43a.bin
09-23 20:15:13.998 I/godot   (19289): [BAKE] Disk cache MISS: file not found /data/data/com.example.infiltraitor/files/damage_atom_cache/d8803dad.bin
09-23 20:15:14.000 I/godot   (19289): [BAKE] Disk cache MISS: file not found /data/data/com.example.infiltraitor/files/damage_atom_cache/bd68f70e.bin
09-23 20:15:14.002 I/godot   (19289): [BAKE] Disk cache MISS: file not found /data/data/com.example.infiltraitor/files/damage_atom_cache/0f8eefdf.bin
09-23 20:15:14.005 I/godot   (19289): [BAKE] Disk cache MISS: file not found /data/data/com.example.infiltraitor/files/damage_atom_cache/442f22b0.bin
09-23 20:15:14.007 I/godot   (19289): [BAKE] Disk cache MISS: file not found /data/data/com.example.infiltraitor/files/damage_atom_cache/6b0acc9d.bin
09-23 20:15:14.009 I/godot   (19289): [BAKE] Disk cache MISS: file not found /data/data/com.example.infiltraitor/files/damage_atom_cache/4bb0838c.bin
09-23 20:15:14.011 I/godot   (19289): [BAKE] Disk cache MISS: file not found /data/data/com.example.infiltraitor/files/damage_atom_cache/97111a3b.bin
09-23 20:15:14.013 I/godot   (19289): [BAKE] Disk cache MISS: file not found /data/data/com.example.infiltraitor/files/damage_atom_cache/112c1c4b.bin
09-23 20:15:14.016 I/godot   (19289): [BAKE] Disk cache MISS: file not found /data/data/com.example.infiltraitor/files/damage_atom_cache/bfa3f43a.bin
09-23 20:15:14.017 I/godot   (19289): [BAKE] Disk cache MISS: file not found /data/data/com.example.infiltraitor/files/damage_atom_cache/d8803dad.bin
09-23 20:15:14.019 I/godot   (19289): [BAKE] Disk cache MISS: file not found /data/data/com.example.infiltraitor/files/damage_atom_cache/bd68f70e.bin
09-23 20:15:14.021 I/godot   (19289): [BAKE] Disk cache MISS: file not found /data/data/com.example.infiltraitor/files/damage_atom_cache/0f8eefdf.bin
09-23 20:15:14.022 I/godot   (19289): [BAKE] Disk cache MISS: file not found /data/data/com.example.infiltraitor/files/damage_atom_cache/442f22b0.bin
09-23 20:15:14.024 I/godot   (19289): [BAKE] Disk cache MISS: file not found /data/data/com.example.infiltraitor/files/damage_atom_cache/fa046aa8.bin
09-23 20:15:14.025 I/godot   (19289): [BAKE] Disk cache MISS: file not found /data/data/com.example.infiltraitor/files/damage_atom_cache/474d85a9.bin
09-23 20:15:14.027 I/godot   (19289): [BAKE] Disk cache MISS: file not found /data/data/com.example.infiltraitor/files/damage_atom_cache/a74de406.bin
09-23 20:15:14.029 I/godot   (19289): [BAKE] Disk cache MISS: file not found /data/data/com.example.infiltraitor/files/damage_atom_cache/112c1c4b.bin
09-23 20:15:14.031 I/godot   (19289): [BAKE] Disk cache MISS: file not found /data/data/com.example.infiltraitor/files/damage_atom_cache/bfa3f43a.bin
09-23 20:15:14.032 I/godot   (19289): [BAKE] Disk cache MISS: file not found /data/data/com.example.infiltraitor/files/damage_atom_cache/d8803dad.bin
09-23 20:15:14.034 I/godot   (19289): [BAKE] Disk cache MISS: file not found /data/data/com.example.infiltraitor/files/damage_atom_cache/bd68f70e.bin
09-23 20:15:14.036 I/godot   (19289): [BAKE] Disk cache MISS: file not found /data/data/com.example.infiltraitor/files/damage_atom_cache/0f8eefdf.bin
09-23 20:15:14.038 I/godot   (19289): [BAKE] Disk cache MISS: file not found /data/data/com.example.infiltraitor/files/damage_atom_cache/442f22b0.bin
09-23 20:15:14.040 I/godot   (19289): [BAKE] Disk cache MISS: file not found /data/data/com.example.infiltraitor/files/damage_atom_cache/6b0acc9d.bin
09-23 20:15:14.042 I/godot   (19289): [BAKE] Disk cache MISS: file not found /data/data/com.example.infiltraitor/files/damage_atom_cache/4bb0838c.bin
09-23 20:15:14.043 I/godot   (19289): [BAKE] Disk cache MISS: file not found /data/data/com.example.infiltraitor/files/damage_atom_cache/97111a3b.bin
09-23 20:15:14.045 I/godot   (19289): [BAKE] Disk cache MISS: file not found /data/data/com.example.infiltraitor/files/damage_atom_cache/112c1c4b.bin
09-23 20:15:14.047 I/godot   (19289): [BAKE] Disk cache MISS: file not found /data/data/com.example.infiltraitor/files/damage_atom_cache/bfa3f43a.bin
09-23 20:15:14.049 I/godot   (19289): [BAKE] Disk cache MISS: file not found /data/data/com.example.infiltraitor/files/damage_atom_cache/d8803dad.bin
09-23 20:15:14.051 I/godot   (19289): [BAKE] Disk cache MISS: file not found /data/data/com.example.infiltraitor/files/damage_atom_cache/bd68f70e.bin
09-23 20:15:14.053 I/godot   (19289): [BAKE] Disk cache MISS: file not found /data/data/com.example.infiltraitor/files/damage_atom_cache/0f8eefdf.bin
09-23 20:15:14.055 I/godot   (19289): [BAKE] Disk cache MISS: file not found /data/data/com.example.infiltraitor/files/damage_atom_cache/442f22b0.bin
09-23 20:15:14.057 I/godot   (19289): [BAKE] Disk cache MISS: file not found /data/data/com.example.infiltraitor/files/damage_atom_cache/b5a59a96.bin
09-23 20:15:14.059 I/godot   (19289): [BAKE] Disk cache MISS: file not found /data/data/com.example.infiltraitor/files/damage_atom_cache/272df507.bin
09-23 20:15:14.061 I/godot   (19289): [BAKE] Disk cache MISS: file not found /data/data/com.example.infiltraitor/files/damage_atom_cache/e1b2f878.bin
09-23 20:15:14.064 I/godot   (19289): [BAKE] Disk cache MISS: file not found /data/data/com.example.infiltraitor/files/damage_atom_cache/599485d1.bin
09-23 20:15:14.066 I/godot   (19289): [BAKE] Disk cache MISS: file not found /data/data/com.example.infiltraitor/files/damage_atom_cache/7963e110.bin
09-23 20:15:14.068 I/godot   (19289): [BAKE] Disk cache MISS: file not found /data/data/com.example.infiltraitor/files/damage_atom_cache/44c3ae3f.bin
09-23 20:15:14.070 I/godot   (19289): [BAKE] Disk cache MISS: file not found /data/data/com.example.infiltraitor/files/damage_atom_cache/944190b4.bin
09-23 20:15:14.072 I/godot   (19289): [BAKE] Disk cache MISS: file not found /data/data/com.example.infiltraitor/files/damage_atom_cache/92810f25.bin
09-23 20:15:14.074 I/godot   (19289): [BAKE] Disk cache MISS: file not found /data/data/com.example.infiltraitor/files/damage_atom_cache/413b5832.bin
09-23 20:15:14.077 I/godot   (19289): [BAKE] Disk cache MISS: file not found /data/data/com.example.infiltraitor/files/damage_atom_cache/803e17eb.bin
09-23 20:15:14.079 I/godot   (19289): [BAKE] Disk cache MISS: file not found /data/data/com.example.infiltraitor/files/damage_atom_cache/ad7984da.bin
09-23 20:15:14.081 I/godot   (19289): [BAKE] Disk cache MISS: file not found /data/data/com.example.infiltraitor/files/damage_atom_cache/d43893cd.bin
09-23 20:15:14.084 I/godot   (19289): [BAKE] Disk cache MISS: file not found /data/data/com.example.infiltraitor/files/damage_atom_cache/599485d1.bin
09-23 20:15:14.085 I/godot   (19289): [BAKE] Disk cache MISS: file not found /data/data/com.example.infiltraitor/files/damage_atom_cache/7963e110.bin
09-23 20:15:14.087 I/godot   (19289): [BAKE] Disk cache MISS: file not found /data/data/com.example.infiltraitor/files/damage_atom_cache/44c3ae3f.bin
09-23 20:15:14.089 I/godot   (19289): [BAKE] Disk cache MISS: file not found /data/data/com.example.infiltraitor/files/damage_atom_cache/944190b4.bin
09-23 20:15:14.091 I/godot   (19289): [BAKE] Disk cache MISS: file not found /data/data/com.example.infiltraitor/files/damage_atom_cache/92810f25.bin
09-23 20:15:14.093 I/godot   (19289): [BAKE] Disk cache MISS: file not found /data/data/com.example.infiltraitor/files/damage_atom_cache/413b5832.bin
09-23 20:15:14.095 I/godot   (19289): [BAKE] Disk cache MISS: file not found /data/data/com.example.infiltraitor/files/damage_atom_cache/b5a59a96.bin
09-23 20:15:14.097 I/godot   (19289): [BAKE] Disk cache MISS: file not found /data/data/com.example.infiltraitor/files/damage_atom_cache/272df507.bin
09-23 20:15:14.098 I/godot   (19289): [BAKE] Disk cache MISS: file not found /data/data/com.example.infiltraitor/files/damage_atom_cache/e1b2f878.bin
09-23 20:15:14.100 I/godot   (19289): [BAKE] Disk cache MISS: file not found /data/data/com.example.infiltraitor/files/damage_atom_cache/599485d1.bin
09-23 20:15:14.102 I/godot   (19289): [BAKE] Disk cache MISS: file not found /data/data/com.example.infiltraitor/files/damage_atom_cache/7963e110.bin
09-23 20:15:14.103 I/godot   (19289): [BAKE] Disk cache MISS: file not found /data/data/com.example.infiltraitor/files/damage_atom_cache/44c3ae3f.bin
09-23 20:15:14.105 I/godot   (19289): [BAKE] Disk cache MISS: file not found /data/data/com.example.infiltraitor/files/damage_atom_cache/944190b4.bin
09-23 20:15:14.106 I/godot   (19289): [BAKE] Disk cache MISS: file not found /data/data/com.example.infiltraitor/files/damage_atom_cache/92810f25.bin
09-23 20:15:14.108 I/godot   (19289): [BAKE] Disk cache MISS: file not found /data/data/com.example.infiltraitor/files/damage_atom_cache/413b5832.bin
09-23 20:15:14.110 I/godot   (19289): [BAKE] Disk cache MISS: file not found /data/data/com.example.infiltraitor/files/damage_atom_cache/803e17eb.bin
09-23 20:15:14.111 I/godot   (19289): [BAKE] Disk cache MISS: file not found /data/data/com.example.infiltraitor/files/damage_atom_cache/ad7984da.bin
09-23 20:15:14.113 I/godot   (19289): [BAKE] Disk cache MISS: file not found /data/data/com.example.infiltraitor/files/damage_atom_cache/d43893cd.bin
09-23 20:15:14.115 I/godot   (19289): [BAKE] Disk cache MISS: file not found /data/data/com.example.infiltraitor/files/damage_atom_cache/599485d1.bin
09-23 20:15:14.116 I/godot   (19289): [BAKE] Disk cache MISS: file not found /data/data/com.example.infiltraitor/files/damage_atom_cache/7963e110.bin
09-23 20:15:14.118 I/godot   (19289): [BAKE] Disk cache MISS: file not found /data/data/com.example.infiltraitor/files/damage_atom_cache/44c3ae3f.bin
09-23 20:15:14.120 I/godot   (19289): [BAKE] Disk cache MISS: file not found /data/data/com.example.infiltraitor/files/damage_atom_cache/944190b4.bin
09-23 20:15:14.121 I/godot   (19289): [BAKE] Disk cache MISS: file not found /data/data/com.example.infiltraitor/files/damage_atom_cache/92810f25.bin
09-23 20:15:14.123 I/godot   (19289): [BAKE] Disk cache MISS: file not found /data/data/com.example.infiltraitor/files/damage_atom_cache/413b5832.bin
09-23 20:15:14.125 I/godot   (19289): [BAKE] Disk cache MISS: file not found /data/data/com.example.infiltraitor/files/damage_atom_cache/b5a59a96.bin
09-23 20:15:14.126 I/godot   (19289): [BAKE] Disk cache MISS: file not found /data/data/com.example.infiltraitor/files/damage_atom_cache/272df507.bin
09-23 20:15:14.128 I/godot   (19289): [BAKE] Disk cache MISS: file not found /data/data/com.example.infiltraitor/files/damage_atom_cache/e1b2f878.bin
09-23 20:15:14.130 I/godot   (19289): [BAKE] Disk cache MISS: file not found /data/data/com.example.infiltraitor/files/damage_atom_cache/599485d1.bin
09-23 20:15:14.131 I/godot   (19289): [BAKE] Disk cache MISS: file not found /data/data/com.example.infiltraitor/files/damage_atom_cache/7963e110.bin
09-23 20:15:14.133 I/godot   (19289): [BAKE] Disk cache MISS: file not found /data/data/com.example.infiltraitor/files/damage_atom_cache/44c3ae3f.bin
09-23 20:15:14.134 I/godot   (19289): [BAKE] Disk cache MISS: file not found /data/data/com.example.infiltraitor/files/damage_atom_cache/944190b4.bin
09-23 20:15:14.136 I/godot   (19289): [BAKE] Disk cache MISS: file not found /data/data/com.example.infiltraitor/files/damage_atom_cache/92810f25.bin
09-23 20:15:14.138 I/godot   (19289): [BAKE] Disk cache MISS: file not found /data/data/com.example.infiltraitor/files/damage_atom_cache/413b5832.bin
09-23 20:15:14.140 I/godot   (19289): [BAKE] Disk cache MISS: file not found /data/data/com.example.infiltraitor/files/damage_atom_cache/803e17eb.bin
09-23 20:15:14.142 I/godot   (19289): [BAKE] Disk cache MISS: file not found /data/data/com.example.infiltraitor/files/damage_atom_cache/ad7984da.bin
09-23 20:15:14.144 I/godot   (19289): [BAKE] Disk cache MISS: file not found /data/data/com.example.infiltraitor/files/damage_atom_cache/d43893cd.bin
09-23 20:15:14.145 I/godot   (19289): [BAKE] Disk cache MISS: file not found /data/data/com.example.infiltraitor/files/damage_atom_cache/599485d1.bin
09-23 20:15:14.147 I/godot   (19289): [BAKE] Disk cache MISS: file not found /data/data/com.example.infiltraitor/files/damage_atom_cache/7963e110.bin
09-23 20:15:14.149 I/godot   (19289): [BAKE] Disk cache MISS: file not found /data/data/com.example.infiltraitor/files/damage_atom_cache/44c3ae3f.bin
09-23 20:15:14.151 I/godot   (19289): [BAKE] Disk cache MISS: file not found /data/data/com.example.infiltraitor/files/damage_atom_cache/944190b4.bin
09-23 20:15:14.152 I/godot   (19289): [BAKE] Disk cache MISS: file not found /data/data/com.example.infiltraitor/files/damage_atom_cache/92810f25.bin
09-23 20:15:14.154 I/godot   (19289): [BAKE] Disk cache MISS: file not found /data/data/com.example.infiltraitor/files/damage_atom_cache/413b5832.bin
09-23 20:15:14.158 I/godot   (19289): [BAKE] Disk cache HIT: loaded 7c862013
09-23 20:15:14.160 I/godot   (19289): [BAKE] Disk cache HIT: loaded 2a107562
09-23 20:15:14.163 I/godot   (19289): [BAKE] Disk cache HIT: loaded a7cf5855
09-23 20:15:14.166 I/godot   (19289): [BAKE] Disk cache HIT: loaded 558b1132
09-23 20:15:14.169 I/godot   (19289): [BAKE] Disk cache HIT: loaded 530361e3
09-23 20:15:14.171 I/godot   (19289): [BAKE] Disk cache HIT: loaded a89149b4
09-23 20:15:14.174 I/godot   (19289): [BAKE] Disk cache HIT: loaded 0ce26ecd
09-23 20:15:14.178 I/godot   (19289): [BAKE] Disk cache HIT: loaded 6ce98b7c
09-23 20:15:14.181 I/godot   (19289): [BAKE] Disk cache HIT: loaded b8e7f2eb
09-23 20:15:14.184 I/godot   (19289): [BAKE] Disk cache HIT: loaded 452e18ad
09-23 20:15:14.186 I/godot   (19289): [BAKE] Disk cache HIT: loaded 3318c45c
09-23 20:15:14.189 I/godot   (19289): [BAKE] Disk cache HIT: loaded 7dd9f74b
09-23 20:15:14.192 I/godot   (19289): [BAKE] Disk cache HIT: loaded 0ba3e4b4
09-23 20:15:14.195 I/godot   (19289): [BAKE] Disk cache HIT: loaded 09e36325
09-23 20:15:14.198 I/godot   (19289): [BAKE] Disk cache HIT: loaded b89dac32
09-23 20:15:14.200 I/godot   (19289): [BAKE] Disk cache HIT: loaded 8bedfaf3
09-23 20:15:14.203 I/godot   (19289): [BAKE] Disk cache HIT: loaded e1fd47c2
09-23 20:15:14.206 I/godot   (19289): [BAKE] Disk cache HIT: loaded dfbb6135
09-23 20:15:14.209 I/godot   (19289): [BAKE] Disk cache HIT: loaded 34f32541
09-23 20:15:14.212 I/godot   (19289): [BAKE] Disk cache HIT: loaded 6ec48540
09-23 20:15:14.215 I/godot   (19289): [BAKE] Disk cache HIT: loaded c76a10af
09-23 20:15:14.218 I/godot   (19289): [BAKE] Disk cache HIT: loaded d3f60018
09-23 20:15:14.221 I/godot   (19289): [BAKE] Disk cache HIT: loaded 20a14a59
09-23 20:15:14.224 I/godot   (19289): [BAKE] Disk cache HIT: loaded ace0b9b6
09-23 20:15:14.227 I/godot   (19289): [BAKE] Disk cache HIT: loaded f7198937
09-23 20:15:14.230 I/godot   (19289): [BAKE] Disk cache HIT: loaded 58b44d06
09-23 20:15:14.232 I/godot   (19289): [BAKE] Disk cache HIT: loaded f8b3eea9
09-23 20:15:14.236 I/godot   (19289): [BAKE] Disk cache HIT: loaded 38eb88c7
09-23 20:15:14.239 I/godot   (19289): [BAKE] Disk cache HIT: loaded c7632e56
09-23 20:15:14.241 I/godot   (19289): [BAKE] Disk cache HIT: loaded c7ca1979
09-23 20:15:14.245 I/godot   (19289): [BAKE] Disk cache HIT: loaded a72abf26
09-23 20:15:14.248 I/godot   (19289): [BAKE] Disk cache HIT: loaded f209f0d7
09-23 20:15:14.250 I/godot   (19289): [BAKE] Disk cache HIT: loaded 2797a648
09-23 20:15:14.253 I/godot   (19289): [BAKE] Disk cache HIT: loaded f8ff0191
09-23 20:15:14.256 I/godot   (19289): [BAKE] Disk cache HIT: loaded 18ce5cd0
09-23 20:15:14.259 I/godot   (19289): [BAKE] Disk cache HIT: loaded 8b75ecff
09-23 20:15:14.261 I/godot   (19289): [BAKE] Disk cache HIT: loaded 5efcfd35
09-23 20:15:14.264 I/godot   (19289): [BAKE] Disk cache HIT: loaded 8cfc8fc4
09-23 20:15:14.267 I/godot   (19289): [BAKE] Disk cache HIT: loaded 0b2f96f3
09-23 20:15:14.270 I/godot   (19289): [BAKE] Disk cache HIT: loaded 92cecfdc
09-23 20:15:14.273 I/godot   (19289): [BAKE] Disk cache HIT: loaded a4e4242d
09-23 20:15:14.276 I/godot   (19289): [BAKE] Disk cache HIT: loaded 8c07daba
09-23 20:15:14.279 I/godot   (19289): [BAKE] Disk cache HIT: loaded dfa711db
09-23 20:15:14.282 I/godot   (19289): [BAKE] Disk cache HIT: loaded 0d804f8a
09-23 20:15:14.285 I/godot   (19289): [BAKE] Disk cache HIT: loaded a6fb333d
09-23 20:15:14.288 I/godot   (19289): [BAKE] Disk cache HIT: loaded 42ba5c0b
09-23 20:15:14.290 I/godot   (19289): [BAKE] Disk cache HIT: loaded 6c3ae5fa
09-23 20:15:14.293 I/godot   (19289): [BAKE] Disk cache HIT: loaded 0a0e7d6d
09-23 20:15:14.297 I/godot   (19289): [BAKE] Disk cache HIT: loaded edb35aca
09-23 20:15:14.301 I/godot   (19289): [BAKE] Disk cache HIT: loaded bfda1d1b
09-23 20:15:14.305 I/godot   (19289): [BAKE] Disk cache HIT: loaded 20b960ec
09-23 20:15:14.310 I/godot   (19289): [BAKE] Disk cache HIT: loaded c2104765
09-23 20:15:14.314 I/godot   (19289): [BAKE] Disk cache HIT: loaded c3d0c8f4
09-23 20:15:14.318 I/godot   (19289): [BAKE] Disk cache HIT: loaded 158aa423
09-23 20:15:14.322 I/godot   (19289): [BAKE] Disk cache HIT: loaded 68b1ffea
09-23 20:15:14.325 I/godot   (19289): [BAKE] Disk cache HIT: loaded 3ad8c23b
09-23 20:15:14.328 I/godot   (19289): [BAKE] Disk cache HIT: loaded ef782b8c
09-23 20:15:14.331 I/godot   (19289): [BAKE] Disk cache HIT: loaded 6363eeab
09-23 20:15:14.335 I/godot   (19289): [BAKE] Disk cache HIT: loaded 909f5b9a
09-23 20:15:14.338 I/godot   (19289): [BAKE] Disk cache HIT: loaded 1016a78d
09-23 20:15:14.341 I/godot   (19289): [BAKE] Disk cache HIT: loaded 6e06b52c
09-23 20:15:14.344 I/godot   (19289): [BAKE] Disk cache HIT: loaded 00baa3bd
09-23 20:15:14.346 I/godot   (19289): [BAKE] Disk cache HIT: loaded 673fc00a
09-23 20:15:14.349 I/godot   (19289): [BAKE] Disk cache HIT: loaded cde764b3
09-23 20:15:14.352 I/godot   (19289): [BAKE] Disk cache HIT: loaded 7caeee82
09-23 20:15:14.355 I/godot   (19289): [BAKE] Disk cache HIT: loaded 21b4caf5
09-23 20:15:14.358 I/godot   (19289): [BAKE] Disk cache HIT: loaded 8acdbdd2
09-23 20:15:14.360 I/godot   (19289): [BAKE] Disk cache HIT: loaded dd436883
09-23 20:15:14.363 I/godot   (19289): [BAKE] Disk cache HIT: loaded a4edc154
09-23 20:15:14.366 I/godot   (19289): [BAKE] Disk cache HIT: loaded dfdfbf6d
09-23 20:15:14.369 I/godot   (19289): [BAKE] Disk cache HIT: loaded cdca6b1c
09-23 20:15:14.372 I/godot   (19289): [BAKE] Disk cache HIT: loaded 188b9e0b
09-23 20:15:14.375 I/godot   (19289): [BAKE] Disk cache HIT: loaded 830be869
09-23 20:15:14.378 I/godot   (19289): [BAKE] Disk cache HIT: loaded dd0a9068
09-23 20:15:14.381 I/godot   (19289): [BAKE] Disk cache HIT: loaded 28b945f7
09-23 20:15:14.384 I/godot   (19289): [BAKE] Disk cache HIT: loaded b089f580
09-23 20:15:14.386 I/godot   (19289): [BAKE] Disk cache HIT: loaded 1e005881
09-23 20:15:14.389 I/godot   (19289): [BAKE] Disk cache HIT: loaded b66a245e
09-23 20:15:14.392 I/godot   (19289): [BAKE] Disk cache HIT: loaded b28e52ff
09-23 20:15:14.395 I/godot   (19289): [BAKE] Disk cache HIT: loaded b4287fae
09-23 20:15:14.398 I/godot   (19289): [BAKE] Disk cache HIT: loaded 20176791
09-23 20:15:14.398 I/godot   (19289): [DamageVariantBaker] Baked 447 atoms across 9 declared material(s), 9 floor material(s) in 2417 ms
09-23 20:15:14.412 I/godot   (19289): [ROOM] Uploaded 1 damage-composite page(s) at load in 13 ms — off the first shot's impact frame
09-23 20:15:14.412 I/godot   (19289): [VOXEL] Damage variant registry set (pre-baked variants available)
09-23 20:15:14.412 I/godot   (19289): [ROOM] Initialized damage variant registry (447 atoms)
09-23 20:15:16.459 I/godot   (19289): [VOXEL-STORE] built (map load: PLAYGROUND) — 216104 claim(s) in 2713 container(s), 0 irregular, 672 multi-claim cell(s), 13.59 MB, 1170 ms
09-23 20:15:16.934 I/godot   (19289): [AgentSprite] step (1, 0) draws (0.894427, 0.447214) -> screen SE (fit 1.000) -> frame W
09-23 20:15:16.934 I/godot   (19289): [AgentSprite] step (0, 1) draws (-0.894427, 0.447214) -> screen SW (fit 1.000) -> frame S
09-23 20:15:16.935 I/godot   (19289): [AgentSprite] step (-1, 0) draws (-0.894427, -0.447214) -> screen NW (fit 1.000) -> frame E
09-23 20:15:16.935 I/godot   (19289): [AgentSprite] step (0, -1) draws (0.894427, -0.447214) -> screen NE (fit 1.000) -> frame N
09-23 20:15:16.935 I/godot   (19289): [AgentSprite] head yaw mapping: grid 0 -> yaw 0, handedness -1
09-23 20:15:17.013 I/godot   (19289): [AgentSprite] layer 'head/standing': 24 yaws at 15.0 deg
09-23 20:15:17.094 I/godot   (19289): [AgentSprite] layer 'hat/standing': 24 yaws at 15.0 deg
09-23 20:15:17.199 I/godot   (19289): [AgentSprite] layer 'head/standing': 24 yaws at 15.0 deg
09-23 20:15:17.276 I/godot   (19289): [AgentSprite] layer 'hat/standing': 24 yaws at 15.0 deg
09-23 20:15:17.385 I/godot   (19289): [AgentSprite] layer 'head/standing': 24 yaws at 15.0 deg
09-23 20:15:17.462 I/godot   (19289): [AgentSprite] layer 'hat/standing': 24 yaws at 15.0 deg
09-23 20:15:17.468 I/godot   (19289): [OCC-03] Agent z_index set to 34 (max voxel layer z_index: 33, room size: (46, 24))
09-23 20:15:17.504 I/godot   (19289): [AgentSprite] step (1, 0) draws (0.894427, 0.447214) -> screen SE (fit 1.000) -> frame W
09-23 20:15:17.504 I/godot   (19289): [AgentSprite] step (0, 1) draws (-0.894427, 0.447214) -> screen SW (fit 1.000) -> frame S
09-23 20:15:17.504 I/godot   (19289): [AgentSprite] step (-1, 0) draws (-0.894427, -0.447214) -> screen NW (fit 1.000) -> frame E
09-23 20:15:17.504 I/godot   (19289): [AgentSprite] step (0, -1) draws (0.894427, -0.447214) -> screen NE (fit 1.000) -> frame N
09-23 20:15:17.504 I/godot   (19289): [AgentSprite] head yaw mapping: grid 0 -> yaw 0, handedness -1
09-23 20:15:17.580 I/godot   (19289): [AgentSprite] layer 'head/standing': 24 yaws at 15.0 deg
09-23 20:15:17.611 I/godot   (19289): [AgentSprite] step (1, 0) draws (0.894427, 0.447214) -> screen SE (fit 1.000) -> frame W
09-23 20:15:17.611 I/godot   (19289): [AgentSprite] step (0, 1) draws (-0.894427, 0.447214) -> screen SW (fit 1.000) -> frame S
09-23 20:15:17.611 I/godot   (19289): [AgentSprite] step (-1, 0) draws (-0.894427, -0.447214) -> screen NW (fit 1.000) -> frame E
09-23 20:15:17.611 I/godot   (19289): [AgentSprite] step (0, -1) draws (0.894427, -0.447214) -> screen NE (fit 1.000) -> frame N
09-23 20:15:17.611 I/godot   (19289): [AgentSprite] head yaw mapping: grid 0 -> yaw 0, handedness -1
09-23 20:15:17.685 I/godot   (19289): [AgentSprite] layer 'head/standing': 24 yaws at 15.0 deg
09-23 20:15:17.715 I/godot   (19289): [AgentSprite] step (1, 0) draws (0.894427, 0.447214) -> screen SE (fit 1.000) -> frame W
09-23 20:15:17.715 I/godot   (19289): [AgentSprite] step (0, 1) draws (-0.894427, 0.447214) -> screen SW (fit 1.000) -> frame S
09-23 20:15:17.715 I/godot   (19289): [AgentSprite] step (-1, 0) draws (-0.894427, -0.447214) -> screen NW (fit 1.000) -> frame E
09-23 20:15:17.715 I/godot   (19289): [AgentSprite] step (0, -1) draws (0.894427, -0.447214) -> screen NE (fit 1.000) -> frame N
09-23 20:15:17.715 I/godot   (19289): [AgentSprite] head yaw mapping: grid 0 -> yaw 0, handedness -1
09-23 20:15:17.787 I/godot   (19289): [AgentSprite] layer 'head/standing': 24 yaws at 15.0 deg
09-23 20:15:17.819 I/godot   (19289): [AgentSprite] step (1, 0) draws (0.894427, 0.447214) -> screen SE (fit 1.000) -> frame W
09-23 20:15:17.819 I/godot   (19289): [AgentSprite] step (0, 1) draws (-0.894427, 0.447214) -> screen SW (fit 1.000) -> frame S
09-23 20:15:17.819 I/godot   (19289): [AgentSprite] step (-1, 0) draws (-0.894427, -0.447214) -> screen NW (fit 1.000) -> frame E
09-23 20:15:17.819 I/godot   (19289): [AgentSprite] step (0, -1) draws (0.894427, -0.447214) -> screen NE (fit 1.000) -> frame N
09-23 20:15:17.819 I/godot   (19289): [AgentSprite] head yaw mapping: grid 0 -> yaw 0, handedness -1
09-23 20:15:17.893 I/godot   (19289): [AgentSprite] layer 'head/standing': 24 yaws at 15.0 deg
09-23 20:15:17.925 I/godot   (19289): [AgentSprite] step (1, 0) draws (0.894427, 0.447214) -> screen SE (fit 1.000) -> frame W
09-23 20:15:17.925 I/godot   (19289): [AgentSprite] step (0, 1) draws (-0.894427, 0.447214) -> screen SW (fit 1.000) -> frame S
09-23 20:15:17.925 I/godot   (19289): [AgentSprite] step (-1, 0) draws (-0.894427, -0.447214) -> screen NW (fit 1.000) -> frame E
09-23 20:15:17.925 I/godot   (19289): [AgentSprite] step (0, -1) draws (0.894427, -0.447214) -> screen NE (fit 1.000) -> frame N
09-23 20:15:17.925 I/godot   (19289): [AgentSprite] head yaw mapping: grid 0 -> yaw 0, handedness -1
09-23 20:15:17.999 I/godot   (19289): [AgentSprite] layer 'head/standing': 24 yaws at 15.0 deg
09-23 20:15:18.030 I/godot   (19289): [AgentSprite] step (1, 0) draws (0.894427, 0.447214) -> screen SE (fit 1.000) -> frame W
09-23 20:15:18.030 I/godot   (19289): [AgentSprite] step (0, 1) draws (-0.894427, 0.447214) -> screen SW (fit 1.000) -> frame S
09-23 20:15:18.030 I/godot   (19289): [AgentSprite] step (-1, 0) draws (-0.894427, -0.447214) -> screen NW (fit 1.000) -> frame E
09-23 20:15:18.030 I/godot   (19289): [AgentSprite] step (0, -1) draws (0.894427, -0.447214) -> screen NE (fit 1.000) -> frame N
09-23 20:15:18.030 I/godot   (19289): [AgentSprite] head yaw mapping: grid 0 -> yaw 0, handedness -1
09-23 20:15:18.106 I/godot   (19289): [AgentSprite] layer 'head/standing': 24 yaws at 15.0 deg
09-23 20:15:18.136 I/godot   (19289): [AgentSprite] step (1, 0) draws (0.894427, 0.447214) -> screen SE (fit 1.000) -> frame W
09-23 20:15:18.136 I/godot   (19289): [AgentSprite] step (0, 1) draws (-0.894427, 0.447214) -> screen SW (fit 1.000) -> frame S
09-23 20:15:18.136 I/godot   (19289): [AgentSprite] step (-1, 0) draws (-0.894427, -0.447214) -> screen NW (fit 1.000) -> frame E
09-23 20:15:18.136 I/godot   (19289): [AgentSprite] step (0, -1) draws (0.894427, -0.447214) -> screen NE (fit 1.000) -> frame N
09-23 20:15:18.137 I/godot   (19289): [AgentSprite] head yaw mapping: grid 0 -> yaw 0, handedness -1
09-23 20:15:18.209 I/godot   (19289): [AgentSprite] layer 'head/standing': 24 yaws at 15.0 deg
09-23 20:15:18.240 I/godot   (19289): [AgentSprite] step (1, 0) draws (0.894427, 0.447214) -> screen SE (fit 1.000) -> frame W
09-23 20:15:18.240 I/godot   (19289): [AgentSprite] step (0, 1) draws (-0.894427, 0.447214) -> screen SW (fit 1.000) -> frame S
09-23 20:15:18.240 I/godot   (19289): [AgentSprite] step (-1, 0) draws (-0.894427, -0.447214) -> screen NW (fit 1.000) -> frame E
09-23 20:15:18.240 I/godot   (19289): [AgentSprite] step (0, -1) draws (0.894427, -0.447214) -> screen NE (fit 1.000) -> frame N
09-23 20:15:18.240 I/godot   (19289): [AgentSprite] head yaw mapping: grid 0 -> yaw 0, handedness -1
09-23 20:15:18.317 I/godot   (19289): [AgentSprite] layer 'head/standing': 24 yaws at 15.0 deg
09-23 20:15:18.348 I/godot   (19289): [AgentSprite] step (1, 0) draws (0.894427, 0.447214) -> screen SE (fit 1.000) -> frame W
09-23 20:15:18.348 I/godot   (19289): [AgentSprite] step (0, 1) draws (-0.894427, 0.447214) -> screen SW (fit 1.000) -> frame S
09-23 20:15:18.348 I/godot   (19289): [AgentSprite] step (-1, 0) draws (-0.894427, -0.447214) -> screen NW (fit 1.000) -> frame E
09-23 20:15:18.348 I/godot   (19289): [AgentSprite] step (0, -1) draws (0.894427, -0.447214) -> screen NE (fit 1.000) -> frame N
09-23 20:15:18.348 I/godot   (19289): [AgentSprite] head yaw mapping: grid 0 -> yaw 0, handedness -1
09-23 20:15:18.423 I/godot   (19289): [AgentSprite] layer 'head/standing': 24 yaws at 15.0 deg
09-23 20:15:18.440 I/godot   (19289): [Room] Light registry initialized with 12 map lights:
09-23 20:15:18.440 I/godot   (19289):   - map_light_1 @ cell(6,4) radius=7 type=omni
09-23 20:15:18.441 I/godot   (19289):   - map_light_2 @ cell(17,4) radius=6 type=omni
09-23 20:15:18.441 I/godot   (19289):   - map_light_3 @ cell(12,11) radius=7 type=omni
09-23 20:15:18.441 I/godot   (19289):   - map_light_4 @ cell(11,10) radius=10 type=omni
09-23 20:15:18.441 I/godot   (19289):   - map_light_5 @ cell(16,11) radius=8 type=omni
09-23 20:15:18.441 I/godot   (19289):   - map_light_6 @ cell(24,4) radius=7 type=omni
09-23 20:15:18.441 I/godot   (19289):   - map_light_7 @ cell(28,4) radius=7 type=omni
09-23 20:15:18.441 I/godot   (19289):   - map_light_8 @ cell(32,4) radius=7 type=omni
09-23 20:15:18.441 I/godot   (19289):   - map_light_9 @ cell(36,4) radius=7 type=omni
09-23 20:15:18.441 I/godot   (19289):   - map_light_10 @ cell(40,4) radius=7 type=omni
09-23 20:15:18.441 I/godot   (19289):   - map_light_11 @ cell(26,9) radius=8 type=omni
09-23 20:15:18.441 I/godot   (19289):   - map_light_12 @ cell(34,9) radius=8 type=omni
09-23 20:15:18.443 I/godot   (19289): [Room] Tile semantics initialized with 163 tiles, 12 light anchors
09-23 20:15:25.303 I/godot   (19289): 
09-23 20:15:25.303 I/godot   (19289): Attempting to resolve: facade_concrete (folder concrete)
09-23 20:15:25.303 I/godot   (19289):   [USER] File not found: user://textures/concrete/facade_concrete.png
09-23 20:15:25.303 I/godot   (19289):   [USER] File not found: user://textures/concrete/facade_concrete.webp
09-23 20:15:25.330 I/godot   (19289):   [DEFAULT] Validation PASS: res://ASSETS/materials/concrete/facade_concrete.png
09-23 20:15:25.330 I/godot   (19289): [RESOLVER] facade_concrete resolved from DEFAULT.png (dims 1024x512)
09-23 20:15:25.368 I/godot   (19289): 
09-23 20:15:25.368 I/godot   (19289): Attempting to resolve: facade_metal (folder metal)
09-23 20:15:25.368 I/godot   (19289):   [USER] File not found: user://textures/metal/facade_metal.png
09-23 20:15:25.368 I/godot   (19289):   [USER] File not found: user://textures/metal/facade_metal.webp
09-23 20:15:25.404 I/godot   (19289):   [DEFAULT] Validation PASS: res://ASSETS/materials/metal/facade_metal.png
09-23 20:15:25.404 I/godot   (19289): [RESOLVER] facade_metal resolved from DEFAULT.png (dims 1024x512)
09-23 20:15:25.444 I/godot   (19289): 
09-23 20:15:25.444 I/godot   (19289): Attempting to resolve: facade_stone (folder stone)
09-23 20:15:25.444 I/godot   (19289):   [USER] File not found: user://textures/stone/facade_stone.png
09-23 20:15:25.444 I/godot   (19289):   [USER] File not found: user://textures/stone/facade_stone.webp
09-23 20:15:25.475 I/godot   (19289):   [DEFAULT] Validation PASS: res://ASSETS/materials/stone/facade_stone.png
09-23 20:15:25.475 I/godot   (19289): [RESOLVER] facade_stone resolved from DEFAULT.png (dims 1024x512)
09-23 20:15:25.514 I/godot   (19289): 
09-23 20:15:25.514 I/godot   (19289): Attempting to resolve: facade_wood (folder wood)
09-23 20:15:25.514 I/godot   (19289):   [USER] File not found: user://textures/wood/facade_wood.png
09-23 20:15:25.514 I/godot   (19289):   [USER] File not found: user://textures/wood/facade_wood.webp
09-23 20:15:25.546 I/godot   (19289):   [DEFAULT] Validation PASS: res://ASSETS/materials/wood/facade_wood.png
09-23 20:15:25.546 I/godot   (19289): [RESOLVER] facade_wood resolved from DEFAULT.png (dims 1024x512)
09-23 20:15:25.585 I/godot   (19289): 
09-23 20:15:25.585 I/godot   (19289): Attempting to resolve: facade_brick (folder brick)
09-23 20:15:25.586 I/godot   (19289):   [USER] File not found: user://textures/brick/facade_brick.png
09-23 20:15:25.586 I/godot   (19289):   [USER] File not found: user://textures/brick/facade_brick.webp
09-23 20:15:25.622 I/godot   (19289):   [DEFAULT] Validation PASS: res://ASSETS/materials/brick/facade_brick.png
09-23 20:15:25.622 I/godot   (19289): [RESOLVER] facade_brick resolved from DEFAULT.png (dims 1024x512)
09-23 20:15:25.661 I/godot   (19289): 
09-23 20:15:25.661 I/godot   (19289): Attempting to resolve: facade_cardboard (folder cardboard)
09-23 20:15:25.661 I/godot   (19289):   [USER] File not found: user://textures/cardboard/facade_cardboard.png
09-23 20:15:25.662 I/godot   (19289):   [USER] File not found: user://textures/cardboard/facade_cardboard.webp
09-23 20:15:25.690 I/godot   (19289):   [DEFAULT] Validation PASS: res://ASSETS/materials/cardboard/facade_cardboard.png
09-23 20:15:25.690 I/godot   (19289): [RESOLVER] facade_cardboard resolved from DEFAULT.png (dims 1024x512)
09-23 20:15:25.727 I/godot   (19289): 
09-23 20:15:25.727 I/godot   (19289): Attempting to resolve: facade_fabric (folder fabric)
09-23 20:15:25.727 I/godot   (19289):   [USER] File not found: user://textures/fabric/facade_fabric.png
09-23 20:15:25.727 I/godot   (19289):   [USER] File not found: user://textures/fabric/facade_fabric.webp
09-23 20:15:25.754 I/godot   (19289):   [DEFAULT] Validation PASS: res://ASSETS/materials/fabric/facade_fabric.png
09-23 20:15:25.754 I/godot   (19289): [RESOLVER] facade_fabric resolved from DEFAULT.png (dims 1024x512)
09-23 20:15:25.793 I/godot   (19289): 
09-23 20:15:25.793 I/godot   (19289): Attempting to resolve: facade_plywood (folder plywood)
09-23 20:15:25.793 I/godot   (19289):   [USER] File not found: user://textures/plywood/facade_plywood.png
09-23 20:15:25.794 I/godot   (19289):   [USER] File not found: user://textures/plywood/facade_plywood.webp
09-23 20:15:25.828 I/godot   (19289):   [DEFAULT] Validation PASS: res://ASSETS/materials/plywood/facade_plywood.png
09-23 20:15:25.828 I/godot   (19289): [RESOLVER] facade_plywood resolved from DEFAULT.png (dims 1024x512)
09-23 20:15:25.895 I/godot   (19289): 
09-23 20:15:25.895 I/godot   (19289): Attempting to resolve: facade_earth (folder earth)
09-23 20:15:25.895 I/godot   (19289):   [USER] File not found: user://textures/earth/facade_earth.png
09-23 20:15:25.895 I/godot   (19289):   [USER] File not found: user://textures/earth/facade_earth.webp
09-23 20:15:25.931 I/godot   (19289):   [DEFAULT] Validation PASS: res://ASSETS/materials/earth/facade_earth.png
09-23 20:15:25.931 I/godot   (19289): [RESOLVER] facade_earth resolved from DEFAULT.png (dims 1024x512)
09-23 20:15:28.582 I/godot   (19289): [BOARD3D] 215432 voxel(s) (slices 69440, columns 672, slabs 145992; the 2D board holds 64 cell(s)) → 108772 face(s) → 732 quad(s) in 276 chunk(s), 11 material(s), plane levels 78..103; collect 1826 ms, mesh 1489 ms; skip 2D writes true; source store
09-23 20:15:29.309 I/godot   (19289): [TestZone] 0 pickups
09-23 20:15:29.557 I/godot   (19289): [DEV-HUD-01] DEV VISION Status Panel initialized
09-23 20:15:29.567 I/godot   (19289): [DEBUG] _ready() complete, starting probe
09-23 20:15:29.568 I/godot   (19289): [SLICE-02 probe] ===== STARTING ALIGNMENT CHECK =====
09-23 20:15:29.568 I/godot   (19289): [SLICE-02 probe] floor_cell = (0, 0)  voxel_cell = (0, 0)
09-23 20:15:29.568 I/godot   (19289): [SLICE-02 probe] floor_map=(128.0, 64.0)  voxel_map=(16.0, 8.0)
09-23 20:15:29.568 I/godot   (19289): [SLICE-02 probe] floor_adjusted=(0.0, 0.0)  voxel_adjusted=(0.0, 0.0)
09-23 20:15:29.568 I/godot   (19289): [SLICE-02 probe] canon_pos=(0.0, 512.0)  voxel_pos=(112.0, 576.0)  delta=(112.0, 64.0) px
09-23 20:15:29.568 I/godot   (19289): [SLICE-02 probe] INFO: no block_* tile found for footprint check
09-23 20:15:29.569 V/Godot   (19289): OnGodotMainLoopStarted
09-23 20:15:31.092 I/godot   (19289): [GLASS-TILE] mirrored 2240 glass cell(s) into the opaque layers, removed 0
09-23 20:15:31.228 I/godot   (19289): [SCENARIO] 4 step(s)
09-23 20:15:31.228 I/godot   (19289): [SCENARIO] 1/4 framing portrait
09-23 20:15:31.229 I/godot   (19289): [SCENARIO] 2/4 zoom 0.5
09-23 20:15:31.229 I/godot   (19289): [SCENARIO] 3/4 wait 25
09-23 20:15:33.731 I/godot   (19289): [FRAME-PROBE] 41.3 ms/frame · render cpu 0.9 ms · render gpu 17.6 ms · 91 draw call(s) · 10812 primitive(s) · 108 object(s) · process 46.4 ms · physics 27.7 ms · 948 node(s) · view portrait 390x873 zoom 0.50 gu 95/1104 scale 1.00
09-23 20:15:33.731 I/godot   (19289): [FRAME-SPLIT] per frame: guard cone smooth draw 32.35 ms (9/f) · sprite light+throw 0.48 ms (10/f) · room temporal lights 0.06 ms (1/f) · room vision fog 0.06 ms (1/f) · guard attention 0.03 ms (9/f) · room enemy visibility 0.02 ms (1/f)
09-23 20:15:35.012 I/godot   (19289): [FRAME-PROBE] 21.7 ms/frame · render cpu 0.7 ms · render gpu 17.8 ms · 91 draw call(s) · 10812 primitive(s) · 108 object(s) · process 39.5 ms · physics 0.1 ms · 948 node(s) · view portrait 390x873 zoom 0.50 gu 95/1104 scale 1.00
09-23 20:15:35.012 I/godot   (19289): [FRAME-SPLIT] per frame: guard cone smooth draw 2.64 ms (1/f) · sprite light+throw 0.57 ms (10/f) · room temporal lights 0.07 ms (1/f) · room vision fog 0.06 ms (1/f) · guard attention 0.03 ms (9/f) · room enemy visibility 0.02 ms (1/f)
09-23 20:15:36.185 I/godot   (19289): [FRAME-PROBE] 19.6 ms/frame · render cpu 0.7 ms · render gpu 17.6 ms · 91 draw call(s) · 10812 primitive(s) · 108 object(s) · process 33.5 ms · physics 0.1 ms · 948 node(s) · view portrait 390x873 zoom 0.50 gu 95/1104 scale 1.00
09-23 20:15:36.186 I/godot   (19289): [FRAME-SPLIT] per frame: sprite light+throw 0.62 ms (10/f) · room temporal lights 0.07 ms (1/f) · room vision fog 0.06 ms (1/f) · guard attention 0.03 ms (9/f) · room enemy visibility 0.02 ms (1/f)
09-23 20:15:37.336 I/godot   (19289): [FRAME-PROBE] 19.2 ms/frame · render cpu 0.7 ms · render gpu 17.6 ms · 91 draw call(s) · 10812 primitive(s) · 108 object(s) · process 24.9 ms · physics 0.1 ms · 948 node(s) · view portrait 390x873 zoom 0.50 gu 95/1104 scale 1.00
09-23 20:15:37.336 I/godot   (19289): [FRAME-SPLIT] per frame: sprite light+throw 0.61 ms (10/f) · room temporal lights 0.07 ms (1/f) · room vision fog 0.06 ms (1/f) · guard attention 0.03 ms (9/f) · room enemy visibility 0.02 ms (1/f)
09-23 20:15:38.486 I/godot   (19289): [FRAME-PROBE] 19.2 ms/frame · render cpu 0.8 ms · render gpu 17.7 ms · 91 draw call(s) · 10812 primitive(s) · 108 object(s) · process 22.6 ms · physics 0.1 ms · 948 node(s) · view portrait 390x873 zoom 0.50 gu 95/1104 scale 1.00
09-23 20:15:38.487 I/godot   (19289): [FRAME-SPLIT] per frame: sprite light+throw 0.58 ms (10/f) · room temporal lights 0.07 ms (1/f) · room vision fog 0.06 ms (1/f) · guard attention 0.03 ms (9/f) · room enemy visibility 0.02 ms (1/f)
09-23 20:15:39.637 I/godot   (19289): [FRAME-PROBE] 19.2 ms/frame · render cpu 1.7 ms · render gpu 17.8 ms · 91 draw call(s) · 10812 primitive(s) · 108 object(s) · process 22.6 ms · physics 0.1 ms · 948 node(s) · view portrait 390x873 zoom 0.50 gu 95/1104 scale 1.00
09-23 20:15:39.637 I/godot   (19289): [FRAME-SPLIT] per frame: sprite light+throw 0.60 ms (10/f) · room temporal lights 0.07 ms (1/f) · room vision fog 0.06 ms (1/f) · guard attention 0.03 ms (9/f) · room enemy visibility 0.02 ms (1/f)
09-23 20:15:40.788 I/godot   (19289): [FRAME-PROBE] 19.2 ms/frame · render cpu 1.4 ms · render gpu 17.9 ms · 91 draw call(s) · 10812 primitive(s) · 108 object(s) · process 22.9 ms · physics 0.1 ms · 948 node(s) · view portrait 390x873 zoom 0.50 gu 95/1104 scale 1.00
09-23 20:15:40.788 I/godot   (19289): [FRAME-SPLIT] per frame: sprite light+throw 0.59 ms (10/f) · room temporal lights 0.07 ms (1/f) · room vision fog 0.06 ms (1/f) · guard attention 0.03 ms (9/f) · room enemy visibility 0.02 ms (1/f)
09-23 20:15:41.939 I/godot   (19289): [FRAME-PROBE] 19.2 ms/frame · render cpu 1.5 ms · render gpu 17.8 ms · 91 draw call(s) · 10812 primitive(s) · 108 object(s) · process 22.8 ms · physics 0.1 ms · 948 node(s) · view portrait 390x873 zoom 0.50 gu 95/1104 scale 1.00
09-23 20:15:41.939 I/godot   (19289): [FRAME-SPLIT] per frame: sprite light+throw 0.59 ms (10/f) · room temporal lights 0.07 ms (1/f) · room vision fog 0.06 ms (1/f) · guard attention 0.03 ms (9/f) · room enemy visibility 0.02 ms (1/f)
09-23 20:15:43.078 I/godot   (19289): [FRAME-PROBE] 19.0 ms/frame · render cpu 0.8 ms · render gpu 17.7 ms · 91 draw call(s) · 10812 primitive(s) · 108 object(s) · process 22.7 ms · physics 0.1 ms · 948 node(s) · view portrait 390x873 zoom 0.50 gu 95/1104 scale 1.00
09-23 20:15:43.078 I/godot   (19289): [FRAME-SPLIT] per frame: sprite light+throw 0.55 ms (10/f) · room temporal lights 0.07 ms (1/f) · room vision fog 0.06 ms (1/f) · guard attention 0.03 ms (9/f) · room enemy visibility 0.02 ms (1/f)
09-23 20:15:44.240 I/godot   (19289): [FRAME-PROBE] 19.4 ms/frame · render cpu 0.8 ms · render gpu 19.3 ms · 91 draw call(s) · 10812 primitive(s) · 108 object(s) · process 22.8 ms · physics 0.1 ms · 948 node(s) · view portrait 390x873 zoom 0.50 gu 95/1104 scale 1.00
09-23 20:15:44.240 I/godot   (19289): [FRAME-SPLIT] per frame: sprite light+throw 0.55 ms (10/f) · room temporal lights 0.07 ms (1/f) · room vision fog 0.06 ms (1/f) · guard attention 0.03 ms (9/f) · room enemy visibility 0.02 ms (1/f)
09-23 20:15:45.423 I/godot   (19289): [FRAME-PROBE] 19.7 ms/frame · render cpu 0.7 ms · render gpu 18.2 ms · 91 draw call(s) · 10812 primitive(s) · 108 object(s) · process 29.4 ms · physics 0.1 ms · 948 node(s) · view portrait 390x873 zoom 0.50 gu 95/1104 scale 1.00
09-23 20:15:45.423 I/godot   (19289): [FRAME-SPLIT] per frame: sprite light+throw 0.65 ms (10/f) · room temporal lights 0.07 ms (1/f) · room vision fog 0.06 ms (1/f) · guard attention 0.03 ms (9/f) · room enemy visibility 0.02 ms (1/f)
09-23 20:15:46.586 I/godot   (19289): [FRAME-PROBE] 19.4 ms/frame · render cpu 0.7 ms · render gpu 17.9 ms · 91 draw call(s) · 10812 primitive(s) · 108 object(s) · process 26.1 ms · physics 0.1 ms · 948 node(s) · view portrait 390x873 zoom 0.50 gu 95/1104 scale 1.00
09-23 20:15:46.586 I/godot   (19289): [FRAME-SPLIT] per frame: sprite light+throw 0.55 ms (10/f) · room temporal lights 0.07 ms (1/f) · room vision fog 0.06 ms (1/f) · guard attention 0.03 ms (9/f) · room enemy visibility 0.02 ms (1/f)
09-23 20:15:47.725 I/godot   (19289): [FRAME-PROBE] 19.0 ms/frame · render cpu 1.5 ms · render gpu 17.5 ms · 91 draw call(s) · 10812 primitive(s) · 108 object(s) · process 22.7 ms · physics 0.1 ms · 948 node(s) · view portrait 390x873 zoom 0.50 gu 95/1104 scale 1.00
09-23 20:15:47.725 I/godot   (19289): [FRAME-SPLIT] per frame: sprite light+throw 0.59 ms (10/f) · room temporal lights 0.07 ms (1/f) · room vision fog 0.06 ms (1/f) · guard attention 0.03 ms (9/f) · room enemy visibility 0.02 ms (1/f)
09-23 20:15:48.876 I/godot   (19289): [FRAME-PROBE] 19.2 ms/frame · render cpu 0.7 ms · render gpu 17.7 ms · 91 draw call(s) · 10812 primitive(s) · 108 object(s) · process 22.7 ms · physics 0.1 ms · 948 node(s) · view portrait 390x873 zoom 0.50 gu 95/1104 scale 1.00
09-23 20:15:48.876 I/godot   (19289): [FRAME-SPLIT] per frame: sprite light+throw 0.64 ms (10/f) · room temporal lights 0.07 ms (1/f) · room vision fog 0.06 ms (1/f) · guard attention 0.04 ms (9/f) · room enemy visibility 0.02 ms (1/f)
09-23 20:15:50.015 I/godot   (19289): [FRAME-PROBE] 19.0 ms/frame · render cpu 0.8 ms · render gpu 17.4 ms · 91 draw call(s) · 10812 primitive(s) · 108 object(s) · process 22.7 ms · physics 0.1 ms · 948 node(s) · view portrait 390x873 zoom 0.50 gu 95/1104 scale 1.00
09-23 20:15:50.016 I/godot   (19289): [FRAME-SPLIT] per frame: sprite light+throw 0.53 ms (10/f) · room temporal lights 0.06 ms (1/f) · room vision fog 0.06 ms (1/f) · guard attention 0.03 ms (9/f) · room enemy visibility 0.02 ms (1/f)
09-23 20:15:51.155 I/godot   (19289): [FRAME-PROBE] 19.0 ms/frame · render cpu 0.7 ms · render gpu 17.6 ms · 91 draw call(s) · 10812 primitive(s) · 108 object(s) · process 22.6 ms · physics 0.2 ms · 948 node(s) · view portrait 390x873 zoom 0.50 gu 95/1104 scale 1.00
09-23 20:15:51.155 I/godot   (19289): [FRAME-SPLIT] per frame: sprite light+throw 0.57 ms (10/f) · room temporal lights 0.07 ms (1/f) · room vision fog 0.06 ms (1/f) · guard attention 0.03 ms (9/f) · room enemy visibility 0.02 ms (1/f)
09-23 20:15:52.306 I/godot   (19289): [FRAME-PROBE] 19.2 ms/frame · render cpu 0.8 ms · render gpu 17.8 ms · 91 draw call(s) · 10812 primitive(s) · 108 object(s) · process 22.6 ms · physics 0.1 ms · 948 node(s) · view portrait 390x873 zoom 0.50 gu 95/1104 scale 1.00
09-23 20:15:52.306 I/godot   (19289): [FRAME-SPLIT] per frame: sprite light+throw 0.60 ms (10/f) · room temporal lights 0.07 ms (1/f) · room vision fog 0.06 ms (1/f) · guard attention 0.03 ms (9/f) · room enemy visibility 0.02 ms (1/f)
09-23 20:15:53.456 I/godot   (19289): [FRAME-PROBE] 19.2 ms/frame · render cpu 1.4 ms · render gpu 17.5 ms · 91 draw call(s) · 10812 primitive(s) · 108 object(s) · process 22.6 ms · physics 0.1 ms · 948 node(s) · view portrait 390x873 zoom 0.50 gu 95/1104 scale 1.00
09-23 20:15:53.457 I/godot   (19289): [FRAME-SPLIT] per frame: sprite light+throw 0.59 ms (10/f) · room temporal lights 0.07 ms (1/f) · room vision fog 0.06 ms (1/f) · guard attention 0.03 ms (9/f) · room enemy visibility 0.02 ms (1/f)
09-23 20:15:54.607 I/godot   (19289): [FRAME-PROBE] 19.2 ms/frame · render cpu 0.7 ms · render gpu 17.5 ms · 91 draw call(s) · 10812 primitive(s) · 108 object(s) · process 22.7 ms · physics 0.1 ms · 948 node(s) · view portrait 390x873 zoom 0.50 gu 95/1104 scale 1.00
09-23 20:15:54.607 I/godot   (19289): [FRAME-SPLIT] per frame: sprite light+throw 0.57 ms (10/f) · room temporal lights 0.07 ms (1/f) · room vision fog 0.06 ms (1/f) · guard attention 0.03 ms (9/f) · room enemy visibility 0.02 ms (1/f)
09-23 20:15:55.746 I/godot   (19289): [FRAME-PROBE] 19.0 ms/frame · render cpu 1.4 ms · render gpu 17.5 ms · 91 draw call(s) · 10812 primitive(s) · 108 object(s) · process 22.6 ms · physics 0.1 ms · 948 node(s) · view portrait 390x873 zoom 0.50 gu 95/1104 scale 1.00
09-23 20:15:55.747 I/godot   (19289): [FRAME-SPLIT] per frame: sprite light+throw 0.61 ms (10/f) · room temporal lights 0.07 ms (1/f) · room vision fog 0.06 ms (1/f) · guard attention 0.03 ms (9/f) · room enemy visibility 0.02 ms (1/f)
09-23 20:15:56.095 I/godot   (19289): [SCENARIO] 4/4 quit
09-23 20:15:59.105 V/Godot   (19289): OnGodotTerminating
[DIAG-02] com.example.infiltraitor exited on its own at 20:16:01 — capture ends
