--------- beginning of main
09-23 18:09:18.969 V/Godot   (22378): InitEngine with params: [--xr_mode_regular, --xr-mode, off, --fullscreen, --background_color, #000000]
09-23 18:09:18.969 V/Godot   (22378): Initializing Godot plugin registry
09-23 18:09:19.030 V/Godot   (22378): Godot native layer initialization completed: true
09-23 18:09:19.281 V/Godot   (22378): Godot native layer setup completed
09-23 18:09:19.281 V/Godot   (22378): OnInitRenderView: GodotFragment{fc29790} (e33889ef-2ae5-4ba9-b21b-8047fa880f23 id=0x7f070033)
09-23 18:09:19.295 D/Godot   (22378): Render view should be transparent: false
09-23 18:09:19.295 D/Godot   (22378): usesVulkan(): true
09-23 18:09:19.295 D/Godot   (22378): 			renderingDevice: vulkan (ProjectSettings)
09-23 18:09:19.295 D/Godot   (22378): 			renderer: mobile (ProjectSettings)
09-23 18:09:19.315 V/Godot   (22378): OnStart: GodotFragment{fc29790} (e33889ef-2ae5-4ba9-b21b-8047fa880f23 id=0x7f070033)
09-23 18:09:19.321 V/Godot   (22378): OnResume: GodotFragment{fc29790} (e33889ef-2ae5-4ba9-b21b-8047fa880f23 id=0x7f070033)
09-23 18:09:19.359 I/godot   (22378): Godot Engine v4.6.1.stable.official.14d19694e - https://godotengine.org
09-23 18:09:19.436 I/godot   (22378): Vulkan 1.3.225 - Forward Mobile - Using Device #0: ARM - Mali-G57
09-23 18:09:19.859 I/godot   (22378): 
09-23 18:09:24.418 V/Godot   (22378): OnGodotSetupCompleted
09-23 18:09:24.446 I/godot   (22378): [DevFlags] 5 override(s) from /sdcard/Android/data/com.example.infiltraitor/files/dev_flags.cfg — FRAME_PROBE=1, MAP=PLAYGROUND, RENDER3D=1, RNG_SEED=1, SCENARIO=framing portrait; zoom 0.5; wait 25; quit
09-23 18:09:24.446 I/godot   (22378): [INFILTRAITOR] Version 0.9.107
09-23 18:09:24.452 I/godot   (22378): [Registries] Autoload initialized
09-23 18:09:24.456 I/godot   (22378): [RNG] seeded 1 — particle rolls are reproducible this boot
09-23 18:09:24.457 I/godot   (22378): [MaterialRegistry] Registered: brick (color: 0.55,0.29,0.22)
09-23 18:09:24.457 I/godot   (22378): [MaterialRegistry] Registered: cardboard (color: 0.70,0.55,0.36)
09-23 18:09:24.458 I/godot   (22378): [MaterialRegistry] Registered: concrete (color: 0.62,0.62,0.62)
09-23 18:09:24.458 I/godot   (22378): [MaterialRegistry] Registered: dirt (color: 0.50,0.38,0.27)
09-23 18:09:24.458 I/godot   (22378): [MaterialRegistry] Registered: earth (color: 0.52,0.39,0.26)
09-23 18:09:24.458 I/godot   (22378): [MaterialRegistry] Registered: fabric (color: 0.78,0.74,0.66)
09-23 18:09:24.459 I/godot   (22378): [MaterialRegistry] Registered: glass (color: 0.62,0.74,0.78)
09-23 18:09:24.459 I/godot   (22378): [MaterialRegistry] Registered: glass_armored (color: 0.74,0.62,0.78)
09-23 18:09:24.459 I/godot   (22378): [MaterialRegistry] Registered: glass_screen_amber (color: 0.70,0.60,0.38)
09-23 18:09:24.459 I/godot   (22378): [MaterialRegistry] Registered: glass_screen_green (color: 0.38,0.55,0.42)
09-23 18:09:24.459 I/godot   (22378): [MaterialRegistry] Registered: glass_screen_red (color: 0.62,0.40,0.41)
09-23 18:09:24.460 I/godot   (22378): [MaterialRegistry] Registered: grass (color: 0.42,0.55,0.29)
09-23 18:09:24.460 I/godot   (22378): [MaterialRegistry] Registered: gravel (color: 0.55,0.52,0.49)
09-23 18:09:24.460 I/godot   (22378): [MaterialRegistry] Registered: metal (color: 0.49,0.53,0.56)
09-23 18:09:24.460 I/godot   (22378): [MaterialRegistry] Registered: plywood (color: 0.78,0.63,0.42)
09-23 18:09:24.461 I/godot   (22378): [MaterialRegistry] Registered: sand (color: 0.76,0.67,0.51)
09-23 18:09:24.461 I/godot   (22378): [MaterialRegistry] Registered: stone (color: 0.55,0.55,0.58)
09-23 18:09:24.461 I/godot   (22378): [MaterialRegistry] Registered: wood (color: 0.66,0.47,0.31)
09-23 18:09:24.461 I/godot   (22378): [Registries] Material registry initialized with defaults
09-23 18:09:24.461 I/godot   (22378): [BakeConfig] Enabled: true, Blend Mode: 0, Facade Tops: true
09-23 18:09:24.474 I/godot   (22378): [Room] 4 tiles registered.
09-23 18:09:25.334 I/godot   (22378): [Room] Light registry initialized with 0 map lights:
09-23 18:09:25.334 I/godot   (22378): [Room] Tile semantics initialized with 0 tiles, 0 light anchors
09-23 18:09:25.334 I/godot   (22378): [Room] Shadow projector initialized
09-23 18:09:25.334 I/godot   (22378): [Room] Exposure system initialized with 0 light projections
09-23 18:09:25.335 I/godot   (22378): [VisionController] Shadow overlay initialized
09-23 18:09:25.335 I/godot   (22378): [VisionController] Exposure overlay initialized
09-23 18:09:25.335 I/godot   (22378): [VisionController] Tile risk heatmap overlay initialized
09-23 18:09:25.335 I/godot   (22378): [VisionController] Elite exposure overlay initialized: [EliteExposureOverlay safe=0 total=0 confidence=0.00 depth_layers=6 stability_types=4]
09-23 18:09:25.434 I/godot   (22378): [Registries] File map source initialized
09-23 18:09:26.304 I/godot   (22378): [MaterialRegistry] Registered: brick (color: 0.55,0.29,0.22)
09-23 18:09:26.304 I/godot   (22378): [MaterialRegistry] Registered: cardboard (color: 0.70,0.55,0.36)
09-23 18:09:26.304 I/godot   (22378): [MaterialRegistry] Registered: concrete (color: 0.62,0.62,0.62)
09-23 18:09:26.304 I/godot   (22378): [MaterialRegistry] Registered: dirt (color: 0.50,0.38,0.27)
09-23 18:09:26.305 I/godot   (22378): [MaterialRegistry] Registered: earth (color: 0.52,0.39,0.26)
09-23 18:09:26.305 I/godot   (22378): [MaterialRegistry] Registered: fabric (color: 0.78,0.74,0.66)
09-23 18:09:26.305 I/godot   (22378): [MaterialRegistry] Registered: glass (color: 0.62,0.74,0.78)
09-23 18:09:26.305 I/godot   (22378): [MaterialRegistry] Registered: glass_armored (color: 0.74,0.62,0.78)
09-23 18:09:26.305 I/godot   (22378): [MaterialRegistry] Registered: glass_screen_amber (color: 0.70,0.60,0.38)
09-23 18:09:26.306 I/godot   (22378): [MaterialRegistry] Registered: glass_screen_green (color: 0.38,0.55,0.42)
09-23 18:09:26.306 I/godot   (22378): [MaterialRegistry] Registered: glass_screen_red (color: 0.62,0.40,0.41)
09-23 18:09:26.306 I/godot   (22378): [MaterialRegistry] Registered: grass (color: 0.42,0.55,0.29)
09-23 18:09:26.306 I/godot   (22378): [MaterialRegistry] Registered: gravel (color: 0.55,0.52,0.49)
09-23 18:09:26.306 I/godot   (22378): [MaterialRegistry] Registered: metal (color: 0.49,0.53,0.56)
09-23 18:09:26.307 I/godot   (22378): [MaterialRegistry] Registered: plywood (color: 0.78,0.63,0.42)
09-23 18:09:26.307 I/godot   (22378): [MaterialRegistry] Registered: sand (color: 0.76,0.67,0.51)
09-23 18:09:26.307 I/godot   (22378): [MaterialRegistry] Registered: stone (color: 0.55,0.55,0.58)
09-23 18:09:26.307 I/godot   (22378): [MaterialRegistry] Registered: wood (color: 0.66,0.47,0.31)
09-23 18:09:27.024 I/godot   (22378): [ROOM] Baking textures with 40 junction columns...
09-23 18:09:27.051 I/godot   (22378): [ROOM] Grouped edges into 43 runs
09-23 18:09:27.073 I/godot   (22378): [BAKE] Loaded voxel atom: concrete (32×36, 0 AA pixels)
09-23 18:09:27.074 I/godot   (22378): [BAKE] Loaded voxel atom: metal (32×36, 0 AA pixels)
09-23 18:09:27.074 I/godot   (22378): [BAKE] Loaded voxel atom: stone (32×36, 0 AA pixels)
09-23 18:09:27.076 I/godot   (22378): [BAKE] Loaded voxel atom: wood (32×36, 0 AA pixels)
09-23 18:09:27.083 I/godot   (22378): [BAKE] Loaded voxel atom: grass (32×36, 0 AA pixels)
09-23 18:09:27.086 I/godot   (22378): [BAKE] Loaded voxel atom: dirt (32×36, 0 AA pixels)
09-23 18:09:27.088 I/godot   (22378): [BAKE] Loaded voxel atom: gravel (32×36, 0 AA pixels)
09-23 18:09:27.090 I/godot   (22378): [BAKE] Loaded voxel atom: sand (32×36, 0 AA pixels)
09-23 18:09:27.091 I/godot   (22378): [BAKE] Loaded voxel atom: earth (32×36, 0 AA pixels)
09-23 18:09:27.092 I/godot   (22378): [BAKE] Loaded voxel atom: brick (32×36, 0 AA pixels)
09-23 18:09:27.093 I/godot   (22378): [BAKE] Loaded voxel atom: cardboard (32×36, 0 AA pixels)
09-23 18:09:27.094 I/godot   (22378): [BAKE] Loaded voxel atom: fabric (32×36, 0 AA pixels)
09-23 18:09:27.095 I/godot   (22378): [BAKE] Loaded voxel atom: plywood (32×36, 0 AA pixels)
09-23 18:09:27.096 I/godot   (22378): [BAKE] Loaded voxel atom: glass (32×36, 0 AA pixels)
09-23 18:09:27.096 I/godot   (22378): [BAKE] Created persistent BakeCompositor for session
09-23 18:09:27.098 I/godot   (22378): [BAKE] Found 9 unique (material, facade) combos
09-23 18:09:27.245 I/godot   (22378): 
09-23 18:09:27.245 I/godot   (22378): Attempting to resolve: facade_concrete (folder concrete)
09-23 18:09:27.245 I/godot   (22378):   [USER] File not found: user://textures/concrete/facade_concrete.png
09-23 18:09:27.246 I/godot   (22378):   [USER] File not found: user://textures/concrete/facade_concrete.webp
09-23 18:09:27.273 I/godot   (22378):   [DEFAULT] Validation PASS: res://ASSETS/materials/concrete/facade_concrete.png
09-23 18:09:27.273 I/godot   (22378): [RESOLVER] facade_concrete resolved from DEFAULT.png (dims 1024x512)
09-23 18:09:27.273 I/godot   (22378): 
09-23 18:09:27.273 I/godot   (22378): Attempting to resolve: facade_metal (folder metal)
09-23 18:09:27.273 I/godot   (22378):   [USER] File not found: user://textures/metal/facade_metal.png
09-23 18:09:27.273 I/godot   (22378):   [USER] File not found: user://textures/metal/facade_metal.webp
09-23 18:09:27.305 I/godot   (22378):   [DEFAULT] Validation PASS: res://ASSETS/materials/metal/facade_metal.png
09-23 18:09:27.305 I/godot   (22378): [RESOLVER] facade_metal resolved from DEFAULT.png (dims 1024x512)
09-23 18:09:27.305 I/godot   (22378): 
09-23 18:09:27.305 I/godot   (22378): Attempting to resolve: facade_stone (folder stone)
09-23 18:09:27.305 I/godot   (22378):   [USER] File not found: user://textures/stone/facade_stone.png
09-23 18:09:27.305 I/godot   (22378):   [USER] File not found: user://textures/stone/facade_stone.webp
09-23 18:09:27.333 I/godot   (22378):   [DEFAULT] Validation PASS: res://ASSETS/materials/stone/facade_stone.png
09-23 18:09:27.333 I/godot   (22378): [RESOLVER] facade_stone resolved from DEFAULT.png (dims 1024x512)
09-23 18:09:27.333 I/godot   (22378): 
09-23 18:09:27.333 I/godot   (22378): Attempting to resolve: facade_wood (folder wood)
09-23 18:09:27.333 I/godot   (22378):   [USER] File not found: user://textures/wood/facade_wood.png
09-23 18:09:27.333 I/godot   (22378):   [USER] File not found: user://textures/wood/facade_wood.webp
09-23 18:09:27.361 I/godot   (22378):   [DEFAULT] Validation PASS: res://ASSETS/materials/wood/facade_wood.png
09-23 18:09:27.362 I/godot   (22378): [RESOLVER] facade_wood resolved from DEFAULT.png (dims 1024x512)
09-23 18:09:27.362 I/godot   (22378): 
09-23 18:09:27.362 I/godot   (22378): Attempting to resolve: facade_brick (folder brick)
09-23 18:09:27.362 I/godot   (22378):   [USER] File not found: user://textures/brick/facade_brick.png
09-23 18:09:27.362 I/godot   (22378):   [USER] File not found: user://textures/brick/facade_brick.webp
09-23 18:09:27.394 I/godot   (22378):   [DEFAULT] Validation PASS: res://ASSETS/materials/brick/facade_brick.png
09-23 18:09:27.394 I/godot   (22378): [RESOLVER] facade_brick resolved from DEFAULT.png (dims 1024x512)
09-23 18:09:27.394 I/godot   (22378): 
09-23 18:09:27.394 I/godot   (22378): Attempting to resolve: facade_cardboard (folder cardboard)
09-23 18:09:27.394 I/godot   (22378):   [USER] File not found: user://textures/cardboard/facade_cardboard.png
09-23 18:09:27.394 I/godot   (22378):   [USER] File not found: user://textures/cardboard/facade_cardboard.webp
09-23 18:09:27.418 I/godot   (22378):   [DEFAULT] Validation PASS: res://ASSETS/materials/cardboard/facade_cardboard.png
09-23 18:09:27.418 I/godot   (22378): [RESOLVER] facade_cardboard resolved from DEFAULT.png (dims 1024x512)
09-23 18:09:27.418 I/godot   (22378): 
09-23 18:09:27.418 I/godot   (22378): Attempting to resolve: facade_fabric (folder fabric)
09-23 18:09:27.418 I/godot   (22378):   [USER] File not found: user://textures/fabric/facade_fabric.png
09-23 18:09:27.418 I/godot   (22378):   [USER] File not found: user://textures/fabric/facade_fabric.webp
09-23 18:09:27.440 I/godot   (22378):   [DEFAULT] Validation PASS: res://ASSETS/materials/fabric/facade_fabric.png
09-23 18:09:27.440 I/godot   (22378): [RESOLVER] facade_fabric resolved from DEFAULT.png (dims 1024x512)
09-23 18:09:27.440 I/godot   (22378): 
09-23 18:09:27.440 I/godot   (22378): Attempting to resolve: facade_plywood (folder plywood)
09-23 18:09:27.440 I/godot   (22378):   [USER] File not found: user://textures/plywood/facade_plywood.png
09-23 18:09:27.440 I/godot   (22378):   [USER] File not found: user://textures/plywood/facade_plywood.webp
09-23 18:09:27.470 I/godot   (22378):   [DEFAULT] Validation PASS: res://ASSETS/materials/plywood/facade_plywood.png
09-23 18:09:27.470 I/godot   (22378): [RESOLVER] facade_plywood resolved from DEFAULT.png (dims 1024x512)
09-23 18:09:27.470 I/godot   (22378): 
09-23 18:09:27.470 I/godot   (22378): Attempting to resolve: facade_glass (folder glass)
09-23 18:09:27.470 I/godot   (22378):   [USER] File not found: user://textures/glass/facade_glass.png
09-23 18:09:27.470 I/godot   (22378):   [USER] File not found: user://textures/glass/facade_glass.webp
09-23 18:09:27.479 I/godot   (22378):   [DEFAULT] Validation PASS: res://ASSETS/materials/glass/facade_glass.png
09-23 18:09:27.479 I/godot   (22378): [RESOLVER] facade_glass resolved from DEFAULT.png (dims 1024x512)
09-23 18:09:28.256 I/godot   (22378): [BAKE] Composed sheet concrete|facade_concrete|0 (2048 atoms)
09-23 18:09:29.118 I/godot   (22378): [BAKE] Composed sheet concrete|facade_concrete|1 (2048 atoms)
09-23 18:09:29.622 I/godot   (22378): [BAKE] Composed sheet metal|facade_metal|0 (2048 atoms)
09-23 18:09:30.072 I/godot   (22378): [BAKE] Composed sheet metal|facade_metal|1 (2048 atoms)
09-23 18:09:30.513 I/godot   (22378): [BAKE] Composed sheet stone|facade_stone|0 (2048 atoms)
09-23 18:09:30.962 I/godot   (22378): [BAKE] Composed sheet stone|facade_stone|1 (2048 atoms)
09-23 18:09:31.399 I/godot   (22378): [BAKE] Composed sheet wood|facade_wood|0 (2048 atoms)
09-23 18:09:31.847 I/godot   (22378): [BAKE] Composed sheet wood|facade_wood|1 (2048 atoms)
09-23 18:09:32.276 I/godot   (22378): [BAKE] Composed sheet brick|facade_brick|0 (2048 atoms)
09-23 18:09:32.721 I/godot   (22378): [BAKE] Composed sheet brick|facade_brick|1 (2048 atoms)
09-23 18:09:33.166 I/godot   (22378): [BAKE] Composed sheet cardboard|facade_cardboard|0 (2048 atoms)
09-23 18:09:33.620 I/godot   (22378): [BAKE] Composed sheet cardboard|facade_cardboard|1 (2048 atoms)
09-23 18:09:34.063 I/godot   (22378): [BAKE] Composed sheet fabric|facade_fabric|0 (2048 atoms)
09-23 18:09:34.513 I/godot   (22378): [BAKE] Composed sheet fabric|facade_fabric|1 (2048 atoms)
09-23 18:09:34.959 I/godot   (22378): [BAKE] Composed sheet plywood|facade_plywood|0 (2048 atoms)
09-23 18:09:35.414 I/godot   (22378): [BAKE] Composed sheet plywood|facade_plywood|1 (2048 atoms)
09-23 18:09:35.847 I/godot   (22378): [BAKE] Composed sheet glass|facade_glass|0 (2048 atoms)
09-23 18:09:36.306 I/godot   (22378): [BAKE] Composed sheet glass|facade_glass|1 (2048 atoms)
09-23 18:09:36.396 I/godot   (22378): [BAKE] Composed junction page: concrete|facade_concrete (160 atoms)
09-23 18:09:36.433 I/godot   (22378): [BAKE] Composed junction page: metal|facade_metal (64 atoms)
09-23 18:09:36.470 I/godot   (22378): [BAKE] Composed junction page: stone|facade_stone (64 atoms)
09-23 18:09:36.507 I/godot   (22378): [BAKE] Composed junction page: wood|facade_wood (64 atoms)
09-23 18:09:36.544 I/godot   (22378): [BAKE] Composed junction page: brick|facade_brick (64 atoms)
09-23 18:09:36.583 I/godot   (22378): [BAKE] Composed junction page: cardboard|facade_cardboard (64 atoms)
09-23 18:09:36.620 I/godot   (22378): [BAKE] Composed junction page: fabric|facade_fabric (64 atoms)
09-23 18:09:36.658 I/godot   (22378): [BAKE] Composed junction page: plywood|facade_plywood (64 atoms)
09-23 18:09:36.695 I/godot   (22378): [BAKE] Composed junction page: glass|facade_glass (64 atoms)
09-23 18:09:37.672 I/godot   (22378): [BAKE] Composed roof page ROOF|concrete|facade_concrete (4096 atoms)
09-23 18:09:38.298 I/godot   (22378): [BAKE] Composed roof page ROOF|metal|facade_metal (586 atoms)
09-23 18:09:38.879 I/godot   (22378): [BAKE] Composed roof page ROOF|stone|facade_stone (586 atoms)
09-23 18:09:39.476 I/godot   (22378): [BAKE] Composed roof page ROOF|wood|facade_wood (586 atoms)
09-23 18:09:40.058 I/godot   (22378): [BAKE] Composed roof page ROOF|brick|facade_brick (586 atoms)
09-23 18:09:40.645 I/godot   (22378): [BAKE] Composed roof page ROOF|cardboard|facade_cardboard (586 atoms)
09-23 18:09:41.229 I/godot   (22378): [BAKE] Composed roof page ROOF|fabric|facade_fabric (586 atoms)
09-23 18:09:41.818 I/godot   (22378): [BAKE] Composed roof page ROOF|plywood|facade_plywood (586 atoms)
09-23 18:09:42.414 I/godot   (22378): [BAKE] Composed roof page ROOF|glass|facade_glass (586 atoms)
09-23 18:09:42.419 I/godot   (22378): [BAKE] Baked 9 combos × 2 directions in 14940.0 ms
09-23 18:09:42.421 I/godot   (22378): [ROOM] Bake complete: 15325 ms, 36 pages
09-23 18:09:47.105 I/godot   (22378): [ROOM] Registered baked atlas page 0 as source 98 on voxel_renderer (8448 tiles created)
09-23 18:09:52.017 I/godot   (22378): [ROOM] Registered baked atlas page 1 as source 99 on voxel_renderer (8448 tiles created)
09-23 18:09:52.031 I/godot   (22378): [ROOM] Registered baked atlas page 2 as source 100 on voxel_renderer (384 tiles created)
09-23 18:09:52.046 I/godot   (22378): [ROOM] Registered baked atlas page 3 as source 101 on voxel_renderer (384 tiles created)
09-23 18:09:52.061 I/godot   (22378): [ROOM] Registered baked atlas page 4 as source 102 on voxel_renderer (384 tiles created)
09-23 18:09:52.076 I/godot   (22378): [ROOM] Registered baked atlas page 5 as source 103 on voxel_renderer (384 tiles created)
09-23 18:09:52.091 I/godot   (22378): [ROOM] Registered baked atlas page 6 as source 104 on voxel_renderer (384 tiles created)
09-23 18:09:52.106 I/godot   (22378): [ROOM] Registered baked atlas page 7 as source 105 on voxel_renderer (384 tiles created)
09-23 18:09:52.122 I/godot   (22378): [ROOM] Registered baked atlas page 8 as source 106 on voxel_renderer (384 tiles created)
09-23 18:09:52.136 I/godot   (22378): [ROOM] Registered baked atlas page 9 as source 107 on voxel_renderer (384 tiles created)
09-23 18:09:52.150 I/godot   (22378): [ROOM] Registered baked atlas page 10 as source 108 on voxel_renderer (384 tiles created)
09-23 18:09:52.165 I/godot   (22378): [ROOM] Registered baked atlas page 11 as source 109 on voxel_renderer (384 tiles created)
09-23 18:09:52.179 I/godot   (22378): [ROOM] Registered baked atlas page 12 as source 110 on voxel_renderer (384 tiles created)
09-23 18:09:52.194 I/godot   (22378): [ROOM] Registered baked atlas page 13 as source 111 on voxel_renderer (384 tiles created)
09-23 18:09:52.208 I/godot   (22378): [ROOM] Registered baked atlas page 14 as source 112 on voxel_renderer (384 tiles created)
09-23 18:09:52.223 I/godot   (22378): [ROOM] Registered baked atlas page 15 as source 113 on voxel_renderer (384 tiles created)
09-23 18:09:52.246 I/godot   (22378): [ROOM] Registered baked atlas page 16 as source 114 on voxel_renderer (384 tiles created)
09-23 18:09:52.351 I/godot   (22378): [ROOM] Registered baked atlas page 17 as source 115 on voxel_renderer (384 tiles created)
09-23 18:09:52.356 I/godot   (22378): [ROOM] Registered baked atlas page 18 as source 116 on voxel_renderer (160 tiles created)
09-23 18:09:52.358 I/godot   (22378): [ROOM] Registered baked atlas page 19 as source 117 on voxel_renderer (64 tiles created)
09-23 18:09:52.360 I/godot   (22378): [ROOM] Registered baked atlas page 20 as source 118 on voxel_renderer (64 tiles created)
09-23 18:09:52.362 I/godot   (22378): [ROOM] Registered baked atlas page 21 as source 119 on voxel_renderer (64 tiles created)
09-23 18:09:52.364 I/godot   (22378): [ROOM] Registered baked atlas page 22 as source 120 on voxel_renderer (64 tiles created)
09-23 18:09:52.366 I/godot   (22378): [ROOM] Registered baked atlas page 23 as source 121 on voxel_renderer (64 tiles created)
09-23 18:09:52.368 I/godot   (22378): [ROOM] Registered baked atlas page 24 as source 122 on voxel_renderer (64 tiles created)
09-23 18:09:52.371 I/godot   (22378): [ROOM] Registered baked atlas page 25 as source 123 on voxel_renderer (64 tiles created)
09-23 18:09:52.373 I/godot   (22378): [ROOM] Registered baked atlas page 26 as source 124 on voxel_renderer (64 tiles created)
09-23 18:09:53.396 I/godot   (22378): [ROOM] Registered baked atlas page 27 as source 125 on voxel_renderer (4096 tiles created)
09-23 18:09:53.426 I/godot   (22378): [ROOM] Registered baked atlas page 28 as source 126 on voxel_renderer (586 tiles created)
09-23 18:09:53.455 I/godot   (22378): [ROOM] Registered baked atlas page 29 as source 127 on voxel_renderer (586 tiles created)
09-23 18:09:53.485 I/godot   (22378): [ROOM] Registered baked atlas page 30 as source 128 on voxel_renderer (586 tiles created)
09-23 18:09:53.514 I/godot   (22378): [ROOM] Registered baked atlas page 31 as source 129 on voxel_renderer (586 tiles created)
09-23 18:09:53.544 I/godot   (22378): [ROOM] Registered baked atlas page 32 as source 130 on voxel_renderer (586 tiles created)
09-23 18:09:53.573 I/godot   (22378): [ROOM] Registered baked atlas page 33 as source 131 on voxel_renderer (586 tiles created)
09-23 18:09:53.602 I/godot   (22378): [ROOM] Registered baked atlas page 34 as source 132 on voxel_renderer (586 tiles created)
09-23 18:09:53.632 I/godot   (22378): [ROOM] Registered baked atlas page 35 as source 133 on voxel_renderer (586 tiles created)
09-23 18:09:53.634 I/godot   (22378): [VOXEL] Baked lookup set: registered
09-23 18:09:53.662 I/godot   (22378): [BAKE] Disk cache HIT: loaded 1ff64de9
09-23 18:09:54.418 I/godot   (22378): [D33] composite page: 3584 tile(s) created up front in 740.0 ms
09-23 18:09:54.431 I/godot   (22378): [BAKE] Disk cache HIT: loaded 79f4f5e8
09-23 18:09:54.434 I/godot   (22378): [BAKE] Disk cache HIT: loaded c5a3ab77
09-23 18:09:54.438 I/godot   (22378): [BAKE] Disk cache HIT: loaded 38139423
09-23 18:09:54.445 I/godot   (22378): [BAKE] Disk cache HIT: loaded 66da5472
09-23 18:09:54.452 I/godot   (22378): [BAKE] Disk cache HIT: loaded e4993765
09-23 18:09:54.459 I/godot   (22378): [BAKE] Disk cache HIT: loaded 689fb62e
09-23 18:09:54.463 I/godot   (22378): [BAKE] Disk cache HIT: loaded 6705897f
09-23 18:09:54.467 I/godot   (22378): [BAKE] Disk cache HIT: loaded f45df950
09-23 18:09:54.470 I/godot   (22378): [BAKE] Disk cache HIT: loaded a69e54c4
09-23 18:09:54.477 I/godot   (22378): [BAKE] Disk cache HIT: loaded 789ec235
09-23 18:09:54.487 I/godot   (22378): [BAKE] Disk cache HIT: loaded 7ae0a8c2
09-23 18:09:54.492 I/godot   (22378): [BAKE] Disk cache HIT: loaded e19baabe
09-23 18:09:54.498 I/godot   (22378): [BAKE] Disk cache HIT: loaded 3323d2cf
09-23 18:09:54.504 I/godot   (22378): [BAKE] Disk cache HIT: loaded 14a1b0e0
09-23 18:09:54.510 I/godot   (22378): [BAKE] Disk cache HIT: loaded 312a1305
09-23 18:09:54.515 I/godot   (22378): [BAKE] Disk cache HIT: loaded a6443a14
09-23 18:09:54.520 I/godot   (22378): [BAKE] Disk cache HIT: loaded de99e143
09-23 18:09:54.525 I/godot   (22378): [BAKE] Disk cache HIT: loaded f582f5c8
09-23 18:09:54.530 I/godot   (22378): [BAKE] Disk cache HIT: loaded c18fa5c9
09-23 18:09:54.536 I/godot   (22378): [BAKE] Disk cache HIT: loaded 75160ea6
09-23 18:09:54.541 I/godot   (22378): [BAKE] Disk cache HIT: loaded 4d745b00
09-23 18:09:54.545 I/godot   (22378): [BAKE] Disk cache HIT: loaded baeabe01
09-23 18:09:54.548 I/godot   (22378): [BAKE] Disk cache HIT: loaded 535489de
09-23 18:09:54.552 I/godot   (22378): [BAKE] Disk cache HIT: loaded 3e4f2802
09-23 18:09:54.556 I/godot   (22378): [BAKE] Disk cache HIT: loaded 8f879e33
09-23 18:09:54.559 I/godot   (22378): [BAKE] Disk cache HIT: loaded e5158604
09-23 18:09:54.563 I/godot   (22378): [BAKE] Disk cache HIT: loaded bda6b76f
09-23 18:09:54.566 I/godot   (22378): [BAKE] Disk cache HIT: loaded 6ae15ade
09-23 18:09:54.570 I/godot   (22378): [BAKE] Disk cache HIT: loaded d2778f01
09-23 18:09:54.573 I/godot   (22378): [BAKE] Disk cache HIT: loaded 8acb8dbd
09-23 18:09:54.576 I/godot   (22378): [BAKE] Disk cache HIT: loaded f8179f2c
09-23 18:09:54.580 I/godot   (22378): [BAKE] Disk cache HIT: loaded c3776c5b
09-23 18:09:54.583 I/godot   (22378): [BAKE] Disk cache HIT: loaded ddea6eff
09-23 18:09:54.586 I/godot   (22378): [BAKE] Disk cache HIT: loaded df849bae
09-23 18:09:54.589 I/godot   (22378): [BAKE] Disk cache HIT: loaded 4b738391
09-23 18:09:54.593 I/godot   (22378): [BAKE] Disk cache HIT: loaded 310dc82c
09-23 18:09:54.595 I/godot   (22378): [BAKE] Disk cache HIT: loaded c3c1b6bd
09-23 18:09:54.598 I/godot   (22378): [BAKE] Disk cache HIT: loaded 2a46d30a
09-23 18:09:54.602 I/godot   (22378): [BAKE] Disk cache HIT: loaded fdc7ddf1
09-23 18:09:54.605 I/godot   (22378): [BAKE] Disk cache HIT: loaded 0fb2e0b0
09-23 18:09:54.608 I/godot   (22378): [BAKE] Disk cache HIT: loaded db12addf
09-23 18:09:54.611 I/godot   (22378): [BAKE] Disk cache HIT: loaded 4f78b87f
09-23 18:09:54.615 I/godot   (22378): [BAKE] Disk cache HIT: loaded 5112e52e
09-23 18:09:54.618 I/godot   (22378): [BAKE] Disk cache HIT: loaded bd01cd11
09-23 18:09:54.621 I/godot   (22378): [BAKE] Disk cache HIT: loaded 75a5bc1d
09-23 18:09:54.624 I/godot   (22378): [BAKE] Disk cache HIT: loaded 564b730c
09-23 18:09:54.628 I/godot   (22378): [BAKE] Disk cache HIT: loaded a1ac09bb
09-23 18:09:54.631 I/godot   (22378): [BAKE] Disk cache HIT: loaded 62ea1cf0
09-23 18:09:54.635 I/godot   (22378): [BAKE] Disk cache HIT: loaded 50ff1a31
09-23 18:09:54.638 I/godot   (22378): [BAKE] Disk cache HIT: loaded dc23f14e
09-23 18:09:54.641 I/godot   (22378): [BAKE] Disk cache HIT: loaded 8b168722
09-23 18:09:54.645 I/godot   (22378): [BAKE] Disk cache HIT: loaded dd8c31d3
09-23 18:09:54.648 I/godot   (22378): [BAKE] Disk cache HIT: loaded 31dce524
09-23 18:09:54.651 I/godot   (22378): [BAKE] Disk cache HIT: loaded dbe61180
09-23 18:09:54.654 I/godot   (22378): [BAKE] Disk cache HIT: loaded 495c7481
09-23 18:09:54.658 I/godot   (22378): [BAKE] Disk cache HIT: loaded e1c6405e
09-23 18:09:54.661 I/godot   (22378): [BAKE] Disk cache HIT: loaded 266b01ab
09-23 18:09:54.665 I/godot   (22378): [BAKE] Disk cache HIT: loaded 53a66e9a
09-23 18:09:54.668 I/godot   (22378): [BAKE] Disk cache HIT: loaded d31dba8d
09-23 18:09:54.671 I/godot   (22378): [BAKE] Disk cache HIT: loaded 4da47f86
09-23 18:09:54.674 I/godot   (22378): [BAKE] Disk cache HIT: loaded ec09bbb7
09-23 18:09:54.678 I/godot   (22378): [BAKE] Disk cache HIT: loaded a05b0628
09-23 18:09:54.681 I/godot   (22378): [BAKE] Disk cache HIT: loaded 2ad8f476
09-23 18:09:54.684 I/godot   (22378): [BAKE] Disk cache HIT: loaded 7655f6e7
09-23 18:09:54.688 I/godot   (22378): [BAKE] Disk cache HIT: loaded aaa677d8
09-23 18:09:54.691 I/godot   (22378): [BAKE] Disk cache HIT: loaded 93993437
09-23 18:09:54.694 I/godot   (22378): [BAKE] Disk cache HIT: loaded f533f806
09-23 18:09:54.697 I/godot   (22378): [BAKE] Disk cache HIT: loaded 953399a9
09-23 18:09:54.700 I/godot   (22378): [BAKE] Disk cache HIT: loaded 0fc056b1
09-23 18:09:54.704 I/godot   (22378): [BAKE] Disk cache HIT: loaded 21ab5970
09-23 18:09:54.707 I/godot   (22378): [BAKE] Disk cache HIT: loaded ed0b269f
09-23 18:09:54.710 I/godot   (22378): [BAKE] Disk cache HIT: loaded 9b8ed3b4
09-23 18:09:54.713 I/godot   (22378): [BAKE] Disk cache HIT: loaded 99ce5225
09-23 18:09:54.716 I/godot   (22378): [BAKE] Disk cache HIT: loaded 48889b32
09-23 18:09:54.720 I/godot   (22378): [BAKE] Disk cache HIT: loaded 1a067eca
09-23 18:09:54.723 I/godot   (22378): [BAKE] Disk cache HIT: loaded ec2d411b
09-23 18:09:54.726 I/godot   (22378): [BAKE] Disk cache HIT: loaded 4d0c84ec
09-23 18:09:54.729 I/godot   (22378): [BAKE] Disk cache HIT: loaded 0054ff2c
09-23 18:09:54.732 I/godot   (22378): [BAKE] Disk cache HIT: loaded 9308edbd
09-23 18:09:54.735 I/godot   (22378): [BAKE] Disk cache HIT: loaded f98e0a0a
09-23 18:09:54.738 I/godot   (22378): [BAKE] Disk cache HIT: loaded bcf9043b
09-23 18:09:54.742 I/godot   (22378): [BAKE] Disk cache HIT: loaded ead241ea
09-23 18:09:54.745 I/godot   (22378): [BAKE] Disk cache HIT: loaded 90f2b69d
09-23 18:09:54.749 I/godot   (22378): [BAKE] Disk cache HIT: loaded 9e92ca16
09-23 18:09:54.752 I/godot   (22378): [BAKE] Disk cache HIT: loaded 101b2487
09-23 18:09:54.755 I/godot   (22378): [BAKE] Disk cache HIT: loaded caa027f8
09-23 18:09:54.759 I/godot   (22378): [BAKE] Disk cache HIT: loaded db3c5d88
09-23 18:09:54.762 I/godot   (22378): [BAKE] Disk cache HIT: loaded a7490d89
09-23 18:09:54.766 I/godot   (22378): [BAKE] Disk cache HIT: loaded b387b366
09-23 18:09:54.769 I/godot   (22378): [BAKE] Disk cache HIT: loaded d51907ad
09-23 18:09:54.772 I/godot   (22378): [BAKE] Disk cache HIT: loaded c303b35c
09-23 18:09:54.775 I/godot   (22378): [BAKE] Disk cache HIT: loaded 0dc4e64b
09-23 18:09:54.778 I/godot   (22378): [BAKE] Disk cache HIT: loaded 6f0d800b
09-23 18:09:54.782 I/godot   (22378): [BAKE] Disk cache HIT: loaded 988e09fa
09-23 18:09:54.786 I/godot   (22378): [BAKE] Disk cache HIT: loaded 3661a16d
09-23 18:09:54.789 I/godot   (22378): [BAKE] Disk cache HIT: loaded 00714a05
09-23 18:09:54.792 I/godot   (22378): [BAKE] Disk cache HIT: loaded 758b7114
09-23 18:09:54.796 I/godot   (22378): [BAKE] Disk cache HIT: loaded ade11843
09-23 18:09:54.799 I/godot   (22378): [BAKE] Disk cache HIT: loaded c99c60fa
09-23 18:09:54.802 I/godot   (22378): [BAKE] Disk cache HIT: loaded a01bd70b
09-23 18:09:54.805 I/godot   (22378): [BAKE] Disk cache HIT: loaded 555aa41c
09-23 18:09:54.809 I/godot   (22378): [BAKE] Disk cache HIT: loaded d172d041
09-23 18:09:54.812 I/godot   (22378): [BAKE] Disk cache HIT: loaded 0b443040
09-23 18:09:54.815 I/godot   (22378): [BAKE] Disk cache HIT: loaded 63e9bbaf
09-23 18:09:54.819 I/godot   (22378): [BAKE] Disk cache HIT: loaded 7dc14c67
09-23 18:09:54.822 I/godot   (22378): [BAKE] Disk cache HIT: loaded 324449f6
09-23 18:09:54.825 I/godot   (22378): [BAKE] Disk cache HIT: loaded febd1799
09-23 18:09:54.829 I/godot   (22378): [BAKE] Disk cache HIT: loaded 80070612
09-23 18:09:54.832 I/godot   (22378): [BAKE] Disk cache HIT: loaded d27cb0c3
09-23 18:09:54.835 I/godot   (22378): [BAKE] Disk cache HIT: loaded 9a270994
09-23 18:09:54.838 I/godot   (22378): [BAKE] Disk cache HIT: loaded 408a168c
09-23 18:09:54.842 I/godot   (22378): [BAKE] Disk cache HIT: loaded 5fe45f9d
09-23 18:09:54.849 I/godot   (22378): [BAKE] Disk cache HIT: loaded b9c3eaea
09-23 18:09:54.854 I/godot   (22378): [BAKE] Disk cache HIT: loaded fb0049ea
09-23 18:09:54.858 I/godot   (22378): [BAKE] Disk cache HIT: loaded cd270c3b
09-23 18:09:54.861 I/godot   (22378): [BAKE] Disk cache HIT: loaded 81c6758c
09-23 18:09:54.865 I/godot   (22378): [BAKE] Disk cache HIT: loaded 725b1a95
09-23 18:09:54.868 I/godot   (22378): [BAKE] Disk cache HIT: loaded f41ad2a4
09-23 18:09:54.873 I/godot   (22378): [BAKE] Disk cache HIT: loaded 9fca1f53
09-23 18:09:54.878 I/godot   (22378): [BAKE] Disk cache HIT: loaded 3ce87820
09-23 18:09:54.881 I/godot   (22378): [BAKE] Disk cache HIT: loaded aa5edb21
09-23 18:09:54.884 I/godot   (22378): [BAKE] Disk cache HIT: loaded dd6945fe
09-23 18:09:54.887 I/godot   (22378): [BAKE] Disk cache HIT: loaded 375c7783
09-23 18:09:54.890 I/godot   (22378): [BAKE] Disk cache HIT: loaded e4e6ccd2
09-23 18:09:54.893 I/godot   (22378): [BAKE] Disk cache HIT: loaded 89eca945
09-23 18:09:54.896 I/godot   (22378): [BAKE] Disk cache HIT: loaded 6f1c8b0d
09-23 18:09:54.898 I/godot   (22378): [BAKE] Disk cache HIT: loaded cf23a7bc
09-23 18:09:54.901 I/godot   (22378): [BAKE] Disk cache HIT: loaded c269d22b
09-23 18:09:54.904 I/godot   (22378): [BAKE] Disk cache HIT: loaded a2f6a7a8
09-23 18:09:54.907 I/godot   (22378): [BAKE] Disk cache HIT: loaded f03fc2a9
09-23 18:09:54.910 I/godot   (22378): [BAKE] Disk cache HIT: loaded 50402106
09-23 18:09:54.913 I/godot   (22378): [BAKE] Disk cache HIT: loaded 170da79e
09-23 18:09:54.915 I/godot   (22378): [BAKE] Disk cache HIT: loaded 69d3042f
09-23 18:09:54.919 I/godot   (22378): [BAKE] Disk cache HIT: loaded 112d78c0
09-23 18:09:54.922 I/godot   (22378): [BAKE] Disk cache HIT: loaded 0bea3be0
09-23 18:09:54.924 I/godot   (22378): [BAKE] Disk cache HIT: loaded 79609ee1
09-23 18:09:54.928 I/godot   (22378): [BAKE] Disk cache HIT: loaded d8e435be
09-23 18:09:54.931 I/godot   (22378): [BAKE] Disk cache HIT: loaded c2f0fe17
09-23 18:09:54.934 I/godot   (22378): [BAKE] Disk cache HIT: loaded d0ca0966
09-23 18:09:54.937 I/godot   (22378): [BAKE] Disk cache HIT: loaded c48b6389
09-23 18:09:54.940 I/godot   (22378): [BAKE] Disk cache HIT: loaded f42ffe0a
09-23 18:09:54.943 I/godot   (22378): [BAKE] Disk cache HIT: loaded c656c05b
09-23 18:09:54.946 I/godot   (22378): [BAKE] Disk cache HIT: loaded faf6f32c
09-23 18:09:54.949 I/godot   (22378): [BAKE] Disk cache HIT: loaded 8e459ee2
09-23 18:09:54.952 I/godot   (22378): [BAKE] Disk cache HIT: loaded e0bb4993
09-23 18:09:54.954 I/godot   (22378): [BAKE] Disk cache HIT: loaded 350bfce4
09-23 18:09:54.957 I/godot   (22378): [BAKE] Disk cache HIT: loaded 22b77a14
09-23 18:09:54.960 I/godot   (22378): [BAKE] Disk cache HIT: loaded ad9d5305
09-23 18:09:54.964 I/godot   (22378): [BAKE] Disk cache HIT: loaded 08977692
09-23 18:09:54.967 I/godot   (22378): [BAKE] Disk cache HIT: loaded 2b3ac651
09-23 18:09:54.970 I/godot   (22378): [BAKE] Disk cache HIT: loaded 4b0a2190
09-23 18:09:54.973 I/godot   (22378): [BAKE] Disk cache HIT: loaded 1669eebf
09-23 18:09:54.976 I/godot   (22378): [BAKE] Disk cache HIT: loaded ddd178df
09-23 18:09:54.979 I/godot   (22378): [BAKE] Disk cache HIT: loaded 8bab800e
09-23 18:09:54.982 I/godot   (22378): [BAKE] Disk cache HIT: loaded 0086a8f1
09-23 18:09:54.985 I/godot   (22378): [BAKE] Disk cache HIT: loaded 078ff8c9
09-23 18:09:54.988 I/godot   (22378): [BAKE] Disk cache HIT: loaded 3b8348c8
09-23 18:09:54.991 I/godot   (22378): [BAKE] Disk cache HIT: loaded 05f59357
09-23 18:09:54.994 I/godot   (22378): [BAKE] Disk cache HIT: loaded fa29a4f6
09-23 18:09:54.997 I/godot   (22378): [BAKE] Disk cache HIT: loaded 45a6a767
09-23 18:09:55.000 I/godot   (22378): [BAKE] Disk cache HIT: loaded 79f72858
09-23 18:09:55.004 I/godot   (22378): [BAKE] Disk cache HIT: loaded c43fb14b
09-23 18:09:55.007 I/godot   (22378): [BAKE] Disk cache HIT: loaded 72b7893a
09-23 18:09:55.010 I/godot   (22378): [BAKE] Disk cache HIT: loaded 8b93d2ad
09-23 18:09:55.013 I/godot   (22378): [BAKE] Disk cache HIT: loaded 3c0fdd7d
09-23 18:09:55.016 I/godot   (22378): [BAKE] Disk cache HIT: loaded 50a3b1ec
09-23 18:09:55.019 I/godot   (22378): [BAKE] Disk cache HIT: loaded efc46e1b
09-23 18:09:55.022 I/godot   (22378): [BAKE] Disk cache HIT: loaded 5d243053
09-23 18:09:55.025 I/godot   (22378): [BAKE] Disk cache HIT: loaded 0aae85a2
09-23 18:09:55.027 I/godot   (22378): [BAKE] Disk cache HIT: loaded 2fb52b95
09-23 18:09:55.030 I/godot   (22378): [BAKE] Disk cache HIT: loaded dcc1c5e6
09-23 18:09:55.033 I/godot   (22378): [BAKE] Disk cache HIT: loaded cee8ba97
09-23 18:09:55.036 I/godot   (22378): [BAKE] Disk cache HIT: loaded 04767008
09-23 18:09:55.038 I/godot   (22378): [BAKE] Disk cache HIT: loaded e8344460
09-23 18:09:55.041 I/godot   (22378): [BAKE] Disk cache HIT: loaded 55aaa761
09-23 18:09:55.044 I/godot   (22378): [BAKE] Disk cache HIT: loaded b52e3e3e
09-23 18:09:55.047 I/godot   (22378): [BAKE] Disk cache HIT: loaded 3ac39f1e
09-23 18:09:55.049 I/godot   (22378): [BAKE] Disk cache HIT: loaded 8d88fbaf
09-23 18:09:55.052 I/godot   (22378): [BAKE] Disk cache HIT: loaded 34e37040
09-23 18:09:55.055 I/godot   (22378): [BAKE] Disk cache HIT: loaded ae9fd721
09-23 18:09:55.058 I/godot   (22378): [BAKE] Disk cache HIT: loaded 41297420
09-23 18:09:55.061 I/godot   (22378): [BAKE] Disk cache HIT: loaded 8beaa70f
09-23 18:09:55.064 I/godot   (22378): [BAKE] Disk cache HIT: loaded 991789cc
09-23 18:09:55.068 I/godot   (22378): [BAKE] Disk cache HIT: loaded b871d2dd
09-23 18:09:55.070 I/godot   (22378): [BAKE] Disk cache HIT: loaded b999212a
09-23 18:09:55.073 I/godot   (22378): [BAKE] Disk cache HIT: loaded 5e0bedbc
09-23 18:09:55.076 I/godot   (22378): [BAKE] Disk cache HIT: loaded fe04d10d
09-23 18:09:55.080 I/godot   (22378): [BAKE] Disk cache HIT: loaded 7e8d851a
09-23 18:09:55.082 I/godot   (22378): [BAKE] Disk cache HIT: loaded f0cbacc5
09-23 18:09:55.085 I/godot   (22378): [BAKE] Disk cache HIT: loaded 65e5d3d4
09-23 18:09:55.088 I/godot   (22378): [BAKE] Disk cache HIT: loaded 9e3b7b03
09-23 18:09:55.091 I/godot   (22378): [BAKE] Disk cache HIT: loaded fe7ed17f
09-23 18:09:55.094 I/godot   (22378): [BAKE] Disk cache HIT: loaded 0018fe2e
09-23 18:09:55.097 I/godot   (22378): [BAKE] Disk cache HIT: loaded 6c07e611
09-23 18:09:55.100 I/godot   (22378): [BAKE] Disk cache HIT: loaded f8617f42
09-23 18:09:55.103 I/godot   (22378): [BAKE] Disk cache HIT: loaded a2523273
09-23 18:09:55.106 I/godot   (22378): [BAKE] Disk cache HIT: loaded 241f2b44
09-23 18:09:55.109 I/godot   (22378): [BAKE] Disk cache HIT: loaded 43e30398
09-23 18:09:55.111 I/godot   (22378): [BAKE] Disk cache HIT: loaded 908e4dd9
09-23 18:09:55.114 I/godot   (22378): [BAKE] Disk cache HIT: loaded 1ccdbd36
09-23 18:09:55.117 I/godot   (22378): [BAKE] Disk cache HIT: loaded 9bc17792
09-23 18:09:55.120 I/godot   (22378): [BAKE] Disk cache HIT: loaded ee372243
09-23 18:09:55.122 I/godot   (22378): [BAKE] Disk cache HIT: loaded b5e17b14
09-23 18:09:55.125 I/godot   (22378): [BAKE] Disk cache HIT: loaded 8af654d1
09-23 18:09:55.128 I/godot   (22378): [BAKE] Disk cache HIT: loaded aac5b010
09-23 18:09:55.131 I/godot   (22378): [BAKE] Disk cache HIT: loaded 76257d3f
09-23 18:09:55.134 I/godot   (22378): [BAKE] Disk cache HIT: loaded 97f724ec
09-23 18:09:55.136 I/godot   (22378): [BAKE] Disk cache HIT: loaded 8363507d
09-23 18:09:55.139 I/godot   (22378): [BAKE] Disk cache HIT: loaded 64f11eca
09-23 18:09:55.142 I/godot   (22378): [BAKE] Disk cache HIT: loaded 02300d3e
09-23 18:09:55.146 I/godot   (22378): [BAKE] Disk cache HIT: loaded 53b8354f
09-23 18:09:55.149 I/godot   (22378): [BAKE] Disk cache HIT: loaded 35361360
09-23 18:09:55.152 I/godot   (22378): [BAKE] Disk cache HIT: loaded cc7a3463
09-23 18:09:55.154 I/godot   (22378): [BAKE] Disk cache HIT: loaded cf01e3b2
09-23 18:09:55.157 I/godot   (22378): [BAKE] Disk cache HIT: loaded 20479aa5
09-23 18:09:55.160 I/godot   (22378): [BAKE] Disk cache HIT: loaded a4e028c1
09-23 18:09:55.164 I/godot   (22378): [BAKE] Disk cache HIT: loaded deb188c0
09-23 18:09:55.167 I/godot   (22378): [BAKE] Disk cache HIT: loaded 3757142f
09-23 18:09:55.170 I/godot   (22378): [BAKE] Disk cache HIT: loaded 37935b73
09-23 18:09:55.172 I/godot   (22378): [BAKE] Disk cache HIT: loaded 8da2a842
09-23 18:09:55.175 I/godot   (22378): [BAKE] Disk cache HIT: loaded 8b60c1b5
09-23 18:09:55.178 I/godot   (22378): [BAKE] Disk cache HIT: loaded 02b23628
09-23 18:09:55.181 I/godot   (22378): [BAKE] Disk cache HIT: loaded 4ffb5129
09-23 18:09:55.184 I/godot   (22378): [BAKE] Disk cache HIT: loaded affbaf86
09-23 18:09:55.187 I/godot   (22378): [BAKE] Disk cache HIT: loaded b9cd8a6b
09-23 18:09:55.190 I/godot   (22378): [BAKE] Disk cache HIT: loaded e708f75a
09-23 18:09:55.193 I/godot   (22378): [BAKE] Disk cache HIT: loaded 0dc8064d
09-23 18:09:55.196 I/godot   (22378): [BAKE] Disk cache HIT: loaded cefc66e9
09-23 18:09:55.199 I/godot   (22378): [BAKE] Disk cache HIT: loaded 28fb0ee8
09-23 18:09:55.201 I/godot   (22378): [BAKE] Disk cache HIT: loaded 74a9c477
09-23 18:09:55.205 I/godot   (22378): [BAKE] Disk cache HIT: loaded 4a4da5e4
09-23 18:09:55.208 I/godot   (22378): [BAKE] Disk cache HIT: loaded 21462ad5
09-23 18:09:55.211 I/godot   (22378): [BAKE] Disk cache HIT: loaded a38747e2
09-23 18:09:55.214 I/godot   (22378): [BAKE] Disk cache HIT: loaded 72002296
09-23 18:09:55.216 I/godot   (22378): [BAKE] Disk cache HIT: loaded e3887d07
09-23 18:09:55.219 I/godot   (22378): [BAKE] Disk cache HIT: loaded 9e0d8078
09-23 18:09:55.222 I/godot   (22378): [BAKE] Disk cache HIT: loaded b7494534
09-23 18:09:55.225 I/godot   (22378): [BAKE] Disk cache HIT: loaded b588c3a5
09-23 18:09:55.228 I/godot   (22378): [BAKE] Disk cache HIT: loaded 64430cb2
09-23 18:09:55.231 I/godot   (22378): [BAKE] Disk cache HIT: loaded cae2dc07
09-23 18:09:55.234 I/godot   (22378): [BAKE] Disk cache HIT: loaded 595a8196
09-23 18:09:55.237 I/godot   (22378): [BAKE] Disk cache HIT: loaded b279a9b9
09-23 18:09:55.240 I/godot   (22378): [BAKE] Disk cache HIT: loaded de015d02
09-23 18:09:55.243 I/godot   (22378): [BAKE] Disk cache HIT: loaded 2f39d333
09-23 18:09:55.246 I/godot   (22378): [BAKE] Disk cache HIT: loaded 84c7bb04
09-23 18:09:55.249 I/godot   (22378): [BAKE] Disk cache HIT: loaded 9925edef
09-23 18:09:55.253 I/godot   (22378): [BAKE] Disk cache HIT: loaded 4660915e
09-23 18:09:55.256 I/godot   (22378): [BAKE] Disk cache HIT: loaded adf6c581
09-23 18:09:55.259 I/godot   (22378): [BAKE] Disk cache HIT: loaded db105109
09-23 18:09:55.263 I/godot   (22378): [BAKE] Disk cache HIT: loaded 0f03a108
09-23 18:09:55.266 I/godot   (22378): [BAKE] Disk cache HIT: loaded d975eb97
09-23 18:09:55.269 I/godot   (22378): [BAKE] Disk cache HIT: loaded 78a85bfc
09-23 18:09:55.272 I/godot   (22378): [BAKE] Disk cache HIT: loaded 18a13f4d
09-23 18:09:55.275 I/godot   (22378): [BAKE] Disk cache HIT: loaded f1e2305a
09-23 18:09:55.278 I/godot   (22378): [BAKE] Disk cache HIT: loaded 4d0a65c2
09-23 18:09:55.281 I/godot   (22378): [BAKE] Disk cache HIT: loaded f6fb18f3
09-23 18:09:55.283 I/godot   (22378): [BAKE] Disk cache HIT: loaded 78c811c4
09-23 18:09:55.286 I/godot   (22378): [BAKE] Disk cache HIT: loaded a78c2364
09-23 18:09:55.289 I/godot   (22378): [BAKE] Disk cache HIT: loaded 7e84a855
09-23 18:09:55.292 I/godot   (22378): [BAKE] Disk cache HIT: loaded 00c5c562
09-23 18:09:55.295 I/godot   (22378): [BAKE] Disk cache HIT: loaded 2db3fd43
09-23 18:09:55.297 I/godot   (22378): [BAKE] Disk cache HIT: loaded db3e5292
09-23 18:09:55.300 I/godot   (22378): [BAKE] Disk cache HIT: loaded 80442f05
09-23 18:09:55.303 I/godot   (22378): [BAKE] Disk cache HIT: loaded 94daf0a6
09-23 18:09:55.306 I/godot   (22378): [BAKE] Disk cache HIT: loaded dfba2257
09-23 18:09:55.309 I/godot   (22378): [BAKE] Disk cache HIT: loaded 1547d7c8
09-23 18:09:55.312 I/godot   (22378): [BAKE] Disk cache HIT: loaded 441eecae
09-23 18:09:55.314 I/godot   (22378): [BAKE] Disk cache HIT: loaded 4284bfff
09-23 18:09:55.317 I/godot   (22378): [BAKE] Disk cache HIT: loaded cfdd2fd0
09-23 18:09:55.321 I/godot   (22378): [BAKE] Disk cache HIT: loaded 3822d120
09-23 18:09:55.324 I/godot   (22378): [BAKE] Disk cache HIT: loaded a5993421
09-23 18:09:55.327 I/godot   (22378): [BAKE] Disk cache HIT: loaded d8a39efe
09-23 18:09:55.330 I/godot   (22378): [BAKE] Disk cache HIT: loaded 7dbcbe55
09-23 18:09:55.333 I/godot   (22378): [BAKE] Disk cache HIT: loaded a6c43964
09-23 18:09:55.337 I/godot   (22378): [BAKE] Disk cache HIT: loaded 52738613
09-23 18:09:55.340 I/godot   (22378): [BAKE] Disk cache HIT: loaded 21231ae3
09-23 18:09:55.343 I/godot   (22378): [BAKE] Disk cache HIT: loaded 23aaca32
09-23 18:09:55.346 I/godot   (22378): [BAKE] Disk cache HIT: loaded 74f08125
09-23 18:09:55.349 I/godot   (22378): [BAKE] Disk cache HIT: loaded 3b0bc8dd
09-23 18:09:55.352 I/godot   (22378): [BAKE] Disk cache HIT: loaded 1bb17fcc
09-23 18:09:55.355 I/godot   (22378): [BAKE] Disk cache HIT: loaded 0e59d97b
09-23 18:09:55.358 I/godot   (22378): [BAKE] Disk cache HIT: loaded dd5561a2
09-23 18:09:55.361 I/godot   (22378): [BAKE] Disk cache HIT: loaded 2fcb0c53
09-23 18:09:55.364 I/godot   (22378): [BAKE] Disk cache HIT: loaded 841bbfa4
09-23 18:09:55.367 I/godot   (22378): [BAKE] Disk cache HIT: loaded 269bba47
09-23 18:09:55.371 I/godot   (22378): [BAKE] Disk cache HIT: loaded b5135fd6
09-23 18:09:55.374 I/godot   (22378): [BAKE] Disk cache HIT: loaded b57a4af9
09-23 18:09:55.377 I/godot   (22378): [BAKE] Disk cache HIT: loaded e5a9a719
09-23 18:09:55.380 I/godot   (22378): [BAKE] Disk cache HIT: loaded 98fe5cd8
09-23 18:09:55.383 I/godot   (22378): [BAKE] Disk cache HIT: loaded 64addbe7
09-23 18:09:55.386 I/godot   (22378): [BAKE] Disk cache HIT: loaded 0146d99f
09-23 18:09:55.389 I/godot   (22378): [BAKE] Disk cache HIT: loaded af20e0ce
09-23 18:09:55.392 I/godot   (22378): [BAKE] Disk cache HIT: loaded 23fc09b1
09-23 18:09:55.395 I/godot   (22378): [BAKE] Disk cache HIT: loaded 7fa109ba
09-23 18:09:55.398 I/godot   (22378): [BAKE] Disk cache HIT: loaded d12931cb
09-23 18:09:55.401 I/godot   (22378): [BAKE] Disk cache HIT: loaded 8667fedc
09-23 18:09:55.404 I/godot   (22378): [BAKE] Disk cache HIT: loaded 9ef68c64
09-23 18:09:55.407 I/godot   (22378): [BAKE] Disk cache HIT: loaded 75ef1155
09-23 18:09:55.410 I/godot   (22378): [BAKE] Disk cache HIT: loaded f8302e62
09-23 18:09:55.412 I/godot   (22378): [BAKE] Disk cache HIT: loaded 559ffcc2
09-23 18:09:55.415 I/godot   (22378): [BAKE] Disk cache HIT: loaded ff90aff3
09-23 18:09:55.420 I/godot   (22378): [BAKE] Disk cache HIT: loaded 815da8c4
09-23 18:09:55.423 I/godot   (22378): [BAKE] Disk cache HIT: loaded dd0a683d
09-23 18:09:55.426 I/godot   (22378): [BAKE] Disk cache HIT: loaded 4a5679ac
09-23 18:09:55.430 I/godot   (22378): [BAKE] Disk cache HIT: loaded 15b646db
09-23 18:09:55.433 I/godot   (22378): [BAKE] Disk cache HIT: loaded d973c668
09-23 18:09:55.437 I/godot   (22378): [BAKE] Disk cache HIT: loaded 7f751e69
09-23 18:09:55.440 I/godot   (22378): [BAKE] Disk cache HIT: loaded b2fc50c6
09-23 18:09:55.443 I/godot   (22378): [BAKE] Disk cache HIT: loaded 01598f48
09-23 18:09:55.446 I/godot   (22378): [BAKE] Disk cache HIT: loaded cd663f49
09-23 18:09:55.450 I/godot   (22378): [BAKE] Disk cache HIT: loaded 80eca826
09-23 18:09:55.452 I/godot   (22378): [BAKE] Disk cache MISS: file not found /data/data/com.example.infiltraitor/files/damage_atom_cache/dc910c0e.bin
09-23 18:09:55.455 I/godot   (22378): [BAKE] Disk cache MISS: file not found /data/data/com.example.infiltraitor/files/damage_atom_cache/2eb704df.bin
09-23 18:09:55.457 I/godot   (22378): [BAKE] Disk cache MISS: file not found /data/data/com.example.infiltraitor/files/damage_atom_cache/635737b0.bin
09-23 18:09:55.459 I/godot   (22378): [BAKE] Disk cache MISS: file not found /data/data/com.example.infiltraitor/files/damage_atom_cache/96667239.bin
09-23 18:09:55.463 I/godot   (22378): [BAKE] Disk cache MISS: file not found /data/data/com.example.infiltraitor/files/damage_atom_cache/6954a7f8.bin
09-23 18:09:55.465 I/godot   (22378): [BAKE] Disk cache MISS: file not found /data/data/com.example.infiltraitor/files/damage_atom_cache/aecfa487.bin
09-23 18:09:55.468 I/godot   (22378): [BAKE] Disk cache MISS: file not found /data/data/com.example.infiltraitor/files/damage_atom_cache/b6e72c0c.bin
09-23 18:09:55.470 I/godot   (22378): [BAKE] Disk cache MISS: file not found /data/data/com.example.infiltraitor/files/damage_atom_cache/d641751d.bin
09-23 18:09:55.472 I/godot   (22378): [BAKE] Disk cache MISS: file not found /data/data/com.example.infiltraitor/files/damage_atom_cache/3021006a.bin
09-23 18:09:55.475 I/godot   (22378): [BAKE] Disk cache MISS: file not found /data/data/com.example.infiltraitor/files/damage_atom_cache/3c0a4a83.bin
09-23 18:09:55.477 I/godot   (22378): [BAKE] Disk cache MISS: file not found /data/data/com.example.infiltraitor/files/damage_atom_cache/e9949fd2.bin
09-23 18:09:55.480 I/godot   (22378): [BAKE] Disk cache MISS: file not found /data/data/com.example.infiltraitor/files/damage_atom_cache/8e9a7c45.bin
09-23 18:09:55.483 I/godot   (22378): [BAKE] Disk cache MISS: file not found /data/data/com.example.infiltraitor/files/damage_atom_cache/96667239.bin
09-23 18:09:55.486 I/godot   (22378): [BAKE] Disk cache MISS: file not found /data/data/com.example.infiltraitor/files/damage_atom_cache/6954a7f8.bin
09-23 18:09:55.488 I/godot   (22378): [BAKE] Disk cache MISS: file not found /data/data/com.example.infiltraitor/files/damage_atom_cache/aecfa487.bin
09-23 18:09:55.491 I/godot   (22378): [BAKE] Disk cache MISS: file not found /data/data/com.example.infiltraitor/files/damage_atom_cache/b6e72c0c.bin
09-23 18:09:55.493 I/godot   (22378): [BAKE] Disk cache MISS: file not found /data/data/com.example.infiltraitor/files/damage_atom_cache/d641751d.bin
09-23 18:09:55.496 I/godot   (22378): [BAKE] Disk cache MISS: file not found /data/data/com.example.infiltraitor/files/damage_atom_cache/3021006a.bin
09-23 18:09:55.498 I/godot   (22378): [BAKE] Disk cache MISS: file not found /data/data/com.example.infiltraitor/files/damage_atom_cache/dc910c0e.bin
09-23 18:09:55.500 I/godot   (22378): [BAKE] Disk cache MISS: file not found /data/data/com.example.infiltraitor/files/damage_atom_cache/2eb704df.bin
09-23 18:09:55.502 I/godot   (22378): [BAKE] Disk cache MISS: file not found /data/data/com.example.infiltraitor/files/damage_atom_cache/635737b0.bin
09-23 18:09:55.505 I/godot   (22378): [BAKE] Disk cache MISS: file not found /data/data/com.example.infiltraitor/files/damage_atom_cache/96667239.bin
09-23 18:09:55.507 I/godot   (22378): [BAKE] Disk cache MISS: file not found /data/data/com.example.infiltraitor/files/damage_atom_cache/6954a7f8.bin
09-23 18:09:55.509 I/godot   (22378): [BAKE] Disk cache MISS: file not found /data/data/com.example.infiltraitor/files/damage_atom_cache/aecfa487.bin
09-23 18:09:55.511 I/godot   (22378): [BAKE] Disk cache MISS: file not found /data/data/com.example.infiltraitor/files/damage_atom_cache/b6e72c0c.bin
09-23 18:09:55.514 I/godot   (22378): [BAKE] Disk cache MISS: file not found /data/data/com.example.infiltraitor/files/damage_atom_cache/d641751d.bin
09-23 18:09:55.516 I/godot   (22378): [BAKE] Disk cache MISS: file not found /data/data/com.example.infiltraitor/files/damage_atom_cache/3021006a.bin
09-23 18:09:55.519 I/godot   (22378): [BAKE] Disk cache MISS: file not found /data/data/com.example.infiltraitor/files/damage_atom_cache/3c0a4a83.bin
09-23 18:09:55.521 I/godot   (22378): [BAKE] Disk cache MISS: file not found /data/data/com.example.infiltraitor/files/damage_atom_cache/e9949fd2.bin
09-23 18:09:55.524 I/godot   (22378): [BAKE] Disk cache MISS: file not found /data/data/com.example.infiltraitor/files/damage_atom_cache/8e9a7c45.bin
09-23 18:09:55.527 I/godot   (22378): [BAKE] Disk cache MISS: file not found /data/data/com.example.infiltraitor/files/damage_atom_cache/96667239.bin
09-23 18:09:55.530 I/godot   (22378): [BAKE] Disk cache MISS: file not found /data/data/com.example.infiltraitor/files/damage_atom_cache/6954a7f8.bin
09-23 18:09:55.532 I/godot   (22378): [BAKE] Disk cache MISS: file not found /data/data/com.example.infiltraitor/files/damage_atom_cache/aecfa487.bin
09-23 18:09:55.535 I/godot   (22378): [BAKE] Disk cache MISS: file not found /data/data/com.example.infiltraitor/files/damage_atom_cache/b6e72c0c.bin
09-23 18:09:55.538 I/godot   (22378): [BAKE] Disk cache MISS: file not found /data/data/com.example.infiltraitor/files/damage_atom_cache/d641751d.bin
09-23 18:09:55.541 I/godot   (22378): [BAKE] Disk cache MISS: file not found /data/data/com.example.infiltraitor/files/damage_atom_cache/3021006a.bin
09-23 18:09:55.544 I/godot   (22378): [BAKE] Disk cache MISS: file not found /data/data/com.example.infiltraitor/files/damage_atom_cache/dc910c0e.bin
09-23 18:09:55.547 I/godot   (22378): [BAKE] Disk cache MISS: file not found /data/data/com.example.infiltraitor/files/damage_atom_cache/2eb704df.bin
09-23 18:09:55.550 I/godot   (22378): [BAKE] Disk cache MISS: file not found /data/data/com.example.infiltraitor/files/damage_atom_cache/635737b0.bin
09-23 18:09:55.552 I/godot   (22378): [BAKE] Disk cache MISS: file not found /data/data/com.example.infiltraitor/files/damage_atom_cache/96667239.bin
09-23 18:09:55.554 I/godot   (22378): [BAKE] Disk cache MISS: file not found /data/data/com.example.infiltraitor/files/damage_atom_cache/6954a7f8.bin
09-23 18:09:55.557 I/godot   (22378): [BAKE] Disk cache MISS: file not found /data/data/com.example.infiltraitor/files/damage_atom_cache/aecfa487.bin
09-23 18:09:55.559 I/godot   (22378): [BAKE] Disk cache MISS: file not found /data/data/com.example.infiltraitor/files/damage_atom_cache/b6e72c0c.bin
09-23 18:09:55.562 I/godot   (22378): [BAKE] Disk cache MISS: file not found /data/data/com.example.infiltraitor/files/damage_atom_cache/d641751d.bin
09-23 18:09:55.564 I/godot   (22378): [BAKE] Disk cache MISS: file not found /data/data/com.example.infiltraitor/files/damage_atom_cache/3021006a.bin
09-23 18:09:55.567 I/godot   (22378): [BAKE] Disk cache MISS: file not found /data/data/com.example.infiltraitor/files/damage_atom_cache/3c0a4a83.bin
09-23 18:09:55.569 I/godot   (22378): [BAKE] Disk cache MISS: file not found /data/data/com.example.infiltraitor/files/damage_atom_cache/e9949fd2.bin
09-23 18:09:55.571 I/godot   (22378): [BAKE] Disk cache MISS: file not found /data/data/com.example.infiltraitor/files/damage_atom_cache/8e9a7c45.bin
09-23 18:09:55.574 I/godot   (22378): [BAKE] Disk cache MISS: file not found /data/data/com.example.infiltraitor/files/damage_atom_cache/96667239.bin
09-23 18:09:55.577 I/godot   (22378): [BAKE] Disk cache MISS: file not found /data/data/com.example.infiltraitor/files/damage_atom_cache/6954a7f8.bin
09-23 18:09:55.580 I/godot   (22378): [BAKE] Disk cache MISS: file not found /data/data/com.example.infiltraitor/files/damage_atom_cache/aecfa487.bin
09-23 18:09:55.582 I/godot   (22378): [BAKE] Disk cache MISS: file not found /data/data/com.example.infiltraitor/files/damage_atom_cache/b6e72c0c.bin
09-23 18:09:55.585 I/godot   (22378): [BAKE] Disk cache MISS: file not found /data/data/com.example.infiltraitor/files/damage_atom_cache/d641751d.bin
09-23 18:09:55.588 I/godot   (22378): [BAKE] Disk cache MISS: file not found /data/data/com.example.infiltraitor/files/damage_atom_cache/3021006a.bin
09-23 18:09:55.591 I/godot   (22378): [BAKE] Disk cache MISS: file not found /data/data/com.example.infiltraitor/files/damage_atom_cache/fa046aa8.bin
09-23 18:09:55.594 I/godot   (22378): [BAKE] Disk cache MISS: file not found /data/data/com.example.infiltraitor/files/damage_atom_cache/474d85a9.bin
09-23 18:09:55.596 I/godot   (22378): [BAKE] Disk cache MISS: file not found /data/data/com.example.infiltraitor/files/damage_atom_cache/a74de406.bin
09-23 18:09:55.599 I/godot   (22378): [BAKE] Disk cache MISS: file not found /data/data/com.example.infiltraitor/files/damage_atom_cache/112c1c4b.bin
09-23 18:09:55.601 I/godot   (22378): [BAKE] Disk cache MISS: file not found /data/data/com.example.infiltraitor/files/damage_atom_cache/bfa3f43a.bin
09-23 18:09:55.604 I/godot   (22378): [BAKE] Disk cache MISS: file not found /data/data/com.example.infiltraitor/files/damage_atom_cache/d8803dad.bin
09-23 18:09:55.607 I/godot   (22378): [BAKE] Disk cache MISS: file not found /data/data/com.example.infiltraitor/files/damage_atom_cache/bd68f70e.bin
09-23 18:09:55.610 I/godot   (22378): [BAKE] Disk cache MISS: file not found /data/data/com.example.infiltraitor/files/damage_atom_cache/0f8eefdf.bin
09-23 18:09:55.612 I/godot   (22378): [BAKE] Disk cache MISS: file not found /data/data/com.example.infiltraitor/files/damage_atom_cache/442f22b0.bin
09-23 18:09:55.615 I/godot   (22378): [BAKE] Disk cache MISS: file not found /data/data/com.example.infiltraitor/files/damage_atom_cache/6b0acc9d.bin
09-23 18:09:55.617 I/godot   (22378): [BAKE] Disk cache MISS: file not found /data/data/com.example.infiltraitor/files/damage_atom_cache/4bb0838c.bin
09-23 18:09:55.620 I/godot   (22378): [BAKE] Disk cache MISS: file not found /data/data/com.example.infiltraitor/files/damage_atom_cache/97111a3b.bin
09-23 18:09:55.622 I/godot   (22378): [BAKE] Disk cache MISS: file not found /data/data/com.example.infiltraitor/files/damage_atom_cache/112c1c4b.bin
09-23 18:09:55.625 I/godot   (22378): [BAKE] Disk cache MISS: file not found /data/data/com.example.infiltraitor/files/damage_atom_cache/bfa3f43a.bin
09-23 18:09:55.627 I/godot   (22378): [BAKE] Disk cache MISS: file not found /data/data/com.example.infiltraitor/files/damage_atom_cache/d8803dad.bin
09-23 18:09:55.630 I/godot   (22378): [BAKE] Disk cache MISS: file not found /data/data/com.example.infiltraitor/files/damage_atom_cache/bd68f70e.bin
09-23 18:09:55.632 I/godot   (22378): [BAKE] Disk cache MISS: file not found /data/data/com.example.infiltraitor/files/damage_atom_cache/0f8eefdf.bin
09-23 18:09:55.635 I/godot   (22378): [BAKE] Disk cache MISS: file not found /data/data/com.example.infiltraitor/files/damage_atom_cache/442f22b0.bin
09-23 18:09:55.637 I/godot   (22378): [BAKE] Disk cache MISS: file not found /data/data/com.example.infiltraitor/files/damage_atom_cache/fa046aa8.bin
09-23 18:09:55.640 I/godot   (22378): [BAKE] Disk cache MISS: file not found /data/data/com.example.infiltraitor/files/damage_atom_cache/474d85a9.bin
09-23 18:09:55.642 I/godot   (22378): [BAKE] Disk cache MISS: file not found /data/data/com.example.infiltraitor/files/damage_atom_cache/a74de406.bin
09-23 18:09:55.645 I/godot   (22378): [BAKE] Disk cache MISS: file not found /data/data/com.example.infiltraitor/files/damage_atom_cache/112c1c4b.bin
09-23 18:09:55.647 I/godot   (22378): [BAKE] Disk cache MISS: file not found /data/data/com.example.infiltraitor/files/damage_atom_cache/bfa3f43a.bin
09-23 18:09:55.649 I/godot   (22378): [BAKE] Disk cache MISS: file not found /data/data/com.example.infiltraitor/files/damage_atom_cache/d8803dad.bin
09-23 18:09:55.652 I/godot   (22378): [BAKE] Disk cache MISS: file not found /data/data/com.example.infiltraitor/files/damage_atom_cache/bd68f70e.bin
09-23 18:09:55.655 I/godot   (22378): [BAKE] Disk cache MISS: file not found /data/data/com.example.infiltraitor/files/damage_atom_cache/0f8eefdf.bin
09-23 18:09:55.657 I/godot   (22378): [BAKE] Disk cache MISS: file not found /data/data/com.example.infiltraitor/files/damage_atom_cache/442f22b0.bin
09-23 18:09:55.660 I/godot   (22378): [BAKE] Disk cache MISS: file not found /data/data/com.example.infiltraitor/files/damage_atom_cache/6b0acc9d.bin
09-23 18:09:55.663 I/godot   (22378): [BAKE] Disk cache MISS: file not found /data/data/com.example.infiltraitor/files/damage_atom_cache/4bb0838c.bin
09-23 18:09:55.665 I/godot   (22378): [BAKE] Disk cache MISS: file not found /data/data/com.example.infiltraitor/files/damage_atom_cache/97111a3b.bin
09-23 18:09:55.668 I/godot   (22378): [BAKE] Disk cache MISS: file not found /data/data/com.example.infiltraitor/files/damage_atom_cache/112c1c4b.bin
09-23 18:09:55.670 I/godot   (22378): [BAKE] Disk cache MISS: file not found /data/data/com.example.infiltraitor/files/damage_atom_cache/bfa3f43a.bin
09-23 18:09:55.673 I/godot   (22378): [BAKE] Disk cache MISS: file not found /data/data/com.example.infiltraitor/files/damage_atom_cache/d8803dad.bin
09-23 18:09:55.676 I/godot   (22378): [BAKE] Disk cache MISS: file not found /data/data/com.example.infiltraitor/files/damage_atom_cache/bd68f70e.bin
09-23 18:09:55.679 I/godot   (22378): [BAKE] Disk cache MISS: file not found /data/data/com.example.infiltraitor/files/damage_atom_cache/0f8eefdf.bin
09-23 18:09:55.681 I/godot   (22378): [BAKE] Disk cache MISS: file not found /data/data/com.example.infiltraitor/files/damage_atom_cache/442f22b0.bin
09-23 18:09:55.684 I/godot   (22378): [BAKE] Disk cache MISS: file not found /data/data/com.example.infiltraitor/files/damage_atom_cache/fa046aa8.bin
09-23 18:09:55.686 I/godot   (22378): [BAKE] Disk cache MISS: file not found /data/data/com.example.infiltraitor/files/damage_atom_cache/474d85a9.bin
09-23 18:09:55.689 I/godot   (22378): [BAKE] Disk cache MISS: file not found /data/data/com.example.infiltraitor/files/damage_atom_cache/a74de406.bin
09-23 18:09:55.691 I/godot   (22378): [BAKE] Disk cache MISS: file not found /data/data/com.example.infiltraitor/files/damage_atom_cache/112c1c4b.bin
09-23 18:09:55.694 I/godot   (22378): [BAKE] Disk cache MISS: file not found /data/data/com.example.infiltraitor/files/damage_atom_cache/bfa3f43a.bin
09-23 18:09:55.696 I/godot   (22378): [BAKE] Disk cache MISS: file not found /data/data/com.example.infiltraitor/files/damage_atom_cache/d8803dad.bin
09-23 18:09:55.699 I/godot   (22378): [BAKE] Disk cache MISS: file not found /data/data/com.example.infiltraitor/files/damage_atom_cache/bd68f70e.bin
09-23 18:09:55.701 I/godot   (22378): [BAKE] Disk cache MISS: file not found /data/data/com.example.infiltraitor/files/damage_atom_cache/0f8eefdf.bin
09-23 18:09:55.703 I/godot   (22378): [BAKE] Disk cache MISS: file not found /data/data/com.example.infiltraitor/files/damage_atom_cache/442f22b0.bin
09-23 18:09:55.706 I/godot   (22378): [BAKE] Disk cache MISS: file not found /data/data/com.example.infiltraitor/files/damage_atom_cache/6b0acc9d.bin
09-23 18:09:55.709 I/godot   (22378): [BAKE] Disk cache MISS: file not found /data/data/com.example.infiltraitor/files/damage_atom_cache/4bb0838c.bin
09-23 18:09:55.712 I/godot   (22378): [BAKE] Disk cache MISS: file not found /data/data/com.example.infiltraitor/files/damage_atom_cache/97111a3b.bin
09-23 18:09:55.714 I/godot   (22378): [BAKE] Disk cache MISS: file not found /data/data/com.example.infiltraitor/files/damage_atom_cache/112c1c4b.bin
09-23 18:09:55.717 I/godot   (22378): [BAKE] Disk cache MISS: file not found /data/data/com.example.infiltraitor/files/damage_atom_cache/bfa3f43a.bin
09-23 18:09:55.720 I/godot   (22378): [BAKE] Disk cache MISS: file not found /data/data/com.example.infiltraitor/files/damage_atom_cache/d8803dad.bin
09-23 18:09:55.722 I/godot   (22378): [BAKE] Disk cache MISS: file not found /data/data/com.example.infiltraitor/files/damage_atom_cache/bd68f70e.bin
09-23 18:09:55.724 I/godot   (22378): [BAKE] Disk cache MISS: file not found /data/data/com.example.infiltraitor/files/damage_atom_cache/0f8eefdf.bin
09-23 18:09:55.727 I/godot   (22378): [BAKE] Disk cache MISS: file not found /data/data/com.example.infiltraitor/files/damage_atom_cache/442f22b0.bin
09-23 18:09:55.729 I/godot   (22378): [BAKE] Disk cache MISS: file not found /data/data/com.example.infiltraitor/files/damage_atom_cache/b5a59a96.bin
09-23 18:09:55.732 I/godot   (22378): [BAKE] Disk cache MISS: file not found /data/data/com.example.infiltraitor/files/damage_atom_cache/272df507.bin
09-23 18:09:55.734 I/godot   (22378): [BAKE] Disk cache MISS: file not found /data/data/com.example.infiltraitor/files/damage_atom_cache/e1b2f878.bin
09-23 18:09:55.737 I/godot   (22378): [BAKE] Disk cache MISS: file not found /data/data/com.example.infiltraitor/files/damage_atom_cache/599485d1.bin
09-23 18:09:55.740 I/godot   (22378): [BAKE] Disk cache MISS: file not found /data/data/com.example.infiltraitor/files/damage_atom_cache/7963e110.bin
09-23 18:09:55.743 I/godot   (22378): [BAKE] Disk cache MISS: file not found /data/data/com.example.infiltraitor/files/damage_atom_cache/44c3ae3f.bin
09-23 18:09:55.746 I/godot   (22378): [BAKE] Disk cache MISS: file not found /data/data/com.example.infiltraitor/files/damage_atom_cache/944190b4.bin
09-23 18:09:55.749 I/godot   (22378): [BAKE] Disk cache MISS: file not found /data/data/com.example.infiltraitor/files/damage_atom_cache/92810f25.bin
09-23 18:09:55.751 I/godot   (22378): [BAKE] Disk cache MISS: file not found /data/data/com.example.infiltraitor/files/damage_atom_cache/413b5832.bin
09-23 18:09:55.754 I/godot   (22378): [BAKE] Disk cache MISS: file not found /data/data/com.example.infiltraitor/files/damage_atom_cache/803e17eb.bin
09-23 18:09:55.756 I/godot   (22378): [BAKE] Disk cache MISS: file not found /data/data/com.example.infiltraitor/files/damage_atom_cache/ad7984da.bin
09-23 18:09:55.759 I/godot   (22378): [BAKE] Disk cache MISS: file not found /data/data/com.example.infiltraitor/files/damage_atom_cache/d43893cd.bin
09-23 18:09:55.763 I/godot   (22378): [BAKE] Disk cache MISS: file not found /data/data/com.example.infiltraitor/files/damage_atom_cache/599485d1.bin
09-23 18:09:55.766 I/godot   (22378): [BAKE] Disk cache MISS: file not found /data/data/com.example.infiltraitor/files/damage_atom_cache/7963e110.bin
09-23 18:09:55.768 I/godot   (22378): [BAKE] Disk cache MISS: file not found /data/data/com.example.infiltraitor/files/damage_atom_cache/44c3ae3f.bin
09-23 18:09:55.771 I/godot   (22378): [BAKE] Disk cache MISS: file not found /data/data/com.example.infiltraitor/files/damage_atom_cache/944190b4.bin
09-23 18:09:55.774 I/godot   (22378): [BAKE] Disk cache MISS: file not found /data/data/com.example.infiltraitor/files/damage_atom_cache/92810f25.bin
09-23 18:09:55.778 I/godot   (22378): [BAKE] Disk cache MISS: file not found /data/data/com.example.infiltraitor/files/damage_atom_cache/413b5832.bin
09-23 18:09:55.782 I/godot   (22378): [BAKE] Disk cache MISS: file not found /data/data/com.example.infiltraitor/files/damage_atom_cache/b5a59a96.bin
09-23 18:09:55.784 I/godot   (22378): [BAKE] Disk cache MISS: file not found /data/data/com.example.infiltraitor/files/damage_atom_cache/272df507.bin
09-23 18:09:55.787 I/godot   (22378): [BAKE] Disk cache MISS: file not found /data/data/com.example.infiltraitor/files/damage_atom_cache/e1b2f878.bin
09-23 18:09:55.789 I/godot   (22378): [BAKE] Disk cache MISS: file not found /data/data/com.example.infiltraitor/files/damage_atom_cache/599485d1.bin
09-23 18:09:55.791 I/godot   (22378): [BAKE] Disk cache MISS: file not found /data/data/com.example.infiltraitor/files/damage_atom_cache/7963e110.bin
09-23 18:09:55.794 I/godot   (22378): [BAKE] Disk cache MISS: file not found /data/data/com.example.infiltraitor/files/damage_atom_cache/44c3ae3f.bin
09-23 18:09:55.797 I/godot   (22378): [BAKE] Disk cache MISS: file not found /data/data/com.example.infiltraitor/files/damage_atom_cache/944190b4.bin
09-23 18:09:55.800 I/godot   (22378): [BAKE] Disk cache MISS: file not found /data/data/com.example.infiltraitor/files/damage_atom_cache/92810f25.bin
09-23 18:09:55.803 I/godot   (22378): [BAKE] Disk cache MISS: file not found /data/data/com.example.infiltraitor/files/damage_atom_cache/413b5832.bin
09-23 18:09:55.806 I/godot   (22378): [BAKE] Disk cache MISS: file not found /data/data/com.example.infiltraitor/files/damage_atom_cache/803e17eb.bin
09-23 18:09:55.810 I/godot   (22378): [BAKE] Disk cache MISS: file not found /data/data/com.example.infiltraitor/files/damage_atom_cache/ad7984da.bin
09-23 18:09:55.813 I/godot   (22378): [BAKE] Disk cache MISS: file not found /data/data/com.example.infiltraitor/files/damage_atom_cache/d43893cd.bin
09-23 18:09:55.815 I/godot   (22378): [BAKE] Disk cache MISS: file not found /data/data/com.example.infiltraitor/files/damage_atom_cache/599485d1.bin
09-23 18:09:55.817 I/godot   (22378): [BAKE] Disk cache MISS: file not found /data/data/com.example.infiltraitor/files/damage_atom_cache/7963e110.bin
09-23 18:09:55.819 I/godot   (22378): [BAKE] Disk cache MISS: file not found /data/data/com.example.infiltraitor/files/damage_atom_cache/44c3ae3f.bin
09-23 18:09:55.821 I/godot   (22378): [BAKE] Disk cache MISS: file not found /data/data/com.example.infiltraitor/files/damage_atom_cache/944190b4.bin
09-23 18:09:55.823 I/godot   (22378): [BAKE] Disk cache MISS: file not found /data/data/com.example.infiltraitor/files/damage_atom_cache/92810f25.bin
09-23 18:09:55.825 I/godot   (22378): [BAKE] Disk cache MISS: file not found /data/data/com.example.infiltraitor/files/damage_atom_cache/413b5832.bin
09-23 18:09:55.827 I/godot   (22378): [BAKE] Disk cache MISS: file not found /data/data/com.example.infiltraitor/files/damage_atom_cache/b5a59a96.bin
09-23 18:09:55.829 I/godot   (22378): [BAKE] Disk cache MISS: file not found /data/data/com.example.infiltraitor/files/damage_atom_cache/272df507.bin
09-23 18:09:55.831 I/godot   (22378): [BAKE] Disk cache MISS: file not found /data/data/com.example.infiltraitor/files/damage_atom_cache/e1b2f878.bin
09-23 18:09:55.833 I/godot   (22378): [BAKE] Disk cache MISS: file not found /data/data/com.example.infiltraitor/files/damage_atom_cache/599485d1.bin
09-23 18:09:55.835 I/godot   (22378): [BAKE] Disk cache MISS: file not found /data/data/com.example.infiltraitor/files/damage_atom_cache/7963e110.bin
09-23 18:09:55.837 I/godot   (22378): [BAKE] Disk cache MISS: file not found /data/data/com.example.infiltraitor/files/damage_atom_cache/44c3ae3f.bin
09-23 18:09:55.839 I/godot   (22378): [BAKE] Disk cache MISS: file not found /data/data/com.example.infiltraitor/files/damage_atom_cache/944190b4.bin
09-23 18:09:55.841 I/godot   (22378): [BAKE] Disk cache MISS: file not found /data/data/com.example.infiltraitor/files/damage_atom_cache/92810f25.bin
09-23 18:09:55.842 I/godot   (22378): [BAKE] Disk cache MISS: file not found /data/data/com.example.infiltraitor/files/damage_atom_cache/413b5832.bin
09-23 18:09:55.844 I/godot   (22378): [BAKE] Disk cache MISS: file not found /data/data/com.example.infiltraitor/files/damage_atom_cache/803e17eb.bin
09-23 18:09:55.846 I/godot   (22378): [BAKE] Disk cache MISS: file not found /data/data/com.example.infiltraitor/files/damage_atom_cache/ad7984da.bin
09-23 18:09:55.848 I/godot   (22378): [BAKE] Disk cache MISS: file not found /data/data/com.example.infiltraitor/files/damage_atom_cache/d43893cd.bin
09-23 18:09:55.850 I/godot   (22378): [BAKE] Disk cache MISS: file not found /data/data/com.example.infiltraitor/files/damage_atom_cache/599485d1.bin
09-23 18:09:55.851 I/godot   (22378): [BAKE] Disk cache MISS: file not found /data/data/com.example.infiltraitor/files/damage_atom_cache/7963e110.bin
09-23 18:09:55.853 I/godot   (22378): [BAKE] Disk cache MISS: file not found /data/data/com.example.infiltraitor/files/damage_atom_cache/44c3ae3f.bin
09-23 18:09:55.855 I/godot   (22378): [BAKE] Disk cache MISS: file not found /data/data/com.example.infiltraitor/files/damage_atom_cache/944190b4.bin
09-23 18:09:55.856 I/godot   (22378): [BAKE] Disk cache MISS: file not found /data/data/com.example.infiltraitor/files/damage_atom_cache/92810f25.bin
09-23 18:09:55.858 I/godot   (22378): [BAKE] Disk cache MISS: file not found /data/data/com.example.infiltraitor/files/damage_atom_cache/413b5832.bin
09-23 18:09:55.862 I/godot   (22378): [BAKE] Disk cache HIT: loaded 7c862013
09-23 18:09:55.865 I/godot   (22378): [BAKE] Disk cache HIT: loaded 2a107562
09-23 18:09:55.868 I/godot   (22378): [BAKE] Disk cache HIT: loaded a7cf5855
09-23 18:09:55.871 I/godot   (22378): [BAKE] Disk cache HIT: loaded 558b1132
09-23 18:09:55.874 I/godot   (22378): [BAKE] Disk cache HIT: loaded 530361e3
09-23 18:09:55.877 I/godot   (22378): [BAKE] Disk cache HIT: loaded a89149b4
09-23 18:09:55.880 I/godot   (22378): [BAKE] Disk cache HIT: loaded 0ce26ecd
09-23 18:09:55.884 I/godot   (22378): [BAKE] Disk cache HIT: loaded 6ce98b7c
09-23 18:09:55.887 I/godot   (22378): [BAKE] Disk cache HIT: loaded b8e7f2eb
09-23 18:09:55.890 I/godot   (22378): [BAKE] Disk cache HIT: loaded 452e18ad
09-23 18:09:55.893 I/godot   (22378): [BAKE] Disk cache HIT: loaded 3318c45c
09-23 18:09:55.896 I/godot   (22378): [BAKE] Disk cache HIT: loaded 7dd9f74b
09-23 18:09:55.899 I/godot   (22378): [BAKE] Disk cache HIT: loaded 0ba3e4b4
09-23 18:09:55.902 I/godot   (22378): [BAKE] Disk cache HIT: loaded 09e36325
09-23 18:09:55.905 I/godot   (22378): [BAKE] Disk cache HIT: loaded b89dac32
09-23 18:09:55.909 I/godot   (22378): [BAKE] Disk cache HIT: loaded 8bedfaf3
09-23 18:09:55.911 I/godot   (22378): [BAKE] Disk cache HIT: loaded e1fd47c2
09-23 18:09:55.914 I/godot   (22378): [BAKE] Disk cache HIT: loaded dfbb6135
09-23 18:09:55.917 I/godot   (22378): [BAKE] Disk cache HIT: loaded 34f32541
09-23 18:09:55.920 I/godot   (22378): [BAKE] Disk cache HIT: loaded 6ec48540
09-23 18:09:55.924 I/godot   (22378): [BAKE] Disk cache HIT: loaded c76a10af
09-23 18:09:55.927 I/godot   (22378): [BAKE] Disk cache HIT: loaded d3f60018
09-23 18:09:55.930 I/godot   (22378): [BAKE] Disk cache HIT: loaded 20a14a59
09-23 18:09:55.933 I/godot   (22378): [BAKE] Disk cache HIT: loaded ace0b9b6
09-23 18:09:55.936 I/godot   (22378): [BAKE] Disk cache HIT: loaded f7198937
09-23 18:09:55.938 I/godot   (22378): [BAKE] Disk cache HIT: loaded 58b44d06
09-23 18:09:55.941 I/godot   (22378): [BAKE] Disk cache HIT: loaded f8b3eea9
09-23 18:09:55.944 I/godot   (22378): [BAKE] Disk cache HIT: loaded 38eb88c7
09-23 18:09:55.948 I/godot   (22378): [BAKE] Disk cache HIT: loaded c7632e56
09-23 18:09:55.951 I/godot   (22378): [BAKE] Disk cache HIT: loaded c7ca1979
09-23 18:09:55.954 I/godot   (22378): [BAKE] Disk cache HIT: loaded a72abf26
09-23 18:09:55.957 I/godot   (22378): [BAKE] Disk cache HIT: loaded f209f0d7
09-23 18:09:55.960 I/godot   (22378): [BAKE] Disk cache HIT: loaded 2797a648
09-23 18:09:55.963 I/godot   (22378): [BAKE] Disk cache HIT: loaded f8ff0191
09-23 18:09:55.966 I/godot   (22378): [BAKE] Disk cache HIT: loaded 18ce5cd0
09-23 18:09:55.969 I/godot   (22378): [BAKE] Disk cache HIT: loaded 8b75ecff
09-23 18:09:55.972 I/godot   (22378): [BAKE] Disk cache HIT: loaded 5efcfd35
09-23 18:09:55.974 I/godot   (22378): [BAKE] Disk cache HIT: loaded 8cfc8fc4
09-23 18:09:55.977 I/godot   (22378): [BAKE] Disk cache HIT: loaded 0b2f96f3
09-23 18:09:55.980 I/godot   (22378): [BAKE] Disk cache HIT: loaded 92cecfdc
09-23 18:09:55.984 I/godot   (22378): [BAKE] Disk cache HIT: loaded a4e4242d
09-23 18:09:55.987 I/godot   (22378): [BAKE] Disk cache HIT: loaded 8c07daba
09-23 18:09:55.990 I/godot   (22378): [BAKE] Disk cache HIT: loaded dfa711db
09-23 18:09:55.993 I/godot   (22378): [BAKE] Disk cache HIT: loaded 0d804f8a
09-23 18:09:55.996 I/godot   (22378): [BAKE] Disk cache HIT: loaded a6fb333d
09-23 18:09:56.000 I/godot   (22378): [BAKE] Disk cache HIT: loaded 42ba5c0b
09-23 18:09:56.003 I/godot   (22378): [BAKE] Disk cache HIT: loaded 6c3ae5fa
09-23 18:09:56.006 I/godot   (22378): [BAKE] Disk cache HIT: loaded 0a0e7d6d
09-23 18:09:56.009 I/godot   (22378): [BAKE] Disk cache HIT: loaded edb35aca
09-23 18:09:56.012 I/godot   (22378): [BAKE] Disk cache HIT: loaded bfda1d1b
09-23 18:09:56.014 I/godot   (22378): [BAKE] Disk cache HIT: loaded 20b960ec
09-23 18:09:56.018 I/godot   (22378): [BAKE] Disk cache HIT: loaded c2104765
09-23 18:09:56.021 I/godot   (22378): [BAKE] Disk cache HIT: loaded c3d0c8f4
09-23 18:09:56.024 I/godot   (22378): [BAKE] Disk cache HIT: loaded 158aa423
09-23 18:09:56.028 I/godot   (22378): [BAKE] Disk cache HIT: loaded 68b1ffea
09-23 18:09:56.031 I/godot   (22378): [BAKE] Disk cache HIT: loaded 3ad8c23b
09-23 18:09:56.034 I/godot   (22378): [BAKE] Disk cache HIT: loaded ef782b8c
09-23 18:09:56.037 I/godot   (22378): [BAKE] Disk cache HIT: loaded 6363eeab
09-23 18:09:56.040 I/godot   (22378): [BAKE] Disk cache HIT: loaded 909f5b9a
09-23 18:09:56.043 I/godot   (22378): [BAKE] Disk cache HIT: loaded 1016a78d
09-23 18:09:56.046 I/godot   (22378): [BAKE] Disk cache HIT: loaded 6e06b52c
09-23 18:09:56.048 I/godot   (22378): [BAKE] Disk cache HIT: loaded 00baa3bd
09-23 18:09:56.051 I/godot   (22378): [BAKE] Disk cache HIT: loaded 673fc00a
09-23 18:09:56.054 I/godot   (22378): [BAKE] Disk cache HIT: loaded cde764b3
09-23 18:09:56.057 I/godot   (22378): [BAKE] Disk cache HIT: loaded 7caeee82
09-23 18:09:56.059 I/godot   (22378): [BAKE] Disk cache HIT: loaded 21b4caf5
09-23 18:09:56.062 I/godot   (22378): [BAKE] Disk cache HIT: loaded 8acdbdd2
09-23 18:09:56.065 I/godot   (22378): [BAKE] Disk cache HIT: loaded dd436883
09-23 18:09:56.068 I/godot   (22378): [BAKE] Disk cache HIT: loaded a4edc154
09-23 18:09:56.071 I/godot   (22378): [BAKE] Disk cache HIT: loaded dfdfbf6d
09-23 18:09:56.074 I/godot   (22378): [BAKE] Disk cache HIT: loaded cdca6b1c
09-23 18:09:56.077 I/godot   (22378): [BAKE] Disk cache HIT: loaded 188b9e0b
09-23 18:09:56.079 I/godot   (22378): [BAKE] Disk cache HIT: loaded 830be869
09-23 18:09:56.082 I/godot   (22378): [BAKE] Disk cache HIT: loaded dd0a9068
09-23 18:09:56.085 I/godot   (22378): [BAKE] Disk cache HIT: loaded 28b945f7
09-23 18:09:56.089 I/godot   (22378): [BAKE] Disk cache HIT: loaded b089f580
09-23 18:09:56.092 I/godot   (22378): [BAKE] Disk cache HIT: loaded 1e005881
09-23 18:09:56.094 I/godot   (22378): [BAKE] Disk cache HIT: loaded b66a245e
09-23 18:09:56.097 I/godot   (22378): [BAKE] Disk cache HIT: loaded b28e52ff
09-23 18:09:56.100 I/godot   (22378): [BAKE] Disk cache HIT: loaded b4287fae
09-23 18:09:56.103 I/godot   (22378): [BAKE] Disk cache HIT: loaded 20176791
09-23 18:09:56.103 I/godot   (22378): [DamageVariantBaker] Baked 447 atoms across 9 declared material(s), 9 floor material(s) in 2469 ms
09-23 18:09:56.116 I/godot   (22378): [ROOM] Uploaded 1 damage-composite page(s) at load in 12 ms — off the first shot's impact frame
09-23 18:09:56.116 I/godot   (22378): [VOXEL] Damage variant registry set (pre-baked variants available)
09-23 18:09:56.117 I/godot   (22378): [ROOM] Initialized damage variant registry (447 atoms)
09-23 18:09:58.268 I/godot   (22378): [VOXEL-STORE] built (map load: PLAYGROUND) — 216104 claim(s) in 2713 container(s), 0 irregular, 672 multi-claim cell(s), 13.59 MB, 1282 ms
09-23 18:09:58.739 I/godot   (22378): [AgentSprite] step (1, 0) draws (0.894427, 0.447214) -> screen SE (fit 1.000) -> frame W
09-23 18:09:58.740 I/godot   (22378): [AgentSprite] step (0, 1) draws (-0.894427, 0.447214) -> screen SW (fit 1.000) -> frame S
09-23 18:09:58.740 I/godot   (22378): [AgentSprite] step (-1, 0) draws (-0.894427, -0.447214) -> screen NW (fit 1.000) -> frame E
09-23 18:09:58.740 I/godot   (22378): [AgentSprite] step (0, -1) draws (0.894427, -0.447214) -> screen NE (fit 1.000) -> frame N
09-23 18:09:58.740 I/godot   (22378): [AgentSprite] head yaw mapping: grid 0 -> yaw 0, handedness -1
09-23 18:09:58.820 I/godot   (22378): [AgentSprite] layer 'head/standing': 24 yaws at 15.0 deg
09-23 18:09:58.902 I/godot   (22378): [AgentSprite] layer 'hat/standing': 24 yaws at 15.0 deg
09-23 18:09:59.010 I/godot   (22378): [AgentSprite] layer 'head/standing': 24 yaws at 15.0 deg
09-23 18:09:59.090 I/godot   (22378): [AgentSprite] layer 'hat/standing': 24 yaws at 15.0 deg
09-23 18:09:59.197 I/godot   (22378): [AgentSprite] layer 'head/standing': 24 yaws at 15.0 deg
09-23 18:09:59.274 I/godot   (22378): [AgentSprite] layer 'hat/standing': 24 yaws at 15.0 deg
09-23 18:09:59.280 I/godot   (22378): [OCC-03] Agent z_index set to 34 (max voxel layer z_index: 33, room size: (46, 24))
09-23 18:09:59.319 I/godot   (22378): [AgentSprite] step (1, 0) draws (0.894427, 0.447214) -> screen SE (fit 1.000) -> frame W
09-23 18:09:59.319 I/godot   (22378): [AgentSprite] step (0, 1) draws (-0.894427, 0.447214) -> screen SW (fit 1.000) -> frame S
09-23 18:09:59.319 I/godot   (22378): [AgentSprite] step (-1, 0) draws (-0.894427, -0.447214) -> screen NW (fit 1.000) -> frame E
09-23 18:09:59.320 I/godot   (22378): [AgentSprite] step (0, -1) draws (0.894427, -0.447214) -> screen NE (fit 1.000) -> frame N
09-23 18:09:59.320 I/godot   (22378): [AgentSprite] head yaw mapping: grid 0 -> yaw 0, handedness -1
09-23 18:09:59.401 I/godot   (22378): [AgentSprite] layer 'head/standing': 24 yaws at 15.0 deg
09-23 18:09:59.433 I/godot   (22378): [AgentSprite] step (1, 0) draws (0.894427, 0.447214) -> screen SE (fit 1.000) -> frame W
09-23 18:09:59.433 I/godot   (22378): [AgentSprite] step (0, 1) draws (-0.894427, 0.447214) -> screen SW (fit 1.000) -> frame S
09-23 18:09:59.433 I/godot   (22378): [AgentSprite] step (-1, 0) draws (-0.894427, -0.447214) -> screen NW (fit 1.000) -> frame E
09-23 18:09:59.433 I/godot   (22378): [AgentSprite] step (0, -1) draws (0.894427, -0.447214) -> screen NE (fit 1.000) -> frame N
09-23 18:09:59.433 I/godot   (22378): [AgentSprite] head yaw mapping: grid 0 -> yaw 0, handedness -1
09-23 18:09:59.513 I/godot   (22378): [AgentSprite] layer 'head/standing': 24 yaws at 15.0 deg
09-23 18:09:59.544 I/godot   (22378): [AgentSprite] step (1, 0) draws (0.894427, 0.447214) -> screen SE (fit 1.000) -> frame W
09-23 18:09:59.544 I/godot   (22378): [AgentSprite] step (0, 1) draws (-0.894427, 0.447214) -> screen SW (fit 1.000) -> frame S
09-23 18:09:59.544 I/godot   (22378): [AgentSprite] step (-1, 0) draws (-0.894427, -0.447214) -> screen NW (fit 1.000) -> frame E
09-23 18:09:59.544 I/godot   (22378): [AgentSprite] step (0, -1) draws (0.894427, -0.447214) -> screen NE (fit 1.000) -> frame N
09-23 18:09:59.545 I/godot   (22378): [AgentSprite] head yaw mapping: grid 0 -> yaw 0, handedness -1
09-23 18:09:59.622 I/godot   (22378): [AgentSprite] layer 'head/standing': 24 yaws at 15.0 deg
09-23 18:09:59.655 I/godot   (22378): [AgentSprite] step (1, 0) draws (0.894427, 0.447214) -> screen SE (fit 1.000) -> frame W
09-23 18:09:59.655 I/godot   (22378): [AgentSprite] step (0, 1) draws (-0.894427, 0.447214) -> screen SW (fit 1.000) -> frame S
09-23 18:09:59.655 I/godot   (22378): [AgentSprite] step (-1, 0) draws (-0.894427, -0.447214) -> screen NW (fit 1.000) -> frame E
09-23 18:09:59.655 I/godot   (22378): [AgentSprite] step (0, -1) draws (0.894427, -0.447214) -> screen NE (fit 1.000) -> frame N
09-23 18:09:59.655 I/godot   (22378): [AgentSprite] head yaw mapping: grid 0 -> yaw 0, handedness -1
09-23 18:09:59.731 I/godot   (22378): [AgentSprite] layer 'head/standing': 24 yaws at 15.0 deg
09-23 18:09:59.762 I/godot   (22378): [AgentSprite] step (1, 0) draws (0.894427, 0.447214) -> screen SE (fit 1.000) -> frame W
09-23 18:09:59.762 I/godot   (22378): [AgentSprite] step (0, 1) draws (-0.894427, 0.447214) -> screen SW (fit 1.000) -> frame S
09-23 18:09:59.762 I/godot   (22378): [AgentSprite] step (-1, 0) draws (-0.894427, -0.447214) -> screen NW (fit 1.000) -> frame E
09-23 18:09:59.762 I/godot   (22378): [AgentSprite] step (0, -1) draws (0.894427, -0.447214) -> screen NE (fit 1.000) -> frame N
09-23 18:09:59.762 I/godot   (22378): [AgentSprite] head yaw mapping: grid 0 -> yaw 0, handedness -1
09-23 18:09:59.840 I/godot   (22378): [AgentSprite] layer 'head/standing': 24 yaws at 15.0 deg
09-23 18:09:59.871 I/godot   (22378): [AgentSprite] step (1, 0) draws (0.894427, 0.447214) -> screen SE (fit 1.000) -> frame W
09-23 18:09:59.871 I/godot   (22378): [AgentSprite] step (0, 1) draws (-0.894427, 0.447214) -> screen SW (fit 1.000) -> frame S
09-23 18:09:59.871 I/godot   (22378): [AgentSprite] step (-1, 0) draws (-0.894427, -0.447214) -> screen NW (fit 1.000) -> frame E
09-23 18:09:59.871 I/godot   (22378): [AgentSprite] step (0, -1) draws (0.894427, -0.447214) -> screen NE (fit 1.000) -> frame N
09-23 18:09:59.871 I/godot   (22378): [AgentSprite] head yaw mapping: grid 0 -> yaw 0, handedness -1
09-23 18:09:59.948 I/godot   (22378): [AgentSprite] layer 'head/standing': 24 yaws at 15.0 deg
09-23 18:09:59.978 I/godot   (22378): [AgentSprite] step (1, 0) draws (0.894427, 0.447214) -> screen SE (fit 1.000) -> frame W
09-23 18:09:59.978 I/godot   (22378): [AgentSprite] step (0, 1) draws (-0.894427, 0.447214) -> screen SW (fit 1.000) -> frame S
09-23 18:09:59.978 I/godot   (22378): [AgentSprite] step (-1, 0) draws (-0.894427, -0.447214) -> screen NW (fit 1.000) -> frame E
09-23 18:09:59.978 I/godot   (22378): [AgentSprite] step (0, -1) draws (0.894427, -0.447214) -> screen NE (fit 1.000) -> frame N
09-23 18:09:59.978 I/godot   (22378): [AgentSprite] head yaw mapping: grid 0 -> yaw 0, handedness -1
09-23 18:10:00.060 I/godot   (22378): [AgentSprite] layer 'head/standing': 24 yaws at 15.0 deg
09-23 18:10:00.092 I/godot   (22378): [AgentSprite] step (1, 0) draws (0.894427, 0.447214) -> screen SE (fit 1.000) -> frame W
09-23 18:10:00.092 I/godot   (22378): [AgentSprite] step (0, 1) draws (-0.894427, 0.447214) -> screen SW (fit 1.000) -> frame S
09-23 18:10:00.092 I/godot   (22378): [AgentSprite] step (-1, 0) draws (-0.894427, -0.447214) -> screen NW (fit 1.000) -> frame E
09-23 18:10:00.092 I/godot   (22378): [AgentSprite] step (0, -1) draws (0.894427, -0.447214) -> screen NE (fit 1.000) -> frame N
09-23 18:10:00.092 I/godot   (22378): [AgentSprite] head yaw mapping: grid 0 -> yaw 0, handedness -1
09-23 18:10:00.171 I/godot   (22378): [AgentSprite] layer 'head/standing': 24 yaws at 15.0 deg
09-23 18:10:00.202 I/godot   (22378): [AgentSprite] step (1, 0) draws (0.894427, 0.447214) -> screen SE (fit 1.000) -> frame W
09-23 18:10:00.202 I/godot   (22378): [AgentSprite] step (0, 1) draws (-0.894427, 0.447214) -> screen SW (fit 1.000) -> frame S
09-23 18:10:00.202 I/godot   (22378): [AgentSprite] step (-1, 0) draws (-0.894427, -0.447214) -> screen NW (fit 1.000) -> frame E
09-23 18:10:00.202 I/godot   (22378): [AgentSprite] step (0, -1) draws (0.894427, -0.447214) -> screen NE (fit 1.000) -> frame N
09-23 18:10:00.202 I/godot   (22378): [AgentSprite] head yaw mapping: grid 0 -> yaw 0, handedness -1
09-23 18:10:00.281 I/godot   (22378): [AgentSprite] layer 'head/standing': 24 yaws at 15.0 deg
09-23 18:10:00.297 I/godot   (22378): [Room] Light registry initialized with 12 map lights:
09-23 18:10:00.297 I/godot   (22378):   - map_light_1 @ cell(6,4) radius=7 type=omni
09-23 18:10:00.297 I/godot   (22378):   - map_light_2 @ cell(17,4) radius=6 type=omni
09-23 18:10:00.297 I/godot   (22378):   - map_light_3 @ cell(12,11) radius=7 type=omni
09-23 18:10:00.297 I/godot   (22378):   - map_light_4 @ cell(11,10) radius=10 type=omni
09-23 18:10:00.298 I/godot   (22378):   - map_light_5 @ cell(16,11) radius=8 type=omni
09-23 18:10:00.298 I/godot   (22378):   - map_light_6 @ cell(24,4) radius=7 type=omni
09-23 18:10:00.298 I/godot   (22378):   - map_light_7 @ cell(28,4) radius=7 type=omni
09-23 18:10:00.298 I/godot   (22378):   - map_light_8 @ cell(32,4) radius=7 type=omni
09-23 18:10:00.298 I/godot   (22378):   - map_light_9 @ cell(36,4) radius=7 type=omni
09-23 18:10:00.298 I/godot   (22378):   - map_light_10 @ cell(40,4) radius=7 type=omni
09-23 18:10:00.298 I/godot   (22378):   - map_light_11 @ cell(26,9) radius=8 type=omni
09-23 18:10:00.298 I/godot   (22378):   - map_light_12 @ cell(34,9) radius=8 type=omni
09-23 18:10:00.299 I/godot   (22378): [Room] Tile semantics initialized with 163 tiles, 12 light anchors
09-23 18:10:07.333 I/godot   (22378): 
09-23 18:10:07.333 I/godot   (22378): Attempting to resolve: facade_concrete (folder concrete)
09-23 18:10:07.334 I/godot   (22378):   [USER] File not found: user://textures/concrete/facade_concrete.png
09-23 18:10:07.334 I/godot   (22378):   [USER] File not found: user://textures/concrete/facade_concrete.webp
09-23 18:10:07.361 I/godot   (22378):   [DEFAULT] Validation PASS: res://ASSETS/materials/concrete/facade_concrete.png
09-23 18:10:07.361 I/godot   (22378): [RESOLVER] facade_concrete resolved from DEFAULT.png (dims 1024x512)
09-23 18:10:07.399 I/godot   (22378): 
09-23 18:10:07.399 I/godot   (22378): Attempting to resolve: facade_metal (folder metal)
09-23 18:10:07.399 I/godot   (22378):   [USER] File not found: user://textures/metal/facade_metal.png
09-23 18:10:07.399 I/godot   (22378):   [USER] File not found: user://textures/metal/facade_metal.webp
09-23 18:10:07.437 I/godot   (22378):   [DEFAULT] Validation PASS: res://ASSETS/materials/metal/facade_metal.png
09-23 18:10:07.437 I/godot   (22378): [RESOLVER] facade_metal resolved from DEFAULT.png (dims 1024x512)
09-23 18:10:07.476 I/godot   (22378): 
09-23 18:10:07.476 I/godot   (22378): Attempting to resolve: facade_stone (folder stone)
09-23 18:10:07.476 I/godot   (22378):   [USER] File not found: user://textures/stone/facade_stone.png
09-23 18:10:07.477 I/godot   (22378):   [USER] File not found: user://textures/stone/facade_stone.webp
09-23 18:10:07.509 I/godot   (22378):   [DEFAULT] Validation PASS: res://ASSETS/materials/stone/facade_stone.png
09-23 18:10:07.509 I/godot   (22378): [RESOLVER] facade_stone resolved from DEFAULT.png (dims 1024x512)
09-23 18:10:07.549 I/godot   (22378): 
09-23 18:10:07.549 I/godot   (22378): Attempting to resolve: facade_wood (folder wood)
09-23 18:10:07.549 I/godot   (22378):   [USER] File not found: user://textures/wood/facade_wood.png
09-23 18:10:07.549 I/godot   (22378):   [USER] File not found: user://textures/wood/facade_wood.webp
09-23 18:10:07.581 I/godot   (22378):   [DEFAULT] Validation PASS: res://ASSETS/materials/wood/facade_wood.png
09-23 18:10:07.581 I/godot   (22378): [RESOLVER] facade_wood resolved from DEFAULT.png (dims 1024x512)
09-23 18:10:07.621 I/godot   (22378): 
09-23 18:10:07.621 I/godot   (22378): Attempting to resolve: facade_brick (folder brick)
09-23 18:10:07.621 I/godot   (22378):   [USER] File not found: user://textures/brick/facade_brick.png
09-23 18:10:07.621 I/godot   (22378):   [USER] File not found: user://textures/brick/facade_brick.webp
09-23 18:10:07.656 I/godot   (22378):   [DEFAULT] Validation PASS: res://ASSETS/materials/brick/facade_brick.png
09-23 18:10:07.656 I/godot   (22378): [RESOLVER] facade_brick resolved from DEFAULT.png (dims 1024x512)
09-23 18:10:07.695 I/godot   (22378): 
09-23 18:10:07.695 I/godot   (22378): Attempting to resolve: facade_cardboard (folder cardboard)
09-23 18:10:07.696 I/godot   (22378):   [USER] File not found: user://textures/cardboard/facade_cardboard.png
09-23 18:10:07.696 I/godot   (22378):   [USER] File not found: user://textures/cardboard/facade_cardboard.webp
09-23 18:10:07.723 I/godot   (22378):   [DEFAULT] Validation PASS: res://ASSETS/materials/cardboard/facade_cardboard.png
09-23 18:10:07.723 I/godot   (22378): [RESOLVER] facade_cardboard resolved from DEFAULT.png (dims 1024x512)
09-23 18:10:07.760 I/godot   (22378): 
09-23 18:10:07.760 I/godot   (22378): Attempting to resolve: facade_fabric (folder fabric)
09-23 18:10:07.760 I/godot   (22378):   [USER] File not found: user://textures/fabric/facade_fabric.png
09-23 18:10:07.760 I/godot   (22378):   [USER] File not found: user://textures/fabric/facade_fabric.webp
09-23 18:10:07.787 I/godot   (22378):   [DEFAULT] Validation PASS: res://ASSETS/materials/fabric/facade_fabric.png
09-23 18:10:07.787 I/godot   (22378): [RESOLVER] facade_fabric resolved from DEFAULT.png (dims 1024x512)
09-23 18:10:07.826 I/godot   (22378): 
09-23 18:10:07.826 I/godot   (22378): Attempting to resolve: facade_plywood (folder plywood)
09-23 18:10:07.826 I/godot   (22378):   [USER] File not found: user://textures/plywood/facade_plywood.png
09-23 18:10:07.826 I/godot   (22378):   [USER] File not found: user://textures/plywood/facade_plywood.webp
09-23 18:10:07.861 I/godot   (22378):   [DEFAULT] Validation PASS: res://ASSETS/materials/plywood/facade_plywood.png
09-23 18:10:07.861 I/godot   (22378): [RESOLVER] facade_plywood resolved from DEFAULT.png (dims 1024x512)
09-23 18:10:07.928 I/godot   (22378): 
09-23 18:10:07.928 I/godot   (22378): Attempting to resolve: facade_earth (folder earth)
09-23 18:10:07.928 I/godot   (22378):   [USER] File not found: user://textures/earth/facade_earth.png
09-23 18:10:07.928 I/godot   (22378):   [USER] File not found: user://textures/earth/facade_earth.webp
09-23 18:10:07.964 I/godot   (22378):   [DEFAULT] Validation PASS: res://ASSETS/materials/earth/facade_earth.png
09-23 18:10:07.965 I/godot   (22378): [RESOLVER] facade_earth resolved from DEFAULT.png (dims 1024x512)
09-23 18:10:10.427 I/godot   (22378): [BOARD3D] 215432 voxel(s) (slices 69440, columns 672, slabs 145992; the 2D board holds 64 cell(s)) → 108772 face(s) → 732 quad(s) in 276 chunk(s), 11 material(s), plane levels 78..103; collect 1628 ms, mesh 1503 ms; skip 2D writes true; source store
09-23 18:10:10.983 I/godot   (22378): [TestZone] 0 pickups
09-23 18:10:11.249 I/godot   (22378): [DEV-HUD-01] DEV VISION Status Panel initialized
09-23 18:10:11.261 I/godot   (22378): [DEBUG] _ready() complete, starting probe
09-23 18:10:11.261 I/godot   (22378): [SLICE-02 probe] ===== STARTING ALIGNMENT CHECK =====
09-23 18:10:11.261 I/godot   (22378): [SLICE-02 probe] floor_cell = (0, 0)  voxel_cell = (0, 0)
09-23 18:10:11.261 I/godot   (22378): [SLICE-02 probe] floor_map=(128.0, 64.0)  voxel_map=(16.0, 8.0)
09-23 18:10:11.261 I/godot   (22378): [SLICE-02 probe] floor_adjusted=(0.0, 0.0)  voxel_adjusted=(0.0, 0.0)
09-23 18:10:11.261 I/godot   (22378): [SLICE-02 probe] canon_pos=(0.0, 512.0)  voxel_pos=(112.0, 576.0)  delta=(112.0, 64.0) px
09-23 18:10:11.261 I/godot   (22378): [SLICE-02 probe] INFO: no block_* tile found for footprint check
09-23 18:10:11.262 V/Godot   (22378): OnGodotMainLoopStarted
09-23 18:10:12.793 I/godot   (22378): [GLASS-TILE] mirrored 2240 glass cell(s) into the opaque layers, removed 0
09-23 18:10:12.924 I/godot   (22378): [SCENARIO] 4 step(s)
09-23 18:10:12.924 I/godot   (22378): [SCENARIO] 1/4 framing portrait
09-23 18:10:12.925 I/godot   (22378): [SCENARIO] 2/4 zoom 0.5
09-23 18:10:12.925 I/godot   (22378): [SCENARIO] 3/4 wait 25
09-23 18:10:16.199 I/godot   (22378): [FRAME-PROBE] 54.3 ms/frame · render cpu 0.9 ms · render gpu 21.7 ms · 91 draw call(s) · 10812 primitive(s) · 108 object(s) · process 125.7 ms · physics 28.3 ms · 948 node(s) · view portrait 390x873 zoom 0.50 gu 95/1104 scale 1.00
09-23 18:10:16.199 I/godot   (22378): [FRAME-SPLIT] per frame: guard cone smooth draw 27.42 ms (5/f) · sprite light+throw 1.35 ms (10/f) · room temporal lights 0.10 ms (1/f) · room vision fog 0.09 ms (1/f) · guard attention 0.06 ms (9/f) · room enemy visibility 0.03 ms (1/f)
09-23 18:10:17.748 I/godot   (22378): [FRAME-PROBE] 26.1 ms/frame · render cpu 1.5 ms · render gpu 18.9 ms · 91 draw call(s) · 10812 primitive(s) · 108 object(s) · process 66.2 ms · physics 0.4 ms · 948 node(s) · view portrait 390x873 zoom 0.50 gu 95/1104 scale 1.00
09-23 18:10:17.748 I/godot   (22378): [FRAME-SPLIT] per frame: sprite light+throw 1.25 ms (10/f) · room temporal lights 0.13 ms (1/f) · room vision fog 0.09 ms (1/f) · guard attention 0.06 ms (9/f) · room enemy visibility 0.03 ms (1/f)
09-23 18:10:18.989 I/godot   (22378): [FRAME-PROBE] 20.7 ms/frame · render cpu 2.0 ms · render gpu 21.3 ms · 91 draw call(s) · 10812 primitive(s) · 108 object(s) · process 50.4 ms · physics 0.5 ms · 948 node(s) · view portrait 390x873 zoom 0.50 gu 95/1104 scale 1.00
09-23 18:10:18.990 I/godot   (22378): [FRAME-SPLIT] per frame: sprite light+throw 0.91 ms (10/f) · room temporal lights 0.10 ms (1/f) · room vision fog 0.08 ms (1/f) · guard attention 0.05 ms (9/f) · room enemy visibility 0.03 ms (1/f)
09-23 18:10:20.343 I/godot   (22378): [FRAME-PROBE] 22.6 ms/frame · render cpu 0.8 ms · render gpu 18.6 ms · 91 draw call(s) · 10812 primitive(s) · 108 object(s) · process 42.9 ms · physics 0.7 ms · 948 node(s) · view portrait 390x873 zoom 0.50 gu 95/1104 scale 1.00
09-23 18:10:20.344 I/godot   (22378): [FRAME-SPLIT] per frame: sprite light+throw 0.94 ms (10/f) · room temporal lights 0.10 ms (1/f) · room vision fog 0.09 ms (1/f) · guard attention 0.05 ms (9/f) · room enemy visibility 0.03 ms (1/f)
09-23 18:10:21.539 I/godot   (22378): [FRAME-PROBE] 19.9 ms/frame · render cpu 0.7 ms · render gpu 17.8 ms · 91 draw call(s) · 10812 primitive(s) · 108 object(s) · process 45.2 ms · physics 1.8 ms · 948 node(s) · view portrait 390x873 zoom 0.50 gu 95/1104 scale 1.00
09-23 18:10:21.539 I/godot   (22378): [FRAME-SPLIT] per frame: sprite light+throw 0.72 ms (10/f) · room temporal lights 0.07 ms (1/f) · room vision fog 0.06 ms (1/f) · guard attention 0.04 ms (9/f) · room enemy visibility 0.02 ms (1/f)
09-23 18:10:22.790 I/godot   (22378): [FRAME-PROBE] 20.8 ms/frame · render cpu 0.7 ms · render gpu 17.9 ms · 91 draw call(s) · 10812 primitive(s) · 108 object(s) · process 27.6 ms · physics 0.5 ms · 948 node(s) · view portrait 390x873 zoom 0.50 gu 95/1104 scale 1.00
09-23 18:10:22.790 I/godot   (22378): [FRAME-SPLIT] per frame: sprite light+throw 0.92 ms (10/f) · room temporal lights 0.10 ms (1/f) · room vision fog 0.09 ms (1/f) · guard attention 0.05 ms (9/f) · room enemy visibility 0.04 ms (1/f)
09-23 18:10:23.952 I/godot   (22378): [FRAME-PROBE] 19.4 ms/frame · render cpu 1.4 ms · render gpu 17.9 ms · 91 draw call(s) · 10812 primitive(s) · 108 object(s) · process 31.1 ms · physics 0.2 ms · 948 node(s) · view portrait 390x873 zoom 0.50 gu 95/1104 scale 1.00
09-23 18:10:23.952 I/godot   (22378): [FRAME-SPLIT] per frame: sprite light+throw 0.58 ms (10/f) · room temporal lights 0.07 ms (1/f) · room vision fog 0.06 ms (1/f) · guard attention 0.03 ms (9/f) · room enemy visibility 0.02 ms (1/f)
09-23 18:10:25.114 I/godot   (22378): [FRAME-PROBE] 19.4 ms/frame · render cpu 0.8 ms · render gpu 17.7 ms · 91 draw call(s) · 10812 primitive(s) · 108 object(s) · process 23.6 ms · physics 0.1 ms · 948 node(s) · view portrait 390x873 zoom 0.50 gu 95/1104 scale 1.00
09-23 18:10:25.114 I/godot   (22378): [FRAME-SPLIT] per frame: sprite light+throw 0.53 ms (10/f) · room temporal lights 0.06 ms (1/f) · room vision fog 0.06 ms (1/f) · guard attention 0.03 ms (9/f) · room enemy visibility 0.02 ms (1/f)
09-23 18:10:26.276 I/godot   (22378): [FRAME-PROBE] 19.4 ms/frame · render cpu 1.6 ms · render gpu 17.9 ms · 91 draw call(s) · 10812 primitive(s) · 108 object(s) · process 22.9 ms · physics 0.1 ms · 948 node(s) · view portrait 390x873 zoom 0.50 gu 95/1104 scale 1.00
09-23 18:10:26.276 I/godot   (22378): [FRAME-SPLIT] per frame: sprite light+throw 0.59 ms (10/f) · room temporal lights 0.07 ms (1/f) · room vision fog 0.06 ms (1/f) · guard attention 0.03 ms (9/f) · room enemy visibility 0.02 ms (1/f)
09-23 18:10:27.449 I/godot   (22378): [FRAME-PROBE] 19.5 ms/frame · render cpu 1.5 ms · render gpu 17.8 ms · 91 draw call(s) · 10812 primitive(s) · 108 object(s) · process 23.1 ms · physics 0.1 ms · 948 node(s) · view portrait 390x873 zoom 0.50 gu 95/1104 scale 1.00
09-23 18:10:27.449 I/godot   (22378): [FRAME-SPLIT] per frame: sprite light+throw 0.63 ms (10/f) · room temporal lights 0.07 ms (1/f) · room vision fog 0.06 ms (1/f) · guard attention 0.03 ms (9/f) · room enemy visibility 0.02 ms (1/f)
09-23 18:10:28.599 I/godot   (22378): [FRAME-PROBE] 19.2 ms/frame · render cpu 0.7 ms · render gpu 18.1 ms · 91 draw call(s) · 10812 primitive(s) · 108 object(s) · process 22.8 ms · physics 0.1 ms · 948 node(s) · view portrait 390x873 zoom 0.50 gu 95/1104 scale 1.00
09-23 18:10:28.599 I/godot   (22378): [FRAME-SPLIT] per frame: sprite light+throw 0.57 ms (10/f) · room temporal lights 0.07 ms (1/f) · room vision fog 0.06 ms (1/f) · guard attention 0.03 ms (9/f) · room enemy visibility 0.02 ms (1/f)
09-23 18:10:29.749 I/godot   (22378): [FRAME-PROBE] 19.2 ms/frame · render cpu 0.8 ms · render gpu 17.9 ms · 91 draw call(s) · 10812 primitive(s) · 108 object(s) · process 23.0 ms · physics 0.1 ms · 948 node(s) · view portrait 390x873 zoom 0.50 gu 95/1104 scale 1.00
09-23 18:10:29.750 I/godot   (22378): [FRAME-SPLIT] per frame: sprite light+throw 0.58 ms (10/f) · room temporal lights 0.07 ms (1/f) · room vision fog 0.06 ms (1/f) · guard attention 0.03 ms (9/f) · room enemy visibility 0.02 ms (1/f)
09-23 18:10:30.934 I/godot   (22378): [FRAME-PROBE] 19.7 ms/frame · render cpu 0.7 ms · render gpu 18.4 ms · 91 draw call(s) · 10812 primitive(s) · 108 object(s) · process 23.1 ms · physics 0.1 ms · 948 node(s) · view portrait 390x873 zoom 0.50 gu 95/1104 scale 1.00
09-23 18:10:30.934 I/godot   (22378): [FRAME-SPLIT] per frame: sprite light+throw 0.65 ms (10/f) · room temporal lights 0.07 ms (1/f) · room vision fog 0.06 ms (1/f) · guard attention 0.04 ms (9/f) · room enemy visibility 0.02 ms (1/f)
09-23 18:10:32.085 I/godot   (22378): [FRAME-PROBE] 19.2 ms/frame · render cpu 0.7 ms · render gpu 18.5 ms · 91 draw call(s) · 10812 primitive(s) · 108 object(s) · process 22.9 ms · physics 0.1 ms · 948 node(s) · view portrait 390x873 zoom 0.50 gu 95/1104 scale 1.00
09-23 18:10:32.085 I/godot   (22378): [FRAME-SPLIT] per frame: sprite light+throw 0.62 ms (10/f) · room temporal lights 0.07 ms (1/f) · room vision fog 0.06 ms (1/f) · guard attention 0.03 ms (9/f) · room enemy visibility 0.02 ms (1/f)
09-23 18:10:33.258 I/godot   (22378): [FRAME-PROBE] 19.5 ms/frame · render cpu 1.4 ms · render gpu 18.0 ms · 91 draw call(s) · 10812 primitive(s) · 108 object(s) · process 23.1 ms · physics 0.1 ms · 948 node(s) · view portrait 390x873 zoom 0.50 gu 95/1104 scale 1.00
09-23 18:10:33.258 I/godot   (22378): [FRAME-SPLIT] per frame: sprite light+throw 0.67 ms (10/f) · room temporal lights 0.07 ms (1/f) · room vision fog 0.06 ms (1/f) · guard attention 0.04 ms (9/f) · room enemy visibility 0.02 ms (1/f)
09-23 18:10:34.419 I/godot   (22378): [FRAME-PROBE] 19.4 ms/frame · render cpu 0.8 ms · render gpu 18.1 ms · 91 draw call(s) · 10812 primitive(s) · 108 object(s) · process 22.9 ms · physics 0.2 ms · 948 node(s) · view portrait 390x873 zoom 0.50 gu 95/1104 scale 1.00
09-23 18:10:34.419 I/godot   (22378): [FRAME-SPLIT] per frame: sprite light+throw 0.57 ms (10/f) · room temporal lights 0.07 ms (1/f) · room vision fog 0.06 ms (1/f) · guard attention 0.03 ms (9/f) · room enemy visibility 0.02 ms (1/f)
09-23 18:10:35.581 I/godot   (22378): [FRAME-PROBE] 19.4 ms/frame · render cpu 0.8 ms · render gpu 17.9 ms · 91 draw call(s) · 10812 primitive(s) · 108 object(s) · process 22.7 ms · physics 0.2 ms · 948 node(s) · view portrait 390x873 zoom 0.50 gu 95/1104 scale 1.00
09-23 18:10:35.581 I/godot   (22378): [FRAME-SPLIT] per frame: sprite light+throw 0.61 ms (10/f) · room temporal lights 0.07 ms (1/f) · room vision fog 0.06 ms (1/f) · guard attention 0.03 ms (9/f) · room enemy visibility 0.02 ms (1/f)
09-23 18:10:36.755 I/godot   (22378): [FRAME-PROBE] 19.6 ms/frame · render cpu 0.7 ms · render gpu 18.0 ms · 91 draw call(s) · 10812 primitive(s) · 108 object(s) · process 22.9 ms · physics 0.1 ms · 948 node(s) · view portrait 390x873 zoom 0.50 gu 95/1104 scale 1.00
09-23 18:10:36.755 I/godot   (22378): [FRAME-SPLIT] per frame: sprite light+throw 0.56 ms (10/f) · room temporal lights 0.07 ms (1/f) · room vision fog 0.06 ms (1/f) · guard attention 0.03 ms (9/f) · room enemy visibility 0.02 ms (1/f)
09-23 18:10:37.852 I/godot   (22378): [SCENARIO] 4/4 quit
09-23 18:10:42.562 V/Godot   (22378): OnGodotTerminating
[DIAG-02] com.example.infiltraitor exited on its own at 18:10:44 — capture ends
