--------- beginning of main
09-23 20:17:41.471 V/Godot   (23125): InitEngine with params: [--xr_mode_regular, --xr-mode, off, --fullscreen, --background_color, #000000]
09-23 20:17:41.472 V/Godot   (23125): Initializing Godot plugin registry
09-23 20:17:41.556 V/Godot   (23125): Godot native layer initialization completed: true
09-23 20:17:41.863 V/Godot   (23125): Godot native layer setup completed
09-23 20:17:41.863 V/Godot   (23125): OnInitRenderView: GodotFragment{fc29790} (a67afd0d-abb9-4071-8f85-a6e698cbdb7e id=0x7f070033)
09-23 20:17:41.875 D/Godot   (23125): Render view should be transparent: false
09-23 20:17:41.876 D/Godot   (23125): usesVulkan(): true
09-23 20:17:41.876 D/Godot   (23125): 			renderingDevice: vulkan (ProjectSettings)
09-23 20:17:41.876 D/Godot   (23125): 			renderer: mobile (ProjectSettings)
09-23 20:17:41.896 V/Godot   (23125): OnStart: GodotFragment{fc29790} (a67afd0d-abb9-4071-8f85-a6e698cbdb7e id=0x7f070033)
09-23 20:17:41.902 V/Godot   (23125): OnResume: GodotFragment{fc29790} (a67afd0d-abb9-4071-8f85-a6e698cbdb7e id=0x7f070033)
09-23 20:17:41.943 I/godot   (23125): Godot Engine v4.6.1.stable.official.14d19694e - https://godotengine.org
09-23 20:17:42.058 I/godot   (23125): Vulkan 1.3.225 - Forward Mobile - Using Device #0: ARM - Mali-G57
09-23 20:17:42.492 I/godot   (23125): 
09-23 20:17:47.072 V/Godot   (23125): OnGodotSetupCompleted
09-23 20:17:47.097 I/godot   (23125): [DevFlags] 7 override(s) from /sdcard/Android/data/com.example.infiltraitor/files/dev_flags.cfg — FRAME_PROBE=1, MAP=PLAYGROUND, MESH_PLANES=1, PROP_MESH=20, RENDER3D=1, RNG_SEED=1, SCENARIO=framing portrait; zoom 0.5; wait 25; quit
09-23 20:17:47.098 I/godot   (23125): [INFILTRAITOR] Version 0.9.107
09-23 20:17:47.104 I/godot   (23125): [Registries] Autoload initialized
09-23 20:17:47.108 I/godot   (23125): [RNG] seeded 1 — particle rolls are reproducible this boot
09-23 20:17:47.109 I/godot   (23125): [MaterialRegistry] Registered: brick (color: 0.55,0.29,0.22)
09-23 20:17:47.110 I/godot   (23125): [MaterialRegistry] Registered: cardboard (color: 0.70,0.55,0.36)
09-23 20:17:47.111 I/godot   (23125): [MaterialRegistry] Registered: concrete (color: 0.62,0.62,0.62)
09-23 20:17:47.112 I/godot   (23125): [MaterialRegistry] Registered: dirt (color: 0.50,0.38,0.27)
09-23 20:17:47.112 I/godot   (23125): [MaterialRegistry] Registered: earth (color: 0.52,0.39,0.26)
09-23 20:17:47.114 I/godot   (23125): [MaterialRegistry] Registered: fabric (color: 0.78,0.74,0.66)
09-23 20:17:47.115 I/godot   (23125): [MaterialRegistry] Registered: glass (color: 0.62,0.74,0.78)
09-23 20:17:47.115 I/godot   (23125): [MaterialRegistry] Registered: glass_armored (color: 0.74,0.62,0.78)
09-23 20:17:47.115 I/godot   (23125): [MaterialRegistry] Registered: glass_screen_amber (color: 0.70,0.60,0.38)
09-23 20:17:47.115 I/godot   (23125): [MaterialRegistry] Registered: glass_screen_green (color: 0.38,0.55,0.42)
09-23 20:17:47.115 I/godot   (23125): [MaterialRegistry] Registered: glass_screen_red (color: 0.62,0.40,0.41)
09-23 20:17:47.116 I/godot   (23125): [MaterialRegistry] Registered: grass (color: 0.42,0.55,0.29)
09-23 20:17:47.116 I/godot   (23125): [MaterialRegistry] Registered: gravel (color: 0.55,0.52,0.49)
09-23 20:17:47.117 I/godot   (23125): [MaterialRegistry] Registered: metal (color: 0.49,0.53,0.56)
09-23 20:17:47.118 I/godot   (23125): [MaterialRegistry] Registered: plywood (color: 0.78,0.63,0.42)
09-23 20:17:47.118 I/godot   (23125): [MaterialRegistry] Registered: sand (color: 0.76,0.67,0.51)
09-23 20:17:47.119 I/godot   (23125): [MaterialRegistry] Registered: stone (color: 0.55,0.55,0.58)
09-23 20:17:47.119 I/godot   (23125): [MaterialRegistry] Registered: wood (color: 0.66,0.47,0.31)
09-23 20:17:47.120 I/godot   (23125): [Registries] Material registry initialized with defaults
09-23 20:17:47.120 I/godot   (23125): [BakeConfig] Enabled: true, Blend Mode: 0, Facade Tops: true
09-23 20:17:47.134 I/godot   (23125): [Room] 4 tiles registered.
09-23 20:17:47.964 I/godot   (23125): [Room] Light registry initialized with 0 map lights:
09-23 20:17:47.964 I/godot   (23125): [Room] Tile semantics initialized with 0 tiles, 0 light anchors
09-23 20:17:47.964 I/godot   (23125): [Room] Shadow projector initialized
09-23 20:17:47.965 I/godot   (23125): [Room] Exposure system initialized with 0 light projections
09-23 20:17:47.965 I/godot   (23125): [VisionController] Shadow overlay initialized
09-23 20:17:47.965 I/godot   (23125): [VisionController] Exposure overlay initialized
09-23 20:17:47.965 I/godot   (23125): [VisionController] Tile risk heatmap overlay initialized
09-23 20:17:47.965 I/godot   (23125): [VisionController] Elite exposure overlay initialized: [EliteExposureOverlay safe=0 total=0 confidence=0.00 depth_layers=6 stability_types=4]
09-23 20:17:48.079 I/godot   (23125): [Registries] File map source initialized
09-23 20:17:48.957 I/godot   (23125): [MaterialRegistry] Registered: brick (color: 0.55,0.29,0.22)
09-23 20:17:48.958 I/godot   (23125): [MaterialRegistry] Registered: cardboard (color: 0.70,0.55,0.36)
09-23 20:17:48.958 I/godot   (23125): [MaterialRegistry] Registered: concrete (color: 0.62,0.62,0.62)
09-23 20:17:48.958 I/godot   (23125): [MaterialRegistry] Registered: dirt (color: 0.50,0.38,0.27)
09-23 20:17:48.958 I/godot   (23125): [MaterialRegistry] Registered: earth (color: 0.52,0.39,0.26)
09-23 20:17:48.958 I/godot   (23125): [MaterialRegistry] Registered: fabric (color: 0.78,0.74,0.66)
09-23 20:17:48.959 I/godot   (23125): [MaterialRegistry] Registered: glass (color: 0.62,0.74,0.78)
09-23 20:17:48.959 I/godot   (23125): [MaterialRegistry] Registered: glass_armored (color: 0.74,0.62,0.78)
09-23 20:17:48.959 I/godot   (23125): [MaterialRegistry] Registered: glass_screen_amber (color: 0.70,0.60,0.38)
09-23 20:17:48.959 I/godot   (23125): [MaterialRegistry] Registered: glass_screen_green (color: 0.38,0.55,0.42)
09-23 20:17:48.959 I/godot   (23125): [MaterialRegistry] Registered: glass_screen_red (color: 0.62,0.40,0.41)
09-23 20:17:48.960 I/godot   (23125): [MaterialRegistry] Registered: grass (color: 0.42,0.55,0.29)
09-23 20:17:48.960 I/godot   (23125): [MaterialRegistry] Registered: gravel (color: 0.55,0.52,0.49)
09-23 20:17:48.960 I/godot   (23125): [MaterialRegistry] Registered: metal (color: 0.49,0.53,0.56)
09-23 20:17:48.960 I/godot   (23125): [MaterialRegistry] Registered: plywood (color: 0.78,0.63,0.42)
09-23 20:17:48.960 I/godot   (23125): [MaterialRegistry] Registered: sand (color: 0.76,0.67,0.51)
09-23 20:17:48.961 I/godot   (23125): [MaterialRegistry] Registered: stone (color: 0.55,0.55,0.58)
09-23 20:17:48.961 I/godot   (23125): [MaterialRegistry] Registered: wood (color: 0.66,0.47,0.31)
09-23 20:17:49.689 I/godot   (23125): [ROOM] Baking textures with 40 junction columns...
09-23 20:17:49.716 I/godot   (23125): [ROOM] Grouped edges into 43 runs
09-23 20:17:49.722 I/godot   (23125): [BAKE] Loaded voxel atom: concrete (32×36, 0 AA pixels)
09-23 20:17:49.723 I/godot   (23125): [BAKE] Loaded voxel atom: metal (32×36, 0 AA pixels)
09-23 20:17:49.724 I/godot   (23125): [BAKE] Loaded voxel atom: stone (32×36, 0 AA pixels)
09-23 20:17:49.726 I/godot   (23125): [BAKE] Loaded voxel atom: wood (32×36, 0 AA pixels)
09-23 20:17:49.733 I/godot   (23125): [BAKE] Loaded voxel atom: grass (32×36, 0 AA pixels)
09-23 20:17:49.750 I/godot   (23125): [BAKE] Loaded voxel atom: dirt (32×36, 0 AA pixels)
09-23 20:17:49.753 I/godot   (23125): [BAKE] Loaded voxel atom: gravel (32×36, 0 AA pixels)
09-23 20:17:49.755 I/godot   (23125): [BAKE] Loaded voxel atom: sand (32×36, 0 AA pixels)
09-23 20:17:49.756 I/godot   (23125): [BAKE] Loaded voxel atom: earth (32×36, 0 AA pixels)
09-23 20:17:49.757 I/godot   (23125): [BAKE] Loaded voxel atom: brick (32×36, 0 AA pixels)
09-23 20:17:49.758 I/godot   (23125): [BAKE] Loaded voxel atom: cardboard (32×36, 0 AA pixels)
09-23 20:17:49.759 I/godot   (23125): [BAKE] Loaded voxel atom: fabric (32×36, 0 AA pixels)
09-23 20:17:49.760 I/godot   (23125): [BAKE] Loaded voxel atom: plywood (32×36, 0 AA pixels)
09-23 20:17:49.761 I/godot   (23125): [BAKE] Loaded voxel atom: glass (32×36, 0 AA pixels)
09-23 20:17:49.761 I/godot   (23125): [BAKE] Created persistent BakeCompositor for session
09-23 20:17:49.763 I/godot   (23125): [BAKE] Found 9 unique (material, facade) combos
09-23 20:17:49.902 I/godot   (23125): 
09-23 20:17:49.902 I/godot   (23125): Attempting to resolve: facade_concrete (folder concrete)
09-23 20:17:49.903 I/godot   (23125):   [USER] File not found: user://textures/concrete/facade_concrete.png
09-23 20:17:49.903 I/godot   (23125):   [USER] File not found: user://textures/concrete/facade_concrete.webp
09-23 20:17:49.931 I/godot   (23125):   [DEFAULT] Validation PASS: res://ASSETS/materials/concrete/facade_concrete.png
09-23 20:17:49.931 I/godot   (23125): [RESOLVER] facade_concrete resolved from DEFAULT.png (dims 1024x512)
09-23 20:17:49.931 I/godot   (23125): 
09-23 20:17:49.931 I/godot   (23125): Attempting to resolve: facade_metal (folder metal)
09-23 20:17:49.931 I/godot   (23125):   [USER] File not found: user://textures/metal/facade_metal.png
09-23 20:17:49.931 I/godot   (23125):   [USER] File not found: user://textures/metal/facade_metal.webp
09-23 20:17:49.962 I/godot   (23125):   [DEFAULT] Validation PASS: res://ASSETS/materials/metal/facade_metal.png
09-23 20:17:49.962 I/godot   (23125): [RESOLVER] facade_metal resolved from DEFAULT.png (dims 1024x512)
09-23 20:17:49.963 I/godot   (23125): 
09-23 20:17:49.963 I/godot   (23125): Attempting to resolve: facade_stone (folder stone)
09-23 20:17:49.963 I/godot   (23125):   [USER] File not found: user://textures/stone/facade_stone.png
09-23 20:17:49.963 I/godot   (23125):   [USER] File not found: user://textures/stone/facade_stone.webp
09-23 20:17:49.991 I/godot   (23125):   [DEFAULT] Validation PASS: res://ASSETS/materials/stone/facade_stone.png
09-23 20:17:49.991 I/godot   (23125): [RESOLVER] facade_stone resolved from DEFAULT.png (dims 1024x512)
09-23 20:17:49.991 I/godot   (23125): 
09-23 20:17:49.991 I/godot   (23125): Attempting to resolve: facade_wood (folder wood)
09-23 20:17:49.991 I/godot   (23125):   [USER] File not found: user://textures/wood/facade_wood.png
09-23 20:17:49.992 I/godot   (23125):   [USER] File not found: user://textures/wood/facade_wood.webp
09-23 20:17:50.021 I/godot   (23125):   [DEFAULT] Validation PASS: res://ASSETS/materials/wood/facade_wood.png
09-23 20:17:50.021 I/godot   (23125): [RESOLVER] facade_wood resolved from DEFAULT.png (dims 1024x512)
09-23 20:17:50.021 I/godot   (23125): 
09-23 20:17:50.021 I/godot   (23125): Attempting to resolve: facade_brick (folder brick)
09-23 20:17:50.021 I/godot   (23125):   [USER] File not found: user://textures/brick/facade_brick.png
09-23 20:17:50.021 I/godot   (23125):   [USER] File not found: user://textures/brick/facade_brick.webp
09-23 20:17:50.053 I/godot   (23125):   [DEFAULT] Validation PASS: res://ASSETS/materials/brick/facade_brick.png
09-23 20:17:50.053 I/godot   (23125): [RESOLVER] facade_brick resolved from DEFAULT.png (dims 1024x512)
09-23 20:17:50.053 I/godot   (23125): 
09-23 20:17:50.053 I/godot   (23125): Attempting to resolve: facade_cardboard (folder cardboard)
09-23 20:17:50.053 I/godot   (23125):   [USER] File not found: user://textures/cardboard/facade_cardboard.png
09-23 20:17:50.053 I/godot   (23125):   [USER] File not found: user://textures/cardboard/facade_cardboard.webp
09-23 20:17:50.076 I/godot   (23125):   [DEFAULT] Validation PASS: res://ASSETS/materials/cardboard/facade_cardboard.png
09-23 20:17:50.076 I/godot   (23125): [RESOLVER] facade_cardboard resolved from DEFAULT.png (dims 1024x512)
09-23 20:17:50.076 I/godot   (23125): 
09-23 20:17:50.076 I/godot   (23125): Attempting to resolve: facade_fabric (folder fabric)
09-23 20:17:50.076 I/godot   (23125):   [USER] File not found: user://textures/fabric/facade_fabric.png
09-23 20:17:50.076 I/godot   (23125):   [USER] File not found: user://textures/fabric/facade_fabric.webp
09-23 20:17:50.098 I/godot   (23125):   [DEFAULT] Validation PASS: res://ASSETS/materials/fabric/facade_fabric.png
09-23 20:17:50.098 I/godot   (23125): [RESOLVER] facade_fabric resolved from DEFAULT.png (dims 1024x512)
09-23 20:17:50.099 I/godot   (23125): 
09-23 20:17:50.099 I/godot   (23125): Attempting to resolve: facade_plywood (folder plywood)
09-23 20:17:50.099 I/godot   (23125):   [USER] File not found: user://textures/plywood/facade_plywood.png
09-23 20:17:50.099 I/godot   (23125):   [USER] File not found: user://textures/plywood/facade_plywood.webp
09-23 20:17:50.128 I/godot   (23125):   [DEFAULT] Validation PASS: res://ASSETS/materials/plywood/facade_plywood.png
09-23 20:17:50.128 I/godot   (23125): [RESOLVER] facade_plywood resolved from DEFAULT.png (dims 1024x512)
09-23 20:17:50.128 I/godot   (23125): 
09-23 20:17:50.128 I/godot   (23125): Attempting to resolve: facade_glass (folder glass)
09-23 20:17:50.128 I/godot   (23125):   [USER] File not found: user://textures/glass/facade_glass.png
09-23 20:17:50.128 I/godot   (23125):   [USER] File not found: user://textures/glass/facade_glass.webp
09-23 20:17:50.137 I/godot   (23125):   [DEFAULT] Validation PASS: res://ASSETS/materials/glass/facade_glass.png
09-23 20:17:50.137 I/godot   (23125): [RESOLVER] facade_glass resolved from DEFAULT.png (dims 1024x512)
09-23 20:17:50.906 I/godot   (23125): [BAKE] Composed sheet concrete|facade_concrete|0 (2048 atoms)
09-23 20:17:51.753 I/godot   (23125): [BAKE] Composed sheet concrete|facade_concrete|1 (2048 atoms)
09-23 20:17:52.255 I/godot   (23125): [BAKE] Composed sheet metal|facade_metal|0 (2048 atoms)
09-23 20:17:52.703 I/godot   (23125): [BAKE] Composed sheet metal|facade_metal|1 (2048 atoms)
09-23 20:17:53.133 I/godot   (23125): [BAKE] Composed sheet stone|facade_stone|0 (2048 atoms)
09-23 20:17:53.584 I/godot   (23125): [BAKE] Composed sheet stone|facade_stone|1 (2048 atoms)
09-23 20:17:54.023 I/godot   (23125): [BAKE] Composed sheet wood|facade_wood|0 (2048 atoms)
09-23 20:17:54.475 I/godot   (23125): [BAKE] Composed sheet wood|facade_wood|1 (2048 atoms)
09-23 20:17:54.909 I/godot   (23125): [BAKE] Composed sheet brick|facade_brick|0 (2048 atoms)
09-23 20:17:55.357 I/godot   (23125): [BAKE] Composed sheet brick|facade_brick|1 (2048 atoms)
09-23 20:17:55.792 I/godot   (23125): [BAKE] Composed sheet cardboard|facade_cardboard|0 (2048 atoms)
09-23 20:17:56.242 I/godot   (23125): [BAKE] Composed sheet cardboard|facade_cardboard|1 (2048 atoms)
09-23 20:17:56.683 I/godot   (23125): [BAKE] Composed sheet fabric|facade_fabric|0 (2048 atoms)
09-23 20:17:57.135 I/godot   (23125): [BAKE] Composed sheet fabric|facade_fabric|1 (2048 atoms)
09-23 20:17:57.591 I/godot   (23125): [BAKE] Composed sheet plywood|facade_plywood|0 (2048 atoms)
09-23 20:17:58.051 I/godot   (23125): [BAKE] Composed sheet plywood|facade_plywood|1 (2048 atoms)
09-23 20:17:58.499 I/godot   (23125): [BAKE] Composed sheet glass|facade_glass|0 (2048 atoms)
09-23 20:17:58.953 I/godot   (23125): [BAKE] Composed sheet glass|facade_glass|1 (2048 atoms)
09-23 20:17:59.023 I/godot   (23125): [BAKE] Composed junction page: concrete|facade_concrete (160 atoms)
09-23 20:17:59.061 I/godot   (23125): [BAKE] Composed junction page: metal|facade_metal (64 atoms)
09-23 20:17:59.099 I/godot   (23125): [BAKE] Composed junction page: stone|facade_stone (64 atoms)
09-23 20:17:59.137 I/godot   (23125): [BAKE] Composed junction page: wood|facade_wood (64 atoms)
09-23 20:17:59.175 I/godot   (23125): [BAKE] Composed junction page: brick|facade_brick (64 atoms)
09-23 20:17:59.214 I/godot   (23125): [BAKE] Composed junction page: cardboard|facade_cardboard (64 atoms)
09-23 20:17:59.251 I/godot   (23125): [BAKE] Composed junction page: fabric|facade_fabric (64 atoms)
09-23 20:17:59.290 I/godot   (23125): [BAKE] Composed junction page: plywood|facade_plywood (64 atoms)
09-23 20:17:59.328 I/godot   (23125): [BAKE] Composed junction page: glass|facade_glass (64 atoms)
09-23 20:18:00.325 I/godot   (23125): [BAKE] Composed roof page ROOF|concrete|facade_concrete (4096 atoms)
09-23 20:18:00.936 I/godot   (23125): [BAKE] Composed roof page ROOF|metal|facade_metal (586 atoms)
09-23 20:18:01.540 I/godot   (23125): [BAKE] Composed roof page ROOF|stone|facade_stone (586 atoms)
09-23 20:18:02.139 I/godot   (23125): [BAKE] Composed roof page ROOF|wood|facade_wood (586 atoms)
09-23 20:18:02.731 I/godot   (23125): [BAKE] Composed roof page ROOF|brick|facade_brick (586 atoms)
09-23 20:18:03.319 I/godot   (23125): [BAKE] Composed roof page ROOF|cardboard|facade_cardboard (586 atoms)
09-23 20:18:03.906 I/godot   (23125): [BAKE] Composed roof page ROOF|fabric|facade_fabric (586 atoms)
09-23 20:18:04.495 I/godot   (23125): [BAKE] Composed roof page ROOF|plywood|facade_plywood (586 atoms)
09-23 20:18:05.081 I/godot   (23125): [BAKE] Composed roof page ROOF|glass|facade_glass (586 atoms)
09-23 20:18:05.085 I/godot   (23125): [BAKE] Baked 9 combos × 2 directions in 14948.0 ms
09-23 20:18:05.087 I/godot   (23125): [ROOM] Bake complete: 15326 ms, 36 pages
09-23 20:18:09.709 I/godot   (23125): [ROOM] Registered baked atlas page 0 as source 98 on voxel_renderer (8448 tiles created)
09-23 20:18:14.519 I/godot   (23125): [ROOM] Registered baked atlas page 1 as source 99 on voxel_renderer (8448 tiles created)
09-23 20:18:14.533 I/godot   (23125): [ROOM] Registered baked atlas page 2 as source 100 on voxel_renderer (384 tiles created)
09-23 20:18:14.548 I/godot   (23125): [ROOM] Registered baked atlas page 3 as source 101 on voxel_renderer (384 tiles created)
09-23 20:18:14.562 I/godot   (23125): [ROOM] Registered baked atlas page 4 as source 102 on voxel_renderer (384 tiles created)
09-23 20:18:14.576 I/godot   (23125): [ROOM] Registered baked atlas page 5 as source 103 on voxel_renderer (384 tiles created)
09-23 20:18:14.591 I/godot   (23125): [ROOM] Registered baked atlas page 6 as source 104 on voxel_renderer (384 tiles created)
09-23 20:18:14.605 I/godot   (23125): [ROOM] Registered baked atlas page 7 as source 105 on voxel_renderer (384 tiles created)
09-23 20:18:14.620 I/godot   (23125): [ROOM] Registered baked atlas page 8 as source 106 on voxel_renderer (384 tiles created)
09-23 20:18:14.634 I/godot   (23125): [ROOM] Registered baked atlas page 9 as source 107 on voxel_renderer (384 tiles created)
09-23 20:18:14.648 I/godot   (23125): [ROOM] Registered baked atlas page 10 as source 108 on voxel_renderer (384 tiles created)
09-23 20:18:14.663 I/godot   (23125): [ROOM] Registered baked atlas page 11 as source 109 on voxel_renderer (384 tiles created)
09-23 20:18:14.677 I/godot   (23125): [ROOM] Registered baked atlas page 12 as source 110 on voxel_renderer (384 tiles created)
09-23 20:18:14.691 I/godot   (23125): [ROOM] Registered baked atlas page 13 as source 111 on voxel_renderer (384 tiles created)
09-23 20:18:14.705 I/godot   (23125): [ROOM] Registered baked atlas page 14 as source 112 on voxel_renderer (384 tiles created)
09-23 20:18:14.720 I/godot   (23125): [ROOM] Registered baked atlas page 15 as source 113 on voxel_renderer (384 tiles created)
09-23 20:18:14.742 I/godot   (23125): [ROOM] Registered baked atlas page 16 as source 114 on voxel_renderer (384 tiles created)
09-23 20:18:14.834 I/godot   (23125): [ROOM] Registered baked atlas page 17 as source 115 on voxel_renderer (384 tiles created)
09-23 20:18:14.839 I/godot   (23125): [ROOM] Registered baked atlas page 18 as source 116 on voxel_renderer (160 tiles created)
09-23 20:18:14.841 I/godot   (23125): [ROOM] Registered baked atlas page 19 as source 117 on voxel_renderer (64 tiles created)
09-23 20:18:14.843 I/godot   (23125): [ROOM] Registered baked atlas page 20 as source 118 on voxel_renderer (64 tiles created)
09-23 20:18:14.845 I/godot   (23125): [ROOM] Registered baked atlas page 21 as source 119 on voxel_renderer (64 tiles created)
09-23 20:18:14.847 I/godot   (23125): [ROOM] Registered baked atlas page 22 as source 120 on voxel_renderer (64 tiles created)
09-23 20:18:14.849 I/godot   (23125): [ROOM] Registered baked atlas page 23 as source 121 on voxel_renderer (64 tiles created)
09-23 20:18:14.851 I/godot   (23125): [ROOM] Registered baked atlas page 24 as source 122 on voxel_renderer (64 tiles created)
09-23 20:18:14.853 I/godot   (23125): [ROOM] Registered baked atlas page 25 as source 123 on voxel_renderer (64 tiles created)
09-23 20:18:14.855 I/godot   (23125): [ROOM] Registered baked atlas page 26 as source 124 on voxel_renderer (64 tiles created)
09-23 20:18:15.875 I/godot   (23125): [ROOM] Registered baked atlas page 27 as source 125 on voxel_renderer (4096 tiles created)
09-23 20:18:15.904 I/godot   (23125): [ROOM] Registered baked atlas page 28 as source 126 on voxel_renderer (586 tiles created)
09-23 20:18:15.933 I/godot   (23125): [ROOM] Registered baked atlas page 29 as source 127 on voxel_renderer (586 tiles created)
09-23 20:18:15.962 I/godot   (23125): [ROOM] Registered baked atlas page 30 as source 128 on voxel_renderer (586 tiles created)
09-23 20:18:15.990 I/godot   (23125): [ROOM] Registered baked atlas page 31 as source 129 on voxel_renderer (586 tiles created)
09-23 20:18:16.019 I/godot   (23125): [ROOM] Registered baked atlas page 32 as source 130 on voxel_renderer (586 tiles created)
09-23 20:18:16.048 I/godot   (23125): [ROOM] Registered baked atlas page 33 as source 131 on voxel_renderer (586 tiles created)
09-23 20:18:16.077 I/godot   (23125): [ROOM] Registered baked atlas page 34 as source 132 on voxel_renderer (586 tiles created)
09-23 20:18:16.106 I/godot   (23125): [ROOM] Registered baked atlas page 35 as source 133 on voxel_renderer (586 tiles created)
09-23 20:18:16.106 I/godot   (23125): [VOXEL] Baked lookup set: registered
09-23 20:18:16.129 I/godot   (23125): [BAKE] Disk cache HIT: loaded 1ff64de9
09-23 20:18:16.878 I/godot   (23125): [D33] composite page: 3584 tile(s) created up front in 735.6 ms
09-23 20:18:16.904 I/godot   (23125): [BAKE] Disk cache HIT: loaded 79f4f5e8
09-23 20:18:16.907 I/godot   (23125): [BAKE] Disk cache HIT: loaded c5a3ab77
09-23 20:18:16.910 I/godot   (23125): [BAKE] Disk cache HIT: loaded 38139423
09-23 20:18:16.913 I/godot   (23125): [BAKE] Disk cache HIT: loaded 66da5472
09-23 20:18:16.916 I/godot   (23125): [BAKE] Disk cache HIT: loaded e4993765
09-23 20:18:16.919 I/godot   (23125): [BAKE] Disk cache HIT: loaded 689fb62e
09-23 20:18:16.922 I/godot   (23125): [BAKE] Disk cache HIT: loaded 6705897f
09-23 20:18:16.925 I/godot   (23125): [BAKE] Disk cache HIT: loaded f45df950
09-23 20:18:16.928 I/godot   (23125): [BAKE] Disk cache HIT: loaded a69e54c4
09-23 20:18:16.930 I/godot   (23125): [BAKE] Disk cache HIT: loaded 789ec235
09-23 20:18:16.933 I/godot   (23125): [BAKE] Disk cache HIT: loaded 7ae0a8c2
09-23 20:18:16.936 I/godot   (23125): [BAKE] Disk cache HIT: loaded e19baabe
09-23 20:18:16.939 I/godot   (23125): [BAKE] Disk cache HIT: loaded 3323d2cf
09-23 20:18:16.942 I/godot   (23125): [BAKE] Disk cache HIT: loaded 14a1b0e0
09-23 20:18:16.945 I/godot   (23125): [BAKE] Disk cache HIT: loaded 312a1305
09-23 20:18:16.948 I/godot   (23125): [BAKE] Disk cache HIT: loaded a6443a14
09-23 20:18:16.951 I/godot   (23125): [BAKE] Disk cache HIT: loaded de99e143
09-23 20:18:16.954 I/godot   (23125): [BAKE] Disk cache HIT: loaded f582f5c8
09-23 20:18:16.957 I/godot   (23125): [BAKE] Disk cache HIT: loaded c18fa5c9
09-23 20:18:16.960 I/godot   (23125): [BAKE] Disk cache HIT: loaded 75160ea6
09-23 20:18:16.963 I/godot   (23125): [BAKE] Disk cache HIT: loaded 4d745b00
09-23 20:18:16.966 I/godot   (23125): [BAKE] Disk cache HIT: loaded baeabe01
09-23 20:18:16.969 I/godot   (23125): [BAKE] Disk cache HIT: loaded 535489de
09-23 20:18:16.973 I/godot   (23125): [BAKE] Disk cache HIT: loaded 3e4f2802
09-23 20:18:16.976 I/godot   (23125): [BAKE] Disk cache HIT: loaded 8f879e33
09-23 20:18:16.979 I/godot   (23125): [BAKE] Disk cache HIT: loaded e5158604
09-23 20:18:16.983 I/godot   (23125): [BAKE] Disk cache HIT: loaded bda6b76f
09-23 20:18:16.986 I/godot   (23125): [BAKE] Disk cache HIT: loaded 6ae15ade
09-23 20:18:16.989 I/godot   (23125): [BAKE] Disk cache HIT: loaded d2778f01
09-23 20:18:16.992 I/godot   (23125): [BAKE] Disk cache HIT: loaded 8acb8dbd
09-23 20:18:16.995 I/godot   (23125): [BAKE] Disk cache HIT: loaded f8179f2c
09-23 20:18:16.998 I/godot   (23125): [BAKE] Disk cache HIT: loaded c3776c5b
09-23 20:18:17.001 I/godot   (23125): [BAKE] Disk cache HIT: loaded ddea6eff
09-23 20:18:17.004 I/godot   (23125): [BAKE] Disk cache HIT: loaded df849bae
09-23 20:18:17.007 I/godot   (23125): [BAKE] Disk cache HIT: loaded 4b738391
09-23 20:18:17.010 I/godot   (23125): [BAKE] Disk cache HIT: loaded 310dc82c
09-23 20:18:17.013 I/godot   (23125): [BAKE] Disk cache HIT: loaded c3c1b6bd
09-23 20:18:17.016 I/godot   (23125): [BAKE] Disk cache HIT: loaded 2a46d30a
09-23 20:18:17.019 I/godot   (23125): [BAKE] Disk cache HIT: loaded fdc7ddf1
09-23 20:18:17.022 I/godot   (23125): [BAKE] Disk cache HIT: loaded 0fb2e0b0
09-23 20:18:17.025 I/godot   (23125): [BAKE] Disk cache HIT: loaded db12addf
09-23 20:18:17.028 I/godot   (23125): [BAKE] Disk cache HIT: loaded 4f78b87f
09-23 20:18:17.031 I/godot   (23125): [BAKE] Disk cache HIT: loaded 5112e52e
09-23 20:18:17.034 I/godot   (23125): [BAKE] Disk cache HIT: loaded bd01cd11
09-23 20:18:17.037 I/godot   (23125): [BAKE] Disk cache HIT: loaded 75a5bc1d
09-23 20:18:17.040 I/godot   (23125): [BAKE] Disk cache HIT: loaded 564b730c
09-23 20:18:17.043 I/godot   (23125): [BAKE] Disk cache HIT: loaded a1ac09bb
09-23 20:18:17.046 I/godot   (23125): [BAKE] Disk cache HIT: loaded 62ea1cf0
09-23 20:18:17.049 I/godot   (23125): [BAKE] Disk cache HIT: loaded 50ff1a31
09-23 20:18:17.051 I/godot   (23125): [BAKE] Disk cache HIT: loaded dc23f14e
09-23 20:18:17.055 I/godot   (23125): [BAKE] Disk cache HIT: loaded 8b168722
09-23 20:18:17.057 I/godot   (23125): [BAKE] Disk cache HIT: loaded dd8c31d3
09-23 20:18:17.060 I/godot   (23125): [BAKE] Disk cache HIT: loaded 31dce524
09-23 20:18:17.063 I/godot   (23125): [BAKE] Disk cache HIT: loaded dbe61180
09-23 20:18:17.066 I/godot   (23125): [BAKE] Disk cache HIT: loaded 495c7481
09-23 20:18:17.069 I/godot   (23125): [BAKE] Disk cache HIT: loaded e1c6405e
09-23 20:18:17.071 I/godot   (23125): [BAKE] Disk cache HIT: loaded 266b01ab
09-23 20:18:17.074 I/godot   (23125): [BAKE] Disk cache HIT: loaded 53a66e9a
09-23 20:18:17.077 I/godot   (23125): [BAKE] Disk cache HIT: loaded d31dba8d
09-23 20:18:17.080 I/godot   (23125): [BAKE] Disk cache HIT: loaded 4da47f86
09-23 20:18:17.083 I/godot   (23125): [BAKE] Disk cache HIT: loaded ec09bbb7
09-23 20:18:17.086 I/godot   (23125): [BAKE] Disk cache HIT: loaded a05b0628
09-23 20:18:17.089 I/godot   (23125): [BAKE] Disk cache HIT: loaded 2ad8f476
09-23 20:18:17.092 I/godot   (23125): [BAKE] Disk cache HIT: loaded 7655f6e7
09-23 20:18:17.095 I/godot   (23125): [BAKE] Disk cache HIT: loaded aaa677d8
09-23 20:18:17.098 I/godot   (23125): [BAKE] Disk cache HIT: loaded 93993437
09-23 20:18:17.101 I/godot   (23125): [BAKE] Disk cache HIT: loaded f533f806
09-23 20:18:17.104 I/godot   (23125): [BAKE] Disk cache HIT: loaded 953399a9
09-23 20:18:17.107 I/godot   (23125): [BAKE] Disk cache HIT: loaded 0fc056b1
09-23 20:18:17.110 I/godot   (23125): [BAKE] Disk cache HIT: loaded 21ab5970
09-23 20:18:17.113 I/godot   (23125): [BAKE] Disk cache HIT: loaded ed0b269f
09-23 20:18:17.116 I/godot   (23125): [BAKE] Disk cache HIT: loaded 9b8ed3b4
09-23 20:18:17.119 I/godot   (23125): [BAKE] Disk cache HIT: loaded 99ce5225
09-23 20:18:17.122 I/godot   (23125): [BAKE] Disk cache HIT: loaded 48889b32
09-23 20:18:17.125 I/godot   (23125): [BAKE] Disk cache HIT: loaded 1a067eca
09-23 20:18:17.128 I/godot   (23125): [BAKE] Disk cache HIT: loaded ec2d411b
09-23 20:18:17.130 I/godot   (23125): [BAKE] Disk cache HIT: loaded 4d0c84ec
09-23 20:18:17.133 I/godot   (23125): [BAKE] Disk cache HIT: loaded 0054ff2c
09-23 20:18:17.136 I/godot   (23125): [BAKE] Disk cache HIT: loaded 9308edbd
09-23 20:18:17.138 I/godot   (23125): [BAKE] Disk cache HIT: loaded f98e0a0a
09-23 20:18:17.141 I/godot   (23125): [BAKE] Disk cache HIT: loaded bcf9043b
09-23 20:18:17.145 I/godot   (23125): [BAKE] Disk cache HIT: loaded ead241ea
09-23 20:18:17.147 I/godot   (23125): [BAKE] Disk cache HIT: loaded 90f2b69d
09-23 20:18:17.150 I/godot   (23125): [BAKE] Disk cache HIT: loaded 9e92ca16
09-23 20:18:17.153 I/godot   (23125): [BAKE] Disk cache HIT: loaded 101b2487
09-23 20:18:17.156 I/godot   (23125): [BAKE] Disk cache HIT: loaded caa027f8
09-23 20:18:17.159 I/godot   (23125): [BAKE] Disk cache HIT: loaded db3c5d88
09-23 20:18:17.162 I/godot   (23125): [BAKE] Disk cache HIT: loaded a7490d89
09-23 20:18:17.165 I/godot   (23125): [BAKE] Disk cache HIT: loaded b387b366
09-23 20:18:17.168 I/godot   (23125): [BAKE] Disk cache HIT: loaded d51907ad
09-23 20:18:17.170 I/godot   (23125): [BAKE] Disk cache HIT: loaded c303b35c
09-23 20:18:17.173 I/godot   (23125): [BAKE] Disk cache HIT: loaded 0dc4e64b
09-23 20:18:17.176 I/godot   (23125): [BAKE] Disk cache HIT: loaded 6f0d800b
09-23 20:18:17.178 I/godot   (23125): [BAKE] Disk cache HIT: loaded 988e09fa
09-23 20:18:17.181 I/godot   (23125): [BAKE] Disk cache HIT: loaded 3661a16d
09-23 20:18:17.184 I/godot   (23125): [BAKE] Disk cache HIT: loaded 00714a05
09-23 20:18:17.187 I/godot   (23125): [BAKE] Disk cache HIT: loaded 758b7114
09-23 20:18:17.190 I/godot   (23125): [BAKE] Disk cache HIT: loaded ade11843
09-23 20:18:17.193 I/godot   (23125): [BAKE] Disk cache HIT: loaded c99c60fa
09-23 20:18:17.196 I/godot   (23125): [BAKE] Disk cache HIT: loaded a01bd70b
09-23 20:18:17.199 I/godot   (23125): [BAKE] Disk cache HIT: loaded 555aa41c
09-23 20:18:17.201 I/godot   (23125): [BAKE] Disk cache HIT: loaded d172d041
09-23 20:18:17.204 I/godot   (23125): [BAKE] Disk cache HIT: loaded 0b443040
09-23 20:18:17.207 I/godot   (23125): [BAKE] Disk cache HIT: loaded 63e9bbaf
09-23 20:18:17.210 I/godot   (23125): [BAKE] Disk cache HIT: loaded 7dc14c67
09-23 20:18:17.213 I/godot   (23125): [BAKE] Disk cache HIT: loaded 324449f6
09-23 20:18:17.216 I/godot   (23125): [BAKE] Disk cache HIT: loaded febd1799
09-23 20:18:17.219 I/godot   (23125): [BAKE] Disk cache HIT: loaded 80070612
09-23 20:18:17.222 I/godot   (23125): [BAKE] Disk cache HIT: loaded d27cb0c3
09-23 20:18:17.225 I/godot   (23125): [BAKE] Disk cache HIT: loaded 9a270994
09-23 20:18:17.228 I/godot   (23125): [BAKE] Disk cache HIT: loaded 408a168c
09-23 20:18:17.231 I/godot   (23125): [BAKE] Disk cache HIT: loaded 5fe45f9d
09-23 20:18:17.234 I/godot   (23125): [BAKE] Disk cache HIT: loaded b9c3eaea
09-23 20:18:17.237 I/godot   (23125): [BAKE] Disk cache HIT: loaded fb0049ea
09-23 20:18:17.239 I/godot   (23125): [BAKE] Disk cache HIT: loaded cd270c3b
09-23 20:18:17.242 I/godot   (23125): [BAKE] Disk cache HIT: loaded 81c6758c
09-23 20:18:17.245 I/godot   (23125): [BAKE] Disk cache HIT: loaded 725b1a95
09-23 20:18:17.248 I/godot   (23125): [BAKE] Disk cache HIT: loaded f41ad2a4
09-23 20:18:17.251 I/godot   (23125): [BAKE] Disk cache HIT: loaded 9fca1f53
09-23 20:18:17.254 I/godot   (23125): [BAKE] Disk cache HIT: loaded 3ce87820
09-23 20:18:17.257 I/godot   (23125): [BAKE] Disk cache HIT: loaded aa5edb21
09-23 20:18:17.260 I/godot   (23125): [BAKE] Disk cache HIT: loaded dd6945fe
09-23 20:18:17.262 I/godot   (23125): [BAKE] Disk cache HIT: loaded 375c7783
09-23 20:18:17.265 I/godot   (23125): [BAKE] Disk cache HIT: loaded e4e6ccd2
09-23 20:18:17.268 I/godot   (23125): [BAKE] Disk cache HIT: loaded 89eca945
09-23 20:18:17.271 I/godot   (23125): [BAKE] Disk cache HIT: loaded 6f1c8b0d
09-23 20:18:17.274 I/godot   (23125): [BAKE] Disk cache HIT: loaded cf23a7bc
09-23 20:18:17.277 I/godot   (23125): [BAKE] Disk cache HIT: loaded c269d22b
09-23 20:18:17.280 I/godot   (23125): [BAKE] Disk cache HIT: loaded a2f6a7a8
09-23 20:18:17.283 I/godot   (23125): [BAKE] Disk cache HIT: loaded f03fc2a9
09-23 20:18:17.285 I/godot   (23125): [BAKE] Disk cache HIT: loaded 50402106
09-23 20:18:17.288 I/godot   (23125): [BAKE] Disk cache HIT: loaded 170da79e
09-23 20:18:17.291 I/godot   (23125): [BAKE] Disk cache HIT: loaded 69d3042f
09-23 20:18:17.294 I/godot   (23125): [BAKE] Disk cache HIT: loaded 112d78c0
09-23 20:18:17.297 I/godot   (23125): [BAKE] Disk cache HIT: loaded 0bea3be0
09-23 20:18:17.300 I/godot   (23125): [BAKE] Disk cache HIT: loaded 79609ee1
09-23 20:18:17.303 I/godot   (23125): [BAKE] Disk cache HIT: loaded d8e435be
09-23 20:18:17.306 I/godot   (23125): [BAKE] Disk cache HIT: loaded c2f0fe17
09-23 20:18:17.309 I/godot   (23125): [BAKE] Disk cache HIT: loaded d0ca0966
09-23 20:18:17.311 I/godot   (23125): [BAKE] Disk cache HIT: loaded c48b6389
09-23 20:18:17.314 I/godot   (23125): [BAKE] Disk cache HIT: loaded f42ffe0a
09-23 20:18:17.318 I/godot   (23125): [BAKE] Disk cache HIT: loaded c656c05b
09-23 20:18:17.321 I/godot   (23125): [BAKE] Disk cache HIT: loaded faf6f32c
09-23 20:18:17.323 I/godot   (23125): [BAKE] Disk cache HIT: loaded 8e459ee2
09-23 20:18:17.326 I/godot   (23125): [BAKE] Disk cache HIT: loaded e0bb4993
09-23 20:18:17.329 I/godot   (23125): [BAKE] Disk cache HIT: loaded 350bfce4
09-23 20:18:17.332 I/godot   (23125): [BAKE] Disk cache HIT: loaded 22b77a14
09-23 20:18:17.335 I/godot   (23125): [BAKE] Disk cache HIT: loaded ad9d5305
09-23 20:18:17.338 I/godot   (23125): [BAKE] Disk cache HIT: loaded 08977692
09-23 20:18:17.341 I/godot   (23125): [BAKE] Disk cache HIT: loaded 2b3ac651
09-23 20:18:17.344 I/godot   (23125): [BAKE] Disk cache HIT: loaded 4b0a2190
09-23 20:18:17.347 I/godot   (23125): [BAKE] Disk cache HIT: loaded 1669eebf
09-23 20:18:17.349 I/godot   (23125): [BAKE] Disk cache HIT: loaded ddd178df
09-23 20:18:17.352 I/godot   (23125): [BAKE] Disk cache HIT: loaded 8bab800e
09-23 20:18:17.355 I/godot   (23125): [BAKE] Disk cache HIT: loaded 0086a8f1
09-23 20:18:17.358 I/godot   (23125): [BAKE] Disk cache HIT: loaded 078ff8c9
09-23 20:18:17.360 I/godot   (23125): [BAKE] Disk cache HIT: loaded 3b8348c8
09-23 20:18:17.363 I/godot   (23125): [BAKE] Disk cache HIT: loaded 05f59357
09-23 20:18:17.365 I/godot   (23125): [BAKE] Disk cache HIT: loaded fa29a4f6
09-23 20:18:17.368 I/godot   (23125): [BAKE] Disk cache HIT: loaded 45a6a767
09-23 20:18:17.371 I/godot   (23125): [BAKE] Disk cache HIT: loaded 79f72858
09-23 20:18:17.374 I/godot   (23125): [BAKE] Disk cache HIT: loaded c43fb14b
09-23 20:18:17.377 I/godot   (23125): [BAKE] Disk cache HIT: loaded 72b7893a
09-23 20:18:17.380 I/godot   (23125): [BAKE] Disk cache HIT: loaded 8b93d2ad
09-23 20:18:17.383 I/godot   (23125): [BAKE] Disk cache HIT: loaded 3c0fdd7d
09-23 20:18:17.387 I/godot   (23125): [BAKE] Disk cache HIT: loaded 50a3b1ec
09-23 20:18:17.390 I/godot   (23125): [BAKE] Disk cache HIT: loaded efc46e1b
09-23 20:18:17.393 I/godot   (23125): [BAKE] Disk cache HIT: loaded 5d243053
09-23 20:18:17.396 I/godot   (23125): [BAKE] Disk cache HIT: loaded 0aae85a2
09-23 20:18:17.399 I/godot   (23125): [BAKE] Disk cache HIT: loaded 2fb52b95
09-23 20:18:17.402 I/godot   (23125): [BAKE] Disk cache HIT: loaded dcc1c5e6
09-23 20:18:17.405 I/godot   (23125): [BAKE] Disk cache HIT: loaded cee8ba97
09-23 20:18:17.407 I/godot   (23125): [BAKE] Disk cache HIT: loaded 04767008
09-23 20:18:17.410 I/godot   (23125): [BAKE] Disk cache HIT: loaded e8344460
09-23 20:18:17.413 I/godot   (23125): [BAKE] Disk cache HIT: loaded 55aaa761
09-23 20:18:17.416 I/godot   (23125): [BAKE] Disk cache HIT: loaded b52e3e3e
09-23 20:18:17.419 I/godot   (23125): [BAKE] Disk cache HIT: loaded 3ac39f1e
09-23 20:18:17.421 I/godot   (23125): [BAKE] Disk cache HIT: loaded 8d88fbaf
09-23 20:18:17.425 I/godot   (23125): [BAKE] Disk cache HIT: loaded 34e37040
09-23 20:18:17.427 I/godot   (23125): [BAKE] Disk cache HIT: loaded ae9fd721
09-23 20:18:17.430 I/godot   (23125): [BAKE] Disk cache HIT: loaded 41297420
09-23 20:18:17.433 I/godot   (23125): [BAKE] Disk cache HIT: loaded 8beaa70f
09-23 20:18:17.436 I/godot   (23125): [BAKE] Disk cache HIT: loaded 991789cc
09-23 20:18:17.439 I/godot   (23125): [BAKE] Disk cache HIT: loaded b871d2dd
09-23 20:18:17.442 I/godot   (23125): [BAKE] Disk cache HIT: loaded b999212a
09-23 20:18:17.444 I/godot   (23125): [BAKE] Disk cache HIT: loaded 5e0bedbc
09-23 20:18:17.447 I/godot   (23125): [BAKE] Disk cache HIT: loaded fe04d10d
09-23 20:18:17.449 I/godot   (23125): [BAKE] Disk cache HIT: loaded 7e8d851a
09-23 20:18:17.452 I/godot   (23125): [BAKE] Disk cache HIT: loaded f0cbacc5
09-23 20:18:17.455 I/godot   (23125): [BAKE] Disk cache HIT: loaded 65e5d3d4
09-23 20:18:17.458 I/godot   (23125): [BAKE] Disk cache HIT: loaded 9e3b7b03
09-23 20:18:17.461 I/godot   (23125): [BAKE] Disk cache HIT: loaded fe7ed17f
09-23 20:18:17.464 I/godot   (23125): [BAKE] Disk cache HIT: loaded 0018fe2e
09-23 20:18:17.466 I/godot   (23125): [BAKE] Disk cache HIT: loaded 6c07e611
09-23 20:18:17.469 I/godot   (23125): [BAKE] Disk cache HIT: loaded f8617f42
09-23 20:18:17.472 I/godot   (23125): [BAKE] Disk cache HIT: loaded a2523273
09-23 20:18:17.475 I/godot   (23125): [BAKE] Disk cache HIT: loaded 241f2b44
09-23 20:18:17.478 I/godot   (23125): [BAKE] Disk cache HIT: loaded 43e30398
09-23 20:18:17.481 I/godot   (23125): [BAKE] Disk cache HIT: loaded 908e4dd9
09-23 20:18:17.483 I/godot   (23125): [BAKE] Disk cache HIT: loaded 1ccdbd36
09-23 20:18:17.487 I/godot   (23125): [BAKE] Disk cache HIT: loaded 9bc17792
09-23 20:18:17.489 I/godot   (23125): [BAKE] Disk cache HIT: loaded ee372243
09-23 20:18:17.492 I/godot   (23125): [BAKE] Disk cache HIT: loaded b5e17b14
09-23 20:18:17.495 I/godot   (23125): [BAKE] Disk cache HIT: loaded 8af654d1
09-23 20:18:17.498 I/godot   (23125): [BAKE] Disk cache HIT: loaded aac5b010
09-23 20:18:17.501 I/godot   (23125): [BAKE] Disk cache HIT: loaded 76257d3f
09-23 20:18:17.504 I/godot   (23125): [BAKE] Disk cache HIT: loaded 97f724ec
09-23 20:18:17.507 I/godot   (23125): [BAKE] Disk cache HIT: loaded 8363507d
09-23 20:18:17.509 I/godot   (23125): [BAKE] Disk cache HIT: loaded 64f11eca
09-23 20:18:17.512 I/godot   (23125): [BAKE] Disk cache HIT: loaded 02300d3e
09-23 20:18:17.515 I/godot   (23125): [BAKE] Disk cache HIT: loaded 53b8354f
09-23 20:18:17.518 I/godot   (23125): [BAKE] Disk cache HIT: loaded 35361360
09-23 20:18:17.521 I/godot   (23125): [BAKE] Disk cache HIT: loaded cc7a3463
09-23 20:18:17.524 I/godot   (23125): [BAKE] Disk cache HIT: loaded cf01e3b2
09-23 20:18:17.526 I/godot   (23125): [BAKE] Disk cache HIT: loaded 20479aa5
09-23 20:18:17.529 I/godot   (23125): [BAKE] Disk cache HIT: loaded a4e028c1
09-23 20:18:17.532 I/godot   (23125): [BAKE] Disk cache HIT: loaded deb188c0
09-23 20:18:17.535 I/godot   (23125): [BAKE] Disk cache HIT: loaded 3757142f
09-23 20:18:17.537 I/godot   (23125): [BAKE] Disk cache HIT: loaded 37935b73
09-23 20:18:17.540 I/godot   (23125): [BAKE] Disk cache HIT: loaded 8da2a842
09-23 20:18:17.543 I/godot   (23125): [BAKE] Disk cache HIT: loaded 8b60c1b5
09-23 20:18:17.546 I/godot   (23125): [BAKE] Disk cache HIT: loaded 02b23628
09-23 20:18:17.548 I/godot   (23125): [BAKE] Disk cache HIT: loaded 4ffb5129
09-23 20:18:17.551 I/godot   (23125): [BAKE] Disk cache HIT: loaded affbaf86
09-23 20:18:17.554 I/godot   (23125): [BAKE] Disk cache HIT: loaded b9cd8a6b
09-23 20:18:17.557 I/godot   (23125): [BAKE] Disk cache HIT: loaded e708f75a
09-23 20:18:17.560 I/godot   (23125): [BAKE] Disk cache HIT: loaded 0dc8064d
09-23 20:18:17.563 I/godot   (23125): [BAKE] Disk cache HIT: loaded cefc66e9
09-23 20:18:17.566 I/godot   (23125): [BAKE] Disk cache HIT: loaded 28fb0ee8
09-23 20:18:17.569 I/godot   (23125): [BAKE] Disk cache HIT: loaded 74a9c477
09-23 20:18:17.573 I/godot   (23125): [BAKE] Disk cache HIT: loaded 4a4da5e4
09-23 20:18:17.576 I/godot   (23125): [BAKE] Disk cache HIT: loaded 21462ad5
09-23 20:18:17.579 I/godot   (23125): [BAKE] Disk cache HIT: loaded a38747e2
09-23 20:18:17.582 I/godot   (23125): [BAKE] Disk cache HIT: loaded 72002296
09-23 20:18:17.584 I/godot   (23125): [BAKE] Disk cache HIT: loaded e3887d07
09-23 20:18:17.587 I/godot   (23125): [BAKE] Disk cache HIT: loaded 9e0d8078
09-23 20:18:17.590 I/godot   (23125): [BAKE] Disk cache HIT: loaded b7494534
09-23 20:18:17.593 I/godot   (23125): [BAKE] Disk cache HIT: loaded b588c3a5
09-23 20:18:17.596 I/godot   (23125): [BAKE] Disk cache HIT: loaded 64430cb2
09-23 20:18:17.599 I/godot   (23125): [BAKE] Disk cache HIT: loaded cae2dc07
09-23 20:18:17.601 I/godot   (23125): [BAKE] Disk cache HIT: loaded 595a8196
09-23 20:18:17.604 I/godot   (23125): [BAKE] Disk cache HIT: loaded b279a9b9
09-23 20:18:17.607 I/godot   (23125): [BAKE] Disk cache HIT: loaded de015d02
09-23 20:18:17.610 I/godot   (23125): [BAKE] Disk cache HIT: loaded 2f39d333
09-23 20:18:17.612 I/godot   (23125): [BAKE] Disk cache HIT: loaded 84c7bb04
09-23 20:18:17.616 I/godot   (23125): [BAKE] Disk cache HIT: loaded 9925edef
09-23 20:18:17.618 I/godot   (23125): [BAKE] Disk cache HIT: loaded 4660915e
09-23 20:18:17.621 I/godot   (23125): [BAKE] Disk cache HIT: loaded adf6c581
09-23 20:18:17.625 I/godot   (23125): [BAKE] Disk cache HIT: loaded db105109
09-23 20:18:17.628 I/godot   (23125): [BAKE] Disk cache HIT: loaded 0f03a108
09-23 20:18:17.630 I/godot   (23125): [BAKE] Disk cache HIT: loaded d975eb97
09-23 20:18:17.634 I/godot   (23125): [BAKE] Disk cache HIT: loaded 78a85bfc
09-23 20:18:17.637 I/godot   (23125): [BAKE] Disk cache HIT: loaded 18a13f4d
09-23 20:18:17.640 I/godot   (23125): [BAKE] Disk cache HIT: loaded f1e2305a
09-23 20:18:17.643 I/godot   (23125): [BAKE] Disk cache HIT: loaded 4d0a65c2
09-23 20:18:17.646 I/godot   (23125): [BAKE] Disk cache HIT: loaded f6fb18f3
09-23 20:18:17.649 I/godot   (23125): [BAKE] Disk cache HIT: loaded 78c811c4
09-23 20:18:17.651 I/godot   (23125): [BAKE] Disk cache HIT: loaded a78c2364
09-23 20:18:17.654 I/godot   (23125): [BAKE] Disk cache HIT: loaded 7e84a855
09-23 20:18:17.657 I/godot   (23125): [BAKE] Disk cache HIT: loaded 00c5c562
09-23 20:18:17.660 I/godot   (23125): [BAKE] Disk cache HIT: loaded 2db3fd43
09-23 20:18:17.663 I/godot   (23125): [BAKE] Disk cache HIT: loaded db3e5292
09-23 20:18:17.665 I/godot   (23125): [BAKE] Disk cache HIT: loaded 80442f05
09-23 20:18:17.668 I/godot   (23125): [BAKE] Disk cache HIT: loaded 94daf0a6
09-23 20:18:17.671 I/godot   (23125): [BAKE] Disk cache HIT: loaded dfba2257
09-23 20:18:17.674 I/godot   (23125): [BAKE] Disk cache HIT: loaded 1547d7c8
09-23 20:18:17.677 I/godot   (23125): [BAKE] Disk cache HIT: loaded 441eecae
09-23 20:18:17.680 I/godot   (23125): [BAKE] Disk cache HIT: loaded 4284bfff
09-23 20:18:17.683 I/godot   (23125): [BAKE] Disk cache HIT: loaded cfdd2fd0
09-23 20:18:17.686 I/godot   (23125): [BAKE] Disk cache HIT: loaded 3822d120
09-23 20:18:17.689 I/godot   (23125): [BAKE] Disk cache HIT: loaded a5993421
09-23 20:18:17.692 I/godot   (23125): [BAKE] Disk cache HIT: loaded d8a39efe
09-23 20:18:17.695 I/godot   (23125): [BAKE] Disk cache HIT: loaded 7dbcbe55
09-23 20:18:17.698 I/godot   (23125): [BAKE] Disk cache HIT: loaded a6c43964
09-23 20:18:17.700 I/godot   (23125): [BAKE] Disk cache HIT: loaded 52738613
09-23 20:18:17.703 I/godot   (23125): [BAKE] Disk cache HIT: loaded 21231ae3
09-23 20:18:17.706 I/godot   (23125): [BAKE] Disk cache HIT: loaded 23aaca32
09-23 20:18:17.709 I/godot   (23125): [BAKE] Disk cache HIT: loaded 74f08125
09-23 20:18:17.711 I/godot   (23125): [BAKE] Disk cache HIT: loaded 3b0bc8dd
09-23 20:18:17.714 I/godot   (23125): [BAKE] Disk cache HIT: loaded 1bb17fcc
09-23 20:18:17.717 I/godot   (23125): [BAKE] Disk cache HIT: loaded 0e59d97b
09-23 20:18:17.720 I/godot   (23125): [BAKE] Disk cache HIT: loaded dd5561a2
09-23 20:18:17.723 I/godot   (23125): [BAKE] Disk cache HIT: loaded 2fcb0c53
09-23 20:18:17.726 I/godot   (23125): [BAKE] Disk cache HIT: loaded 841bbfa4
09-23 20:18:17.729 I/godot   (23125): [BAKE] Disk cache HIT: loaded 269bba47
09-23 20:18:17.732 I/godot   (23125): [BAKE] Disk cache HIT: loaded b5135fd6
09-23 20:18:17.734 I/godot   (23125): [BAKE] Disk cache HIT: loaded b57a4af9
09-23 20:18:17.738 I/godot   (23125): [BAKE] Disk cache HIT: loaded e5a9a719
09-23 20:18:17.740 I/godot   (23125): [BAKE] Disk cache HIT: loaded 98fe5cd8
09-23 20:18:17.743 I/godot   (23125): [BAKE] Disk cache HIT: loaded 64addbe7
09-23 20:18:17.746 I/godot   (23125): [BAKE] Disk cache HIT: loaded 0146d99f
09-23 20:18:17.748 I/godot   (23125): [BAKE] Disk cache HIT: loaded af20e0ce
09-23 20:18:17.751 I/godot   (23125): [BAKE] Disk cache HIT: loaded 23fc09b1
09-23 20:18:17.754 I/godot   (23125): [BAKE] Disk cache HIT: loaded 7fa109ba
09-23 20:18:17.757 I/godot   (23125): [BAKE] Disk cache HIT: loaded d12931cb
09-23 20:18:17.760 I/godot   (23125): [BAKE] Disk cache HIT: loaded 8667fedc
09-23 20:18:17.763 I/godot   (23125): [BAKE] Disk cache HIT: loaded 9ef68c64
09-23 20:18:17.766 I/godot   (23125): [BAKE] Disk cache HIT: loaded 75ef1155
09-23 20:18:17.769 I/godot   (23125): [BAKE] Disk cache HIT: loaded f8302e62
09-23 20:18:17.772 I/godot   (23125): [BAKE] Disk cache HIT: loaded 559ffcc2
09-23 20:18:17.775 I/godot   (23125): [BAKE] Disk cache HIT: loaded ff90aff3
09-23 20:18:17.778 I/godot   (23125): [BAKE] Disk cache HIT: loaded 815da8c4
09-23 20:18:17.780 I/godot   (23125): [BAKE] Disk cache HIT: loaded dd0a683d
09-23 20:18:17.783 I/godot   (23125): [BAKE] Disk cache HIT: loaded 4a5679ac
09-23 20:18:17.786 I/godot   (23125): [BAKE] Disk cache HIT: loaded 15b646db
09-23 20:18:17.788 I/godot   (23125): [BAKE] Disk cache HIT: loaded d973c668
09-23 20:18:17.791 I/godot   (23125): [BAKE] Disk cache HIT: loaded 7f751e69
09-23 20:18:17.794 I/godot   (23125): [BAKE] Disk cache HIT: loaded b2fc50c6
09-23 20:18:17.797 I/godot   (23125): [BAKE] Disk cache HIT: loaded 01598f48
09-23 20:18:17.800 I/godot   (23125): [BAKE] Disk cache HIT: loaded cd663f49
09-23 20:18:17.803 I/godot   (23125): [BAKE] Disk cache HIT: loaded 80eca826
09-23 20:18:17.805 I/godot   (23125): [BAKE] Disk cache MISS: file not found /data/data/com.example.infiltraitor/files/damage_atom_cache/dc910c0e.bin
09-23 20:18:17.807 I/godot   (23125): [BAKE] Disk cache MISS: file not found /data/data/com.example.infiltraitor/files/damage_atom_cache/2eb704df.bin
09-23 20:18:17.808 I/godot   (23125): [BAKE] Disk cache MISS: file not found /data/data/com.example.infiltraitor/files/damage_atom_cache/635737b0.bin
09-23 20:18:17.810 I/godot   (23125): [BAKE] Disk cache MISS: file not found /data/data/com.example.infiltraitor/files/damage_atom_cache/96667239.bin
09-23 20:18:17.812 I/godot   (23125): [BAKE] Disk cache MISS: file not found /data/data/com.example.infiltraitor/files/damage_atom_cache/6954a7f8.bin
09-23 20:18:17.814 I/godot   (23125): [BAKE] Disk cache MISS: file not found /data/data/com.example.infiltraitor/files/damage_atom_cache/aecfa487.bin
09-23 20:18:17.816 I/godot   (23125): [BAKE] Disk cache MISS: file not found /data/data/com.example.infiltraitor/files/damage_atom_cache/b6e72c0c.bin
09-23 20:18:17.818 I/godot   (23125): [BAKE] Disk cache MISS: file not found /data/data/com.example.infiltraitor/files/damage_atom_cache/d641751d.bin
09-23 20:18:17.820 I/godot   (23125): [BAKE] Disk cache MISS: file not found /data/data/com.example.infiltraitor/files/damage_atom_cache/3021006a.bin
09-23 20:18:17.822 I/godot   (23125): [BAKE] Disk cache MISS: file not found /data/data/com.example.infiltraitor/files/damage_atom_cache/3c0a4a83.bin
09-23 20:18:17.824 I/godot   (23125): [BAKE] Disk cache MISS: file not found /data/data/com.example.infiltraitor/files/damage_atom_cache/e9949fd2.bin
09-23 20:18:17.826 I/godot   (23125): [BAKE] Disk cache MISS: file not found /data/data/com.example.infiltraitor/files/damage_atom_cache/8e9a7c45.bin
09-23 20:18:17.828 I/godot   (23125): [BAKE] Disk cache MISS: file not found /data/data/com.example.infiltraitor/files/damage_atom_cache/96667239.bin
09-23 20:18:17.829 I/godot   (23125): [BAKE] Disk cache MISS: file not found /data/data/com.example.infiltraitor/files/damage_atom_cache/6954a7f8.bin
09-23 20:18:17.831 I/godot   (23125): [BAKE] Disk cache MISS: file not found /data/data/com.example.infiltraitor/files/damage_atom_cache/aecfa487.bin
09-23 20:18:17.833 I/godot   (23125): [BAKE] Disk cache MISS: file not found /data/data/com.example.infiltraitor/files/damage_atom_cache/b6e72c0c.bin
09-23 20:18:17.835 I/godot   (23125): [BAKE] Disk cache MISS: file not found /data/data/com.example.infiltraitor/files/damage_atom_cache/d641751d.bin
09-23 20:18:17.837 I/godot   (23125): [BAKE] Disk cache MISS: file not found /data/data/com.example.infiltraitor/files/damage_atom_cache/3021006a.bin
09-23 20:18:17.838 I/godot   (23125): [BAKE] Disk cache MISS: file not found /data/data/com.example.infiltraitor/files/damage_atom_cache/dc910c0e.bin
09-23 20:18:17.840 I/godot   (23125): [BAKE] Disk cache MISS: file not found /data/data/com.example.infiltraitor/files/damage_atom_cache/2eb704df.bin
09-23 20:18:17.842 I/godot   (23125): [BAKE] Disk cache MISS: file not found /data/data/com.example.infiltraitor/files/damage_atom_cache/635737b0.bin
09-23 20:18:17.844 I/godot   (23125): [BAKE] Disk cache MISS: file not found /data/data/com.example.infiltraitor/files/damage_atom_cache/96667239.bin
09-23 20:18:17.846 I/godot   (23125): [BAKE] Disk cache MISS: file not found /data/data/com.example.infiltraitor/files/damage_atom_cache/6954a7f8.bin
09-23 20:18:17.847 I/godot   (23125): [BAKE] Disk cache MISS: file not found /data/data/com.example.infiltraitor/files/damage_atom_cache/aecfa487.bin
09-23 20:18:17.849 I/godot   (23125): [BAKE] Disk cache MISS: file not found /data/data/com.example.infiltraitor/files/damage_atom_cache/b6e72c0c.bin
09-23 20:18:17.851 I/godot   (23125): [BAKE] Disk cache MISS: file not found /data/data/com.example.infiltraitor/files/damage_atom_cache/d641751d.bin
09-23 20:18:17.853 I/godot   (23125): [BAKE] Disk cache MISS: file not found /data/data/com.example.infiltraitor/files/damage_atom_cache/3021006a.bin
09-23 20:18:17.855 I/godot   (23125): [BAKE] Disk cache MISS: file not found /data/data/com.example.infiltraitor/files/damage_atom_cache/3c0a4a83.bin
09-23 20:18:17.857 I/godot   (23125): [BAKE] Disk cache MISS: file not found /data/data/com.example.infiltraitor/files/damage_atom_cache/e9949fd2.bin
09-23 20:18:17.859 I/godot   (23125): [BAKE] Disk cache MISS: file not found /data/data/com.example.infiltraitor/files/damage_atom_cache/8e9a7c45.bin
09-23 20:18:17.860 I/godot   (23125): [BAKE] Disk cache MISS: file not found /data/data/com.example.infiltraitor/files/damage_atom_cache/96667239.bin
09-23 20:18:17.862 I/godot   (23125): [BAKE] Disk cache MISS: file not found /data/data/com.example.infiltraitor/files/damage_atom_cache/6954a7f8.bin
09-23 20:18:17.864 I/godot   (23125): [BAKE] Disk cache MISS: file not found /data/data/com.example.infiltraitor/files/damage_atom_cache/aecfa487.bin
09-23 20:18:17.866 I/godot   (23125): [BAKE] Disk cache MISS: file not found /data/data/com.example.infiltraitor/files/damage_atom_cache/b6e72c0c.bin
09-23 20:18:17.867 I/godot   (23125): [BAKE] Disk cache MISS: file not found /data/data/com.example.infiltraitor/files/damage_atom_cache/d641751d.bin
09-23 20:18:17.869 I/godot   (23125): [BAKE] Disk cache MISS: file not found /data/data/com.example.infiltraitor/files/damage_atom_cache/3021006a.bin
09-23 20:18:17.871 I/godot   (23125): [BAKE] Disk cache MISS: file not found /data/data/com.example.infiltraitor/files/damage_atom_cache/dc910c0e.bin
09-23 20:18:17.872 I/godot   (23125): [BAKE] Disk cache MISS: file not found /data/data/com.example.infiltraitor/files/damage_atom_cache/2eb704df.bin
09-23 20:18:17.874 I/godot   (23125): [BAKE] Disk cache MISS: file not found /data/data/com.example.infiltraitor/files/damage_atom_cache/635737b0.bin
09-23 20:18:17.876 I/godot   (23125): [BAKE] Disk cache MISS: file not found /data/data/com.example.infiltraitor/files/damage_atom_cache/96667239.bin
09-23 20:18:17.878 I/godot   (23125): [BAKE] Disk cache MISS: file not found /data/data/com.example.infiltraitor/files/damage_atom_cache/6954a7f8.bin
09-23 20:18:17.880 I/godot   (23125): [BAKE] Disk cache MISS: file not found /data/data/com.example.infiltraitor/files/damage_atom_cache/aecfa487.bin
09-23 20:18:17.882 I/godot   (23125): [BAKE] Disk cache MISS: file not found /data/data/com.example.infiltraitor/files/damage_atom_cache/b6e72c0c.bin
09-23 20:18:17.883 I/godot   (23125): [BAKE] Disk cache MISS: file not found /data/data/com.example.infiltraitor/files/damage_atom_cache/d641751d.bin
09-23 20:18:17.885 I/godot   (23125): [BAKE] Disk cache MISS: file not found /data/data/com.example.infiltraitor/files/damage_atom_cache/3021006a.bin
09-23 20:18:17.886 I/godot   (23125): [BAKE] Disk cache MISS: file not found /data/data/com.example.infiltraitor/files/damage_atom_cache/3c0a4a83.bin
09-23 20:18:17.888 I/godot   (23125): [BAKE] Disk cache MISS: file not found /data/data/com.example.infiltraitor/files/damage_atom_cache/e9949fd2.bin
09-23 20:18:17.890 I/godot   (23125): [BAKE] Disk cache MISS: file not found /data/data/com.example.infiltraitor/files/damage_atom_cache/8e9a7c45.bin
09-23 20:18:17.891 I/godot   (23125): [BAKE] Disk cache MISS: file not found /data/data/com.example.infiltraitor/files/damage_atom_cache/96667239.bin
09-23 20:18:17.893 I/godot   (23125): [BAKE] Disk cache MISS: file not found /data/data/com.example.infiltraitor/files/damage_atom_cache/6954a7f8.bin
09-23 20:18:17.895 I/godot   (23125): [BAKE] Disk cache MISS: file not found /data/data/com.example.infiltraitor/files/damage_atom_cache/aecfa487.bin
09-23 20:18:17.897 I/godot   (23125): [BAKE] Disk cache MISS: file not found /data/data/com.example.infiltraitor/files/damage_atom_cache/b6e72c0c.bin
09-23 20:18:17.898 I/godot   (23125): [BAKE] Disk cache MISS: file not found /data/data/com.example.infiltraitor/files/damage_atom_cache/d641751d.bin
09-23 20:18:17.900 I/godot   (23125): [BAKE] Disk cache MISS: file not found /data/data/com.example.infiltraitor/files/damage_atom_cache/3021006a.bin
09-23 20:18:17.902 I/godot   (23125): [BAKE] Disk cache MISS: file not found /data/data/com.example.infiltraitor/files/damage_atom_cache/fa046aa8.bin
09-23 20:18:17.904 I/godot   (23125): [BAKE] Disk cache MISS: file not found /data/data/com.example.infiltraitor/files/damage_atom_cache/474d85a9.bin
09-23 20:18:17.906 I/godot   (23125): [BAKE] Disk cache MISS: file not found /data/data/com.example.infiltraitor/files/damage_atom_cache/a74de406.bin
09-23 20:18:17.908 I/godot   (23125): [BAKE] Disk cache MISS: file not found /data/data/com.example.infiltraitor/files/damage_atom_cache/112c1c4b.bin
09-23 20:18:17.910 I/godot   (23125): [BAKE] Disk cache MISS: file not found /data/data/com.example.infiltraitor/files/damage_atom_cache/bfa3f43a.bin
09-23 20:18:17.912 I/godot   (23125): [BAKE] Disk cache MISS: file not found /data/data/com.example.infiltraitor/files/damage_atom_cache/d8803dad.bin
09-23 20:18:17.914 I/godot   (23125): [BAKE] Disk cache MISS: file not found /data/data/com.example.infiltraitor/files/damage_atom_cache/bd68f70e.bin
09-23 20:18:17.916 I/godot   (23125): [BAKE] Disk cache MISS: file not found /data/data/com.example.infiltraitor/files/damage_atom_cache/0f8eefdf.bin
09-23 20:18:17.918 I/godot   (23125): [BAKE] Disk cache MISS: file not found /data/data/com.example.infiltraitor/files/damage_atom_cache/442f22b0.bin
09-23 20:18:17.919 I/godot   (23125): [BAKE] Disk cache MISS: file not found /data/data/com.example.infiltraitor/files/damage_atom_cache/6b0acc9d.bin
09-23 20:18:17.921 I/godot   (23125): [BAKE] Disk cache MISS: file not found /data/data/com.example.infiltraitor/files/damage_atom_cache/4bb0838c.bin
09-23 20:18:17.923 I/godot   (23125): [BAKE] Disk cache MISS: file not found /data/data/com.example.infiltraitor/files/damage_atom_cache/97111a3b.bin
09-23 20:18:17.925 I/godot   (23125): [BAKE] Disk cache MISS: file not found /data/data/com.example.infiltraitor/files/damage_atom_cache/112c1c4b.bin
09-23 20:18:17.926 I/godot   (23125): [BAKE] Disk cache MISS: file not found /data/data/com.example.infiltraitor/files/damage_atom_cache/bfa3f43a.bin
09-23 20:18:17.928 I/godot   (23125): [BAKE] Disk cache MISS: file not found /data/data/com.example.infiltraitor/files/damage_atom_cache/d8803dad.bin
09-23 20:18:17.930 I/godot   (23125): [BAKE] Disk cache MISS: file not found /data/data/com.example.infiltraitor/files/damage_atom_cache/bd68f70e.bin
09-23 20:18:17.931 I/godot   (23125): [BAKE] Disk cache MISS: file not found /data/data/com.example.infiltraitor/files/damage_atom_cache/0f8eefdf.bin
09-23 20:18:17.933 I/godot   (23125): [BAKE] Disk cache MISS: file not found /data/data/com.example.infiltraitor/files/damage_atom_cache/442f22b0.bin
09-23 20:18:17.935 I/godot   (23125): [BAKE] Disk cache MISS: file not found /data/data/com.example.infiltraitor/files/damage_atom_cache/fa046aa8.bin
09-23 20:18:17.937 I/godot   (23125): [BAKE] Disk cache MISS: file not found /data/data/com.example.infiltraitor/files/damage_atom_cache/474d85a9.bin
09-23 20:18:17.939 I/godot   (23125): [BAKE] Disk cache MISS: file not found /data/data/com.example.infiltraitor/files/damage_atom_cache/a74de406.bin
09-23 20:18:17.941 I/godot   (23125): [BAKE] Disk cache MISS: file not found /data/data/com.example.infiltraitor/files/damage_atom_cache/112c1c4b.bin
09-23 20:18:17.943 I/godot   (23125): [BAKE] Disk cache MISS: file not found /data/data/com.example.infiltraitor/files/damage_atom_cache/bfa3f43a.bin
09-23 20:18:17.945 I/godot   (23125): [BAKE] Disk cache MISS: file not found /data/data/com.example.infiltraitor/files/damage_atom_cache/d8803dad.bin
09-23 20:18:17.947 I/godot   (23125): [BAKE] Disk cache MISS: file not found /data/data/com.example.infiltraitor/files/damage_atom_cache/bd68f70e.bin
09-23 20:18:17.949 I/godot   (23125): [BAKE] Disk cache MISS: file not found /data/data/com.example.infiltraitor/files/damage_atom_cache/0f8eefdf.bin
09-23 20:18:17.950 I/godot   (23125): [BAKE] Disk cache MISS: file not found /data/data/com.example.infiltraitor/files/damage_atom_cache/442f22b0.bin
09-23 20:18:17.952 I/godot   (23125): [BAKE] Disk cache MISS: file not found /data/data/com.example.infiltraitor/files/damage_atom_cache/6b0acc9d.bin
09-23 20:18:17.954 I/godot   (23125): [BAKE] Disk cache MISS: file not found /data/data/com.example.infiltraitor/files/damage_atom_cache/4bb0838c.bin
09-23 20:18:17.955 I/godot   (23125): [BAKE] Disk cache MISS: file not found /data/data/com.example.infiltraitor/files/damage_atom_cache/97111a3b.bin
09-23 20:18:17.957 I/godot   (23125): [BAKE] Disk cache MISS: file not found /data/data/com.example.infiltraitor/files/damage_atom_cache/112c1c4b.bin
09-23 20:18:17.959 I/godot   (23125): [BAKE] Disk cache MISS: file not found /data/data/com.example.infiltraitor/files/damage_atom_cache/bfa3f43a.bin
09-23 20:18:17.961 I/godot   (23125): [BAKE] Disk cache MISS: file not found /data/data/com.example.infiltraitor/files/damage_atom_cache/d8803dad.bin
09-23 20:18:17.963 I/godot   (23125): [BAKE] Disk cache MISS: file not found /data/data/com.example.infiltraitor/files/damage_atom_cache/bd68f70e.bin
09-23 20:18:17.964 I/godot   (23125): [BAKE] Disk cache MISS: file not found /data/data/com.example.infiltraitor/files/damage_atom_cache/0f8eefdf.bin
09-23 20:18:17.966 I/godot   (23125): [BAKE] Disk cache MISS: file not found /data/data/com.example.infiltraitor/files/damage_atom_cache/442f22b0.bin
09-23 20:18:17.968 I/godot   (23125): [BAKE] Disk cache MISS: file not found /data/data/com.example.infiltraitor/files/damage_atom_cache/fa046aa8.bin
09-23 20:18:17.969 I/godot   (23125): [BAKE] Disk cache MISS: file not found /data/data/com.example.infiltraitor/files/damage_atom_cache/474d85a9.bin
09-23 20:18:17.971 I/godot   (23125): [BAKE] Disk cache MISS: file not found /data/data/com.example.infiltraitor/files/damage_atom_cache/a74de406.bin
09-23 20:18:17.972 I/godot   (23125): [BAKE] Disk cache MISS: file not found /data/data/com.example.infiltraitor/files/damage_atom_cache/112c1c4b.bin
09-23 20:18:17.974 I/godot   (23125): [BAKE] Disk cache MISS: file not found /data/data/com.example.infiltraitor/files/damage_atom_cache/bfa3f43a.bin
09-23 20:18:17.976 I/godot   (23125): [BAKE] Disk cache MISS: file not found /data/data/com.example.infiltraitor/files/damage_atom_cache/d8803dad.bin
09-23 20:18:17.977 I/godot   (23125): [BAKE] Disk cache MISS: file not found /data/data/com.example.infiltraitor/files/damage_atom_cache/bd68f70e.bin
09-23 20:18:17.979 I/godot   (23125): [BAKE] Disk cache MISS: file not found /data/data/com.example.infiltraitor/files/damage_atom_cache/0f8eefdf.bin
09-23 20:18:17.980 I/godot   (23125): [BAKE] Disk cache MISS: file not found /data/data/com.example.infiltraitor/files/damage_atom_cache/442f22b0.bin
09-23 20:18:17.982 I/godot   (23125): [BAKE] Disk cache MISS: file not found /data/data/com.example.infiltraitor/files/damage_atom_cache/6b0acc9d.bin
09-23 20:18:17.984 I/godot   (23125): [BAKE] Disk cache MISS: file not found /data/data/com.example.infiltraitor/files/damage_atom_cache/4bb0838c.bin
09-23 20:18:17.985 I/godot   (23125): [BAKE] Disk cache MISS: file not found /data/data/com.example.infiltraitor/files/damage_atom_cache/97111a3b.bin
09-23 20:18:17.987 I/godot   (23125): [BAKE] Disk cache MISS: file not found /data/data/com.example.infiltraitor/files/damage_atom_cache/112c1c4b.bin
09-23 20:18:17.989 I/godot   (23125): [BAKE] Disk cache MISS: file not found /data/data/com.example.infiltraitor/files/damage_atom_cache/bfa3f43a.bin
09-23 20:18:17.991 I/godot   (23125): [BAKE] Disk cache MISS: file not found /data/data/com.example.infiltraitor/files/damage_atom_cache/d8803dad.bin
09-23 20:18:17.992 I/godot   (23125): [BAKE] Disk cache MISS: file not found /data/data/com.example.infiltraitor/files/damage_atom_cache/bd68f70e.bin
09-23 20:18:17.994 I/godot   (23125): [BAKE] Disk cache MISS: file not found /data/data/com.example.infiltraitor/files/damage_atom_cache/0f8eefdf.bin
09-23 20:18:17.996 I/godot   (23125): [BAKE] Disk cache MISS: file not found /data/data/com.example.infiltraitor/files/damage_atom_cache/442f22b0.bin
09-23 20:18:17.998 I/godot   (23125): [BAKE] Disk cache MISS: file not found /data/data/com.example.infiltraitor/files/damage_atom_cache/b5a59a96.bin
09-23 20:18:18.000 I/godot   (23125): [BAKE] Disk cache MISS: file not found /data/data/com.example.infiltraitor/files/damage_atom_cache/272df507.bin
09-23 20:18:18.002 I/godot   (23125): [BAKE] Disk cache MISS: file not found /data/data/com.example.infiltraitor/files/damage_atom_cache/e1b2f878.bin
09-23 20:18:18.003 I/godot   (23125): [BAKE] Disk cache MISS: file not found /data/data/com.example.infiltraitor/files/damage_atom_cache/599485d1.bin
09-23 20:18:18.005 I/godot   (23125): [BAKE] Disk cache MISS: file not found /data/data/com.example.infiltraitor/files/damage_atom_cache/7963e110.bin
09-23 20:18:18.007 I/godot   (23125): [BAKE] Disk cache MISS: file not found /data/data/com.example.infiltraitor/files/damage_atom_cache/44c3ae3f.bin
09-23 20:18:18.009 I/godot   (23125): [BAKE] Disk cache MISS: file not found /data/data/com.example.infiltraitor/files/damage_atom_cache/944190b4.bin
09-23 20:18:18.010 I/godot   (23125): [BAKE] Disk cache MISS: file not found /data/data/com.example.infiltraitor/files/damage_atom_cache/92810f25.bin
09-23 20:18:18.012 I/godot   (23125): [BAKE] Disk cache MISS: file not found /data/data/com.example.infiltraitor/files/damage_atom_cache/413b5832.bin
09-23 20:18:18.014 I/godot   (23125): [BAKE] Disk cache MISS: file not found /data/data/com.example.infiltraitor/files/damage_atom_cache/803e17eb.bin
09-23 20:18:18.015 I/godot   (23125): [BAKE] Disk cache MISS: file not found /data/data/com.example.infiltraitor/files/damage_atom_cache/ad7984da.bin
09-23 20:18:18.017 I/godot   (23125): [BAKE] Disk cache MISS: file not found /data/data/com.example.infiltraitor/files/damage_atom_cache/d43893cd.bin
09-23 20:18:18.018 I/godot   (23125): [BAKE] Disk cache MISS: file not found /data/data/com.example.infiltraitor/files/damage_atom_cache/599485d1.bin
09-23 20:18:18.020 I/godot   (23125): [BAKE] Disk cache MISS: file not found /data/data/com.example.infiltraitor/files/damage_atom_cache/7963e110.bin
09-23 20:18:18.022 I/godot   (23125): [BAKE] Disk cache MISS: file not found /data/data/com.example.infiltraitor/files/damage_atom_cache/44c3ae3f.bin
09-23 20:18:18.023 I/godot   (23125): [BAKE] Disk cache MISS: file not found /data/data/com.example.infiltraitor/files/damage_atom_cache/944190b4.bin
09-23 20:18:18.025 I/godot   (23125): [BAKE] Disk cache MISS: file not found /data/data/com.example.infiltraitor/files/damage_atom_cache/92810f25.bin
09-23 20:18:18.027 I/godot   (23125): [BAKE] Disk cache MISS: file not found /data/data/com.example.infiltraitor/files/damage_atom_cache/413b5832.bin
09-23 20:18:18.028 I/godot   (23125): [BAKE] Disk cache MISS: file not found /data/data/com.example.infiltraitor/files/damage_atom_cache/b5a59a96.bin
09-23 20:18:18.030 I/godot   (23125): [BAKE] Disk cache MISS: file not found /data/data/com.example.infiltraitor/files/damage_atom_cache/272df507.bin
09-23 20:18:18.032 I/godot   (23125): [BAKE] Disk cache MISS: file not found /data/data/com.example.infiltraitor/files/damage_atom_cache/e1b2f878.bin
09-23 20:18:18.033 I/godot   (23125): [BAKE] Disk cache MISS: file not found /data/data/com.example.infiltraitor/files/damage_atom_cache/599485d1.bin
09-23 20:18:18.035 I/godot   (23125): [BAKE] Disk cache MISS: file not found /data/data/com.example.infiltraitor/files/damage_atom_cache/7963e110.bin
09-23 20:18:18.037 I/godot   (23125): [BAKE] Disk cache MISS: file not found /data/data/com.example.infiltraitor/files/damage_atom_cache/44c3ae3f.bin
09-23 20:18:18.038 I/godot   (23125): [BAKE] Disk cache MISS: file not found /data/data/com.example.infiltraitor/files/damage_atom_cache/944190b4.bin
09-23 20:18:18.040 I/godot   (23125): [BAKE] Disk cache MISS: file not found /data/data/com.example.infiltraitor/files/damage_atom_cache/92810f25.bin
09-23 20:18:18.042 I/godot   (23125): [BAKE] Disk cache MISS: file not found /data/data/com.example.infiltraitor/files/damage_atom_cache/413b5832.bin
09-23 20:18:18.043 I/godot   (23125): [BAKE] Disk cache MISS: file not found /data/data/com.example.infiltraitor/files/damage_atom_cache/803e17eb.bin
09-23 20:18:18.045 I/godot   (23125): [BAKE] Disk cache MISS: file not found /data/data/com.example.infiltraitor/files/damage_atom_cache/ad7984da.bin
09-23 20:18:18.047 I/godot   (23125): [BAKE] Disk cache MISS: file not found /data/data/com.example.infiltraitor/files/damage_atom_cache/d43893cd.bin
09-23 20:18:18.048 I/godot   (23125): [BAKE] Disk cache MISS: file not found /data/data/com.example.infiltraitor/files/damage_atom_cache/599485d1.bin
09-23 20:18:18.050 I/godot   (23125): [BAKE] Disk cache MISS: file not found /data/data/com.example.infiltraitor/files/damage_atom_cache/7963e110.bin
09-23 20:18:18.052 I/godot   (23125): [BAKE] Disk cache MISS: file not found /data/data/com.example.infiltraitor/files/damage_atom_cache/44c3ae3f.bin
09-23 20:18:18.053 I/godot   (23125): [BAKE] Disk cache MISS: file not found /data/data/com.example.infiltraitor/files/damage_atom_cache/944190b4.bin
09-23 20:18:18.055 I/godot   (23125): [BAKE] Disk cache MISS: file not found /data/data/com.example.infiltraitor/files/damage_atom_cache/92810f25.bin
09-23 20:18:18.057 I/godot   (23125): [BAKE] Disk cache MISS: file not found /data/data/com.example.infiltraitor/files/damage_atom_cache/413b5832.bin
09-23 20:18:18.059 I/godot   (23125): [BAKE] Disk cache MISS: file not found /data/data/com.example.infiltraitor/files/damage_atom_cache/b5a59a96.bin
09-23 20:18:18.061 I/godot   (23125): [BAKE] Disk cache MISS: file not found /data/data/com.example.infiltraitor/files/damage_atom_cache/272df507.bin
09-23 20:18:18.063 I/godot   (23125): [BAKE] Disk cache MISS: file not found /data/data/com.example.infiltraitor/files/damage_atom_cache/e1b2f878.bin
09-23 20:18:18.065 I/godot   (23125): [BAKE] Disk cache MISS: file not found /data/data/com.example.infiltraitor/files/damage_atom_cache/599485d1.bin
09-23 20:18:18.066 I/godot   (23125): [BAKE] Disk cache MISS: file not found /data/data/com.example.infiltraitor/files/damage_atom_cache/7963e110.bin
09-23 20:18:18.068 I/godot   (23125): [BAKE] Disk cache MISS: file not found /data/data/com.example.infiltraitor/files/damage_atom_cache/44c3ae3f.bin
09-23 20:18:18.070 I/godot   (23125): [BAKE] Disk cache MISS: file not found /data/data/com.example.infiltraitor/files/damage_atom_cache/944190b4.bin
09-23 20:18:18.072 I/godot   (23125): [BAKE] Disk cache MISS: file not found /data/data/com.example.infiltraitor/files/damage_atom_cache/92810f25.bin
09-23 20:18:18.074 I/godot   (23125): [BAKE] Disk cache MISS: file not found /data/data/com.example.infiltraitor/files/damage_atom_cache/413b5832.bin
09-23 20:18:18.075 I/godot   (23125): [BAKE] Disk cache MISS: file not found /data/data/com.example.infiltraitor/files/damage_atom_cache/803e17eb.bin
09-23 20:18:18.077 I/godot   (23125): [BAKE] Disk cache MISS: file not found /data/data/com.example.infiltraitor/files/damage_atom_cache/ad7984da.bin
09-23 20:18:18.079 I/godot   (23125): [BAKE] Disk cache MISS: file not found /data/data/com.example.infiltraitor/files/damage_atom_cache/d43893cd.bin
09-23 20:18:18.080 I/godot   (23125): [BAKE] Disk cache MISS: file not found /data/data/com.example.infiltraitor/files/damage_atom_cache/599485d1.bin
09-23 20:18:18.082 I/godot   (23125): [BAKE] Disk cache MISS: file not found /data/data/com.example.infiltraitor/files/damage_atom_cache/7963e110.bin
09-23 20:18:18.083 I/godot   (23125): [BAKE] Disk cache MISS: file not found /data/data/com.example.infiltraitor/files/damage_atom_cache/44c3ae3f.bin
09-23 20:18:18.085 I/godot   (23125): [BAKE] Disk cache MISS: file not found /data/data/com.example.infiltraitor/files/damage_atom_cache/944190b4.bin
09-23 20:18:18.087 I/godot   (23125): [BAKE] Disk cache MISS: file not found /data/data/com.example.infiltraitor/files/damage_atom_cache/92810f25.bin
09-23 20:18:18.088 I/godot   (23125): [BAKE] Disk cache MISS: file not found /data/data/com.example.infiltraitor/files/damage_atom_cache/413b5832.bin
09-23 20:18:18.106 I/godot   (23125): [BAKE] Disk cache HIT: loaded 7c862013
09-23 20:18:18.109 I/godot   (23125): [BAKE] Disk cache HIT: loaded 2a107562
09-23 20:18:18.112 I/godot   (23125): [BAKE] Disk cache HIT: loaded a7cf5855
09-23 20:18:18.114 I/godot   (23125): [BAKE] Disk cache HIT: loaded 558b1132
09-23 20:18:18.117 I/godot   (23125): [BAKE] Disk cache HIT: loaded 530361e3
09-23 20:18:18.120 I/godot   (23125): [BAKE] Disk cache HIT: loaded a89149b4
09-23 20:18:18.123 I/godot   (23125): [BAKE] Disk cache HIT: loaded 0ce26ecd
09-23 20:18:18.125 I/godot   (23125): [BAKE] Disk cache HIT: loaded 6ce98b7c
09-23 20:18:18.128 I/godot   (23125): [BAKE] Disk cache HIT: loaded b8e7f2eb
09-23 20:18:18.131 I/godot   (23125): [BAKE] Disk cache HIT: loaded 452e18ad
09-23 20:18:18.134 I/godot   (23125): [BAKE] Disk cache HIT: loaded 3318c45c
09-23 20:18:18.136 I/godot   (23125): [BAKE] Disk cache HIT: loaded 7dd9f74b
09-23 20:18:18.139 I/godot   (23125): [BAKE] Disk cache HIT: loaded 0ba3e4b4
09-23 20:18:18.142 I/godot   (23125): [BAKE] Disk cache HIT: loaded 09e36325
09-23 20:18:18.145 I/godot   (23125): [BAKE] Disk cache HIT: loaded b89dac32
09-23 20:18:18.147 I/godot   (23125): [BAKE] Disk cache HIT: loaded 8bedfaf3
09-23 20:18:18.150 I/godot   (23125): [BAKE] Disk cache HIT: loaded e1fd47c2
09-23 20:18:18.152 I/godot   (23125): [BAKE] Disk cache HIT: loaded dfbb6135
09-23 20:18:18.156 I/godot   (23125): [BAKE] Disk cache HIT: loaded 34f32541
09-23 20:18:18.158 I/godot   (23125): [BAKE] Disk cache HIT: loaded 6ec48540
09-23 20:18:18.161 I/godot   (23125): [BAKE] Disk cache HIT: loaded c76a10af
09-23 20:18:18.164 I/godot   (23125): [BAKE] Disk cache HIT: loaded d3f60018
09-23 20:18:18.167 I/godot   (23125): [BAKE] Disk cache HIT: loaded 20a14a59
09-23 20:18:18.170 I/godot   (23125): [BAKE] Disk cache HIT: loaded ace0b9b6
09-23 20:18:18.173 I/godot   (23125): [BAKE] Disk cache HIT: loaded f7198937
09-23 20:18:18.176 I/godot   (23125): [BAKE] Disk cache HIT: loaded 58b44d06
09-23 20:18:18.179 I/godot   (23125): [BAKE] Disk cache HIT: loaded f8b3eea9
09-23 20:18:18.182 I/godot   (23125): [BAKE] Disk cache HIT: loaded 38eb88c7
09-23 20:18:18.185 I/godot   (23125): [BAKE] Disk cache HIT: loaded c7632e56
09-23 20:18:18.187 I/godot   (23125): [BAKE] Disk cache HIT: loaded c7ca1979
09-23 20:18:18.190 I/godot   (23125): [BAKE] Disk cache HIT: loaded a72abf26
09-23 20:18:18.193 I/godot   (23125): [BAKE] Disk cache HIT: loaded f209f0d7
09-23 20:18:18.195 I/godot   (23125): [BAKE] Disk cache HIT: loaded 2797a648
09-23 20:18:18.198 I/godot   (23125): [BAKE] Disk cache HIT: loaded f8ff0191
09-23 20:18:18.201 I/godot   (23125): [BAKE] Disk cache HIT: loaded 18ce5cd0
09-23 20:18:18.203 I/godot   (23125): [BAKE] Disk cache HIT: loaded 8b75ecff
09-23 20:18:18.206 I/godot   (23125): [BAKE] Disk cache HIT: loaded 5efcfd35
09-23 20:18:18.209 I/godot   (23125): [BAKE] Disk cache HIT: loaded 8cfc8fc4
09-23 20:18:18.211 I/godot   (23125): [BAKE] Disk cache HIT: loaded 0b2f96f3
09-23 20:18:18.214 I/godot   (23125): [BAKE] Disk cache HIT: loaded 92cecfdc
09-23 20:18:18.217 I/godot   (23125): [BAKE] Disk cache HIT: loaded a4e4242d
09-23 20:18:18.220 I/godot   (23125): [BAKE] Disk cache HIT: loaded 8c07daba
09-23 20:18:18.222 I/godot   (23125): [BAKE] Disk cache HIT: loaded dfa711db
09-23 20:18:18.225 I/godot   (23125): [BAKE] Disk cache HIT: loaded 0d804f8a
09-23 20:18:18.228 I/godot   (23125): [BAKE] Disk cache HIT: loaded a6fb333d
09-23 20:18:18.230 I/godot   (23125): [BAKE] Disk cache HIT: loaded 42ba5c0b
09-23 20:18:18.233 I/godot   (23125): [BAKE] Disk cache HIT: loaded 6c3ae5fa
09-23 20:18:18.237 I/godot   (23125): [BAKE] Disk cache HIT: loaded 0a0e7d6d
09-23 20:18:18.239 I/godot   (23125): [BAKE] Disk cache HIT: loaded edb35aca
09-23 20:18:18.242 I/godot   (23125): [BAKE] Disk cache HIT: loaded bfda1d1b
09-23 20:18:18.245 I/godot   (23125): [BAKE] Disk cache HIT: loaded 20b960ec
09-23 20:18:18.248 I/godot   (23125): [BAKE] Disk cache HIT: loaded c2104765
09-23 20:18:18.251 I/godot   (23125): [BAKE] Disk cache HIT: loaded c3d0c8f4
09-23 20:18:18.254 I/godot   (23125): [BAKE] Disk cache HIT: loaded 158aa423
09-23 20:18:18.257 I/godot   (23125): [BAKE] Disk cache HIT: loaded 68b1ffea
09-23 20:18:18.260 I/godot   (23125): [BAKE] Disk cache HIT: loaded 3ad8c23b
09-23 20:18:18.263 I/godot   (23125): [BAKE] Disk cache HIT: loaded ef782b8c
09-23 20:18:18.266 I/godot   (23125): [BAKE] Disk cache HIT: loaded 6363eeab
09-23 20:18:18.269 I/godot   (23125): [BAKE] Disk cache HIT: loaded 909f5b9a
09-23 20:18:18.272 I/godot   (23125): [BAKE] Disk cache HIT: loaded 1016a78d
09-23 20:18:18.275 I/godot   (23125): [BAKE] Disk cache HIT: loaded 6e06b52c
09-23 20:18:18.277 I/godot   (23125): [BAKE] Disk cache HIT: loaded 00baa3bd
09-23 20:18:18.280 I/godot   (23125): [BAKE] Disk cache HIT: loaded 673fc00a
09-23 20:18:18.283 I/godot   (23125): [BAKE] Disk cache HIT: loaded cde764b3
09-23 20:18:18.286 I/godot   (23125): [BAKE] Disk cache HIT: loaded 7caeee82
09-23 20:18:18.289 I/godot   (23125): [BAKE] Disk cache HIT: loaded 21b4caf5
09-23 20:18:18.292 I/godot   (23125): [BAKE] Disk cache HIT: loaded 8acdbdd2
09-23 20:18:18.295 I/godot   (23125): [BAKE] Disk cache HIT: loaded dd436883
09-23 20:18:18.298 I/godot   (23125): [BAKE] Disk cache HIT: loaded a4edc154
09-23 20:18:18.301 I/godot   (23125): [BAKE] Disk cache HIT: loaded dfdfbf6d
09-23 20:18:18.303 I/godot   (23125): [BAKE] Disk cache HIT: loaded cdca6b1c
09-23 20:18:18.306 I/godot   (23125): [BAKE] Disk cache HIT: loaded 188b9e0b
09-23 20:18:18.309 I/godot   (23125): [BAKE] Disk cache HIT: loaded 830be869
09-23 20:18:18.312 I/godot   (23125): [BAKE] Disk cache HIT: loaded dd0a9068
09-23 20:18:18.315 I/godot   (23125): [BAKE] Disk cache HIT: loaded 28b945f7
09-23 20:18:18.318 I/godot   (23125): [BAKE] Disk cache HIT: loaded b089f580
09-23 20:18:18.321 I/godot   (23125): [BAKE] Disk cache HIT: loaded 1e005881
09-23 20:18:18.324 I/godot   (23125): [BAKE] Disk cache HIT: loaded b66a245e
09-23 20:18:18.327 I/godot   (23125): [BAKE] Disk cache HIT: loaded b28e52ff
09-23 20:18:18.329 I/godot   (23125): [BAKE] Disk cache HIT: loaded b4287fae
09-23 20:18:18.332 I/godot   (23125): [BAKE] Disk cache HIT: loaded 20176791
09-23 20:18:18.332 I/godot   (23125): [DamageVariantBaker] Baked 447 atoms across 9 declared material(s), 9 floor material(s) in 2226 ms
09-23 20:18:18.344 I/godot   (23125): [ROOM] Uploaded 1 damage-composite page(s) at load in 11 ms — off the first shot's impact frame
09-23 20:18:18.344 I/godot   (23125): [VOXEL] Damage variant registry set (pre-baked variants available)
09-23 20:18:18.344 I/godot   (23125): [ROOM] Initialized damage variant registry (447 atoms)
09-23 20:18:20.188 I/godot   (23125): [VOXEL-STORE] built (map load: PLAYGROUND) — 216104 claim(s) in 2713 container(s), 0 irregular, 672 multi-claim cell(s), 13.59 MB, 1020 ms
09-23 20:18:20.638 I/godot   (23125): [AgentSprite] step (1, 0) draws (0.894427, 0.447214) -> screen SE (fit 1.000) -> frame W
09-23 20:18:20.638 I/godot   (23125): [AgentSprite] step (0, 1) draws (-0.894427, 0.447214) -> screen SW (fit 1.000) -> frame S
09-23 20:18:20.638 I/godot   (23125): [AgentSprite] step (-1, 0) draws (-0.894427, -0.447214) -> screen NW (fit 1.000) -> frame E
09-23 20:18:20.638 I/godot   (23125): [AgentSprite] step (0, -1) draws (0.894427, -0.447214) -> screen NE (fit 1.000) -> frame N
09-23 20:18:20.639 I/godot   (23125): [AgentSprite] head yaw mapping: grid 0 -> yaw 0, handedness -1
09-23 20:18:20.713 I/godot   (23125): [AgentSprite] layer 'head/standing': 24 yaws at 15.0 deg
09-23 20:18:20.790 I/godot   (23125): [AgentSprite] layer 'hat/standing': 24 yaws at 15.0 deg
09-23 20:18:20.891 I/godot   (23125): [AgentSprite] layer 'head/standing': 24 yaws at 15.0 deg
09-23 20:18:20.964 I/godot   (23125): [AgentSprite] layer 'hat/standing': 24 yaws at 15.0 deg
09-23 20:18:21.065 I/godot   (23125): [AgentSprite] layer 'head/standing': 24 yaws at 15.0 deg
09-23 20:18:21.139 I/godot   (23125): [AgentSprite] layer 'hat/standing': 24 yaws at 15.0 deg
09-23 20:18:21.139 I/godot   (23125): [OCC-03] Agent z_index set to 34 (max voxel layer z_index: 33, room size: (46, 24))
09-23 20:18:21.185 I/godot   (23125): [AgentSprite] step (1, 0) draws (0.894427, 0.447214) -> screen SE (fit 1.000) -> frame W
09-23 20:18:21.185 I/godot   (23125): [AgentSprite] step (0, 1) draws (-0.894427, 0.447214) -> screen SW (fit 1.000) -> frame S
09-23 20:18:21.185 I/godot   (23125): [AgentSprite] step (-1, 0) draws (-0.894427, -0.447214) -> screen NW (fit 1.000) -> frame E
09-23 20:18:21.185 I/godot   (23125): [AgentSprite] step (0, -1) draws (0.894427, -0.447214) -> screen NE (fit 1.000) -> frame N
09-23 20:18:21.185 I/godot   (23125): [AgentSprite] head yaw mapping: grid 0 -> yaw 0, handedness -1
09-23 20:18:21.260 I/godot   (23125): [AgentSprite] layer 'head/standing': 24 yaws at 15.0 deg
09-23 20:18:21.296 I/godot   (23125): [AgentSprite] step (1, 0) draws (0.894427, 0.447214) -> screen SE (fit 1.000) -> frame W
09-23 20:18:21.296 I/godot   (23125): [AgentSprite] step (0, 1) draws (-0.894427, 0.447214) -> screen SW (fit 1.000) -> frame S
09-23 20:18:21.296 I/godot   (23125): [AgentSprite] step (-1, 0) draws (-0.894427, -0.447214) -> screen NW (fit 1.000) -> frame E
09-23 20:18:21.296 I/godot   (23125): [AgentSprite] step (0, -1) draws (0.894427, -0.447214) -> screen NE (fit 1.000) -> frame N
09-23 20:18:21.296 I/godot   (23125): [AgentSprite] head yaw mapping: grid 0 -> yaw 0, handedness -1
09-23 20:18:21.370 I/godot   (23125): [AgentSprite] layer 'head/standing': 24 yaws at 15.0 deg
09-23 20:18:21.401 I/godot   (23125): [AgentSprite] step (1, 0) draws (0.894427, 0.447214) -> screen SE (fit 1.000) -> frame W
09-23 20:18:21.401 I/godot   (23125): [AgentSprite] step (0, 1) draws (-0.894427, 0.447214) -> screen SW (fit 1.000) -> frame S
09-23 20:18:21.401 I/godot   (23125): [AgentSprite] step (-1, 0) draws (-0.894427, -0.447214) -> screen NW (fit 1.000) -> frame E
09-23 20:18:21.401 I/godot   (23125): [AgentSprite] step (0, -1) draws (0.894427, -0.447214) -> screen NE (fit 1.000) -> frame N
09-23 20:18:21.401 I/godot   (23125): [AgentSprite] head yaw mapping: grid 0 -> yaw 0, handedness -1
09-23 20:18:21.473 I/godot   (23125): [AgentSprite] layer 'head/standing': 24 yaws at 15.0 deg
09-23 20:18:21.504 I/godot   (23125): [AgentSprite] step (1, 0) draws (0.894427, 0.447214) -> screen SE (fit 1.000) -> frame W
09-23 20:18:21.504 I/godot   (23125): [AgentSprite] step (0, 1) draws (-0.894427, 0.447214) -> screen SW (fit 1.000) -> frame S
09-23 20:18:21.504 I/godot   (23125): [AgentSprite] step (-1, 0) draws (-0.894427, -0.447214) -> screen NW (fit 1.000) -> frame E
09-23 20:18:21.504 I/godot   (23125): [AgentSprite] step (0, -1) draws (0.894427, -0.447214) -> screen NE (fit 1.000) -> frame N
09-23 20:18:21.504 I/godot   (23125): [AgentSprite] head yaw mapping: grid 0 -> yaw 0, handedness -1
09-23 20:18:21.578 I/godot   (23125): [AgentSprite] layer 'head/standing': 24 yaws at 15.0 deg
09-23 20:18:21.609 I/godot   (23125): [AgentSprite] step (1, 0) draws (0.894427, 0.447214) -> screen SE (fit 1.000) -> frame W
09-23 20:18:21.609 I/godot   (23125): [AgentSprite] step (0, 1) draws (-0.894427, 0.447214) -> screen SW (fit 1.000) -> frame S
09-23 20:18:21.609 I/godot   (23125): [AgentSprite] step (-1, 0) draws (-0.894427, -0.447214) -> screen NW (fit 1.000) -> frame E
09-23 20:18:21.609 I/godot   (23125): [AgentSprite] step (0, -1) draws (0.894427, -0.447214) -> screen NE (fit 1.000) -> frame N
09-23 20:18:21.609 I/godot   (23125): [AgentSprite] head yaw mapping: grid 0 -> yaw 0, handedness -1
09-23 20:18:21.686 I/godot   (23125): [AgentSprite] layer 'head/standing': 24 yaws at 15.0 deg
09-23 20:18:21.717 I/godot   (23125): [AgentSprite] step (1, 0) draws (0.894427, 0.447214) -> screen SE (fit 1.000) -> frame W
09-23 20:18:21.717 I/godot   (23125): [AgentSprite] step (0, 1) draws (-0.894427, 0.447214) -> screen SW (fit 1.000) -> frame S
09-23 20:18:21.717 I/godot   (23125): [AgentSprite] step (-1, 0) draws (-0.894427, -0.447214) -> screen NW (fit 1.000) -> frame E
09-23 20:18:21.717 I/godot   (23125): [AgentSprite] step (0, -1) draws (0.894427, -0.447214) -> screen NE (fit 1.000) -> frame N
09-23 20:18:21.717 I/godot   (23125): [AgentSprite] head yaw mapping: grid 0 -> yaw 0, handedness -1
09-23 20:18:21.787 I/godot   (23125): [AgentSprite] layer 'head/standing': 24 yaws at 15.0 deg
09-23 20:18:21.817 I/godot   (23125): [AgentSprite] step (1, 0) draws (0.894427, 0.447214) -> screen SE (fit 1.000) -> frame W
09-23 20:18:21.817 I/godot   (23125): [AgentSprite] step (0, 1) draws (-0.894427, 0.447214) -> screen SW (fit 1.000) -> frame S
09-23 20:18:21.817 I/godot   (23125): [AgentSprite] step (-1, 0) draws (-0.894427, -0.447214) -> screen NW (fit 1.000) -> frame E
09-23 20:18:21.817 I/godot   (23125): [AgentSprite] step (0, -1) draws (0.894427, -0.447214) -> screen NE (fit 1.000) -> frame N
09-23 20:18:21.817 I/godot   (23125): [AgentSprite] head yaw mapping: grid 0 -> yaw 0, handedness -1
09-23 20:18:21.890 I/godot   (23125): [AgentSprite] layer 'head/standing': 24 yaws at 15.0 deg
09-23 20:18:21.920 I/godot   (23125): [AgentSprite] step (1, 0) draws (0.894427, 0.447214) -> screen SE (fit 1.000) -> frame W
09-23 20:18:21.920 I/godot   (23125): [AgentSprite] step (0, 1) draws (-0.894427, 0.447214) -> screen SW (fit 1.000) -> frame S
09-23 20:18:21.920 I/godot   (23125): [AgentSprite] step (-1, 0) draws (-0.894427, -0.447214) -> screen NW (fit 1.000) -> frame E
09-23 20:18:21.920 I/godot   (23125): [AgentSprite] step (0, -1) draws (0.894427, -0.447214) -> screen NE (fit 1.000) -> frame N
09-23 20:18:21.920 I/godot   (23125): [AgentSprite] head yaw mapping: grid 0 -> yaw 0, handedness -1
09-23 20:18:21.992 I/godot   (23125): [AgentSprite] layer 'head/standing': 24 yaws at 15.0 deg
09-23 20:18:22.022 I/godot   (23125): [AgentSprite] step (1, 0) draws (0.894427, 0.447214) -> screen SE (fit 1.000) -> frame W
09-23 20:18:22.022 I/godot   (23125): [AgentSprite] step (0, 1) draws (-0.894427, 0.447214) -> screen SW (fit 1.000) -> frame S
09-23 20:18:22.022 I/godot   (23125): [AgentSprite] step (-1, 0) draws (-0.894427, -0.447214) -> screen NW (fit 1.000) -> frame E
09-23 20:18:22.022 I/godot   (23125): [AgentSprite] step (0, -1) draws (0.894427, -0.447214) -> screen NE (fit 1.000) -> frame N
09-23 20:18:22.023 I/godot   (23125): [AgentSprite] head yaw mapping: grid 0 -> yaw 0, handedness -1
09-23 20:18:22.098 I/godot   (23125): [AgentSprite] layer 'head/standing': 24 yaws at 15.0 deg
09-23 20:18:22.110 I/godot   (23125): [Room] Light registry initialized with 12 map lights:
09-23 20:18:22.110 I/godot   (23125):   - map_light_1 @ cell(6,4) radius=7 type=omni
09-23 20:18:22.110 I/godot   (23125):   - map_light_2 @ cell(17,4) radius=6 type=omni
09-23 20:18:22.110 I/godot   (23125):   - map_light_3 @ cell(12,11) radius=7 type=omni
09-23 20:18:22.110 I/godot   (23125):   - map_light_4 @ cell(11,10) radius=10 type=omni
09-23 20:18:22.110 I/godot   (23125):   - map_light_5 @ cell(16,11) radius=8 type=omni
09-23 20:18:22.110 I/godot   (23125):   - map_light_6 @ cell(24,4) radius=7 type=omni
09-23 20:18:22.110 I/godot   (23125):   - map_light_7 @ cell(28,4) radius=7 type=omni
09-23 20:18:22.110 I/godot   (23125):   - map_light_8 @ cell(32,4) radius=7 type=omni
09-23 20:18:22.110 I/godot   (23125):   - map_light_9 @ cell(36,4) radius=7 type=omni
09-23 20:18:22.110 I/godot   (23125):   - map_light_10 @ cell(40,4) radius=7 type=omni
09-23 20:18:22.110 I/godot   (23125):   - map_light_11 @ cell(26,9) radius=8 type=omni
09-23 20:18:22.110 I/godot   (23125):   - map_light_12 @ cell(34,9) radius=8 type=omni
09-23 20:18:22.111 I/godot   (23125): [Room] Tile semantics initialized with 163 tiles, 12 light anchors
09-23 20:18:28.928 I/godot   (23125): 
09-23 20:18:28.928 I/godot   (23125): Attempting to resolve: facade_concrete (folder concrete)
09-23 20:18:28.929 I/godot   (23125):   [USER] File not found: user://textures/concrete/facade_concrete.png
09-23 20:18:28.929 I/godot   (23125):   [USER] File not found: user://textures/concrete/facade_concrete.webp
09-23 20:18:28.956 I/godot   (23125):   [DEFAULT] Validation PASS: res://ASSETS/materials/concrete/facade_concrete.png
09-23 20:18:28.956 I/godot   (23125): [RESOLVER] facade_concrete resolved from DEFAULT.png (dims 1024x512)
09-23 20:18:28.994 I/godot   (23125): 
09-23 20:18:28.994 I/godot   (23125): Attempting to resolve: facade_metal (folder metal)
09-23 20:18:28.994 I/godot   (23125):   [USER] File not found: user://textures/metal/facade_metal.png
09-23 20:18:28.995 I/godot   (23125):   [USER] File not found: user://textures/metal/facade_metal.webp
09-23 20:18:29.032 I/godot   (23125):   [DEFAULT] Validation PASS: res://ASSETS/materials/metal/facade_metal.png
09-23 20:18:29.032 I/godot   (23125): [RESOLVER] facade_metal resolved from DEFAULT.png (dims 1024x512)
09-23 20:18:29.071 I/godot   (23125): 
09-23 20:18:29.071 I/godot   (23125): Attempting to resolve: facade_stone (folder stone)
09-23 20:18:29.072 I/godot   (23125):   [USER] File not found: user://textures/stone/facade_stone.png
09-23 20:18:29.072 I/godot   (23125):   [USER] File not found: user://textures/stone/facade_stone.webp
09-23 20:18:29.104 I/godot   (23125):   [DEFAULT] Validation PASS: res://ASSETS/materials/stone/facade_stone.png
09-23 20:18:29.104 I/godot   (23125): [RESOLVER] facade_stone resolved from DEFAULT.png (dims 1024x512)
09-23 20:18:29.143 I/godot   (23125): 
09-23 20:18:29.143 I/godot   (23125): Attempting to resolve: facade_wood (folder wood)
09-23 20:18:29.143 I/godot   (23125):   [USER] File not found: user://textures/wood/facade_wood.png
09-23 20:18:29.144 I/godot   (23125):   [USER] File not found: user://textures/wood/facade_wood.webp
09-23 20:18:29.175 I/godot   (23125):   [DEFAULT] Validation PASS: res://ASSETS/materials/wood/facade_wood.png
09-23 20:18:29.175 I/godot   (23125): [RESOLVER] facade_wood resolved from DEFAULT.png (dims 1024x512)
09-23 20:18:29.215 I/godot   (23125): 
09-23 20:18:29.215 I/godot   (23125): Attempting to resolve: facade_brick (folder brick)
09-23 20:18:29.215 I/godot   (23125):   [USER] File not found: user://textures/brick/facade_brick.png
09-23 20:18:29.215 I/godot   (23125):   [USER] File not found: user://textures/brick/facade_brick.webp
09-23 20:18:29.250 I/godot   (23125):   [DEFAULT] Validation PASS: res://ASSETS/materials/brick/facade_brick.png
09-23 20:18:29.250 I/godot   (23125): [RESOLVER] facade_brick resolved from DEFAULT.png (dims 1024x512)
09-23 20:18:29.289 I/godot   (23125): 
09-23 20:18:29.289 I/godot   (23125): Attempting to resolve: facade_cardboard (folder cardboard)
09-23 20:18:29.289 I/godot   (23125):   [USER] File not found: user://textures/cardboard/facade_cardboard.png
09-23 20:18:29.289 I/godot   (23125):   [USER] File not found: user://textures/cardboard/facade_cardboard.webp
09-23 20:18:29.318 I/godot   (23125):   [DEFAULT] Validation PASS: res://ASSETS/materials/cardboard/facade_cardboard.png
09-23 20:18:29.318 I/godot   (23125): [RESOLVER] facade_cardboard resolved from DEFAULT.png (dims 1024x512)
09-23 20:18:29.356 I/godot   (23125): 
09-23 20:18:29.356 I/godot   (23125): Attempting to resolve: facade_fabric (folder fabric)
09-23 20:18:29.356 I/godot   (23125):   [USER] File not found: user://textures/fabric/facade_fabric.png
09-23 20:18:29.356 I/godot   (23125):   [USER] File not found: user://textures/fabric/facade_fabric.webp
09-23 20:18:29.383 I/godot   (23125):   [DEFAULT] Validation PASS: res://ASSETS/materials/fabric/facade_fabric.png
09-23 20:18:29.383 I/godot   (23125): [RESOLVER] facade_fabric resolved from DEFAULT.png (dims 1024x512)
09-23 20:18:29.422 I/godot   (23125): 
09-23 20:18:29.422 I/godot   (23125): Attempting to resolve: facade_plywood (folder plywood)
09-23 20:18:29.422 I/godot   (23125):   [USER] File not found: user://textures/plywood/facade_plywood.png
09-23 20:18:29.423 I/godot   (23125):   [USER] File not found: user://textures/plywood/facade_plywood.webp
09-23 20:18:29.457 I/godot   (23125):   [DEFAULT] Validation PASS: res://ASSETS/materials/plywood/facade_plywood.png
09-23 20:18:29.457 I/godot   (23125): [RESOLVER] facade_plywood resolved from DEFAULT.png (dims 1024x512)
09-23 20:18:29.524 I/godot   (23125): 
09-23 20:18:29.524 I/godot   (23125): Attempting to resolve: facade_earth (folder earth)
09-23 20:18:29.524 I/godot   (23125):   [USER] File not found: user://textures/earth/facade_earth.png
09-23 20:18:29.524 I/godot   (23125):   [USER] File not found: user://textures/earth/facade_earth.webp
09-23 20:18:29.560 I/godot   (23125):   [DEFAULT] Validation PASS: res://ASSETS/materials/earth/facade_earth.png
09-23 20:18:29.560 I/godot   (23125): [RESOLVER] facade_earth resolved from DEFAULT.png (dims 1024x512)
09-23 20:18:32.166 I/godot   (23125): [BOARD3D] 215432 voxel(s) (slices 69440, columns 672, slabs 145992; the 2D board holds 64 cell(s)) → 108772 face(s) → 732 quad(s) in 276 chunk(s), 11 material(s), plane levels 78..103; collect 1816 ms, mesh 1457 ms; skip 2D writes true; source store
09-23 20:18:32.172 I/godot   (23125): [SPIKE3D] lights: mode=(actors only) lamps=12 shadowed=0 board_lit=false
09-23 20:18:32.458 I/godot   (23125): [SPIKE3D] static props: 20 light instance(s), 20 MeshInstance3D, 26080 tris total
09-23 20:18:32.783 I/godot   (23125): [TestZone] 0 pickups
09-23 20:18:33.039 I/godot   (23125): [DEV-HUD-01] DEV VISION Status Panel initialized
09-23 20:18:33.044 I/godot   (23125): [DEBUG] _ready() complete, starting probe
09-23 20:18:33.044 I/godot   (23125): [SLICE-02 probe] ===== STARTING ALIGNMENT CHECK =====
09-23 20:18:33.044 I/godot   (23125): [SLICE-02 probe] floor_cell = (0, 0)  voxel_cell = (0, 0)
09-23 20:18:33.044 I/godot   (23125): [SLICE-02 probe] floor_map=(128.0, 64.0)  voxel_map=(16.0, 8.0)
09-23 20:18:33.044 I/godot   (23125): [SLICE-02 probe] floor_adjusted=(0.0, 0.0)  voxel_adjusted=(0.0, 0.0)
09-23 20:18:33.044 I/godot   (23125): [SLICE-02 probe] canon_pos=(0.0, 512.0)  voxel_pos=(112.0, 576.0)  delta=(112.0, 64.0) px
09-23 20:18:33.045 I/godot   (23125): [SLICE-02 probe] INFO: no block_* tile found for footprint check
09-23 20:18:33.045 V/Godot   (23125): OnGodotMainLoopStarted
09-23 20:18:34.446 I/godot   (23125): [GLASS-TILE] mirrored 2240 glass cell(s) into the opaque layers, removed 0
09-23 20:18:34.561 I/godot   (23125): [SCENARIO] 4 step(s)
09-23 20:18:34.561 I/godot   (23125): [SCENARIO] 1/4 framing portrait
09-23 20:18:34.562 I/godot   (23125): [SCENARIO] 2/4 zoom 0.5
09-23 20:18:34.562 I/godot   (23125): [SCENARIO] 3/4 wait 25
09-23 20:18:36.945 I/godot   (23125): [FRAME-PROBE] 39.4 ms/frame · render cpu 1.0 ms · render gpu 19.9 ms · 109 draw call(s) · 34284 primitive(s) · 126 object(s) · process 58.0 ms · physics 25.3 ms · 1010 node(s) · view portrait 390x873 zoom 0.50 gu 95/1104 scale 1.00
09-23 20:18:36.945 I/godot   (23125): [FRAME-SPLIT] per frame: guard cone smooth draw 29.76 ms (9/f) · sprite light+throw 0.52 ms (10/f) · room temporal lights 0.07 ms (1/f) · room vision fog 0.06 ms (1/f) · guard attention 0.03 ms (9/f) · room enemy visibility 0.02 ms (1/f)
09-23 20:18:38.323 I/godot   (23125): [FRAME-PROBE] 23.3 ms/frame · render cpu 1.1 ms · render gpu 19.1 ms · 109 draw call(s) · 34284 primitive(s) · 126 object(s) · process 49.0 ms · physics 0.1 ms · 1010 node(s) · view portrait 390x873 zoom 0.50 gu 95/1104 scale 1.00
09-23 20:18:38.323 I/godot   (23125): [FRAME-SPLIT] per frame: guard cone smooth draw 3.35 ms (1/f) · sprite light+throw 0.58 ms (10/f) · room temporal lights 0.07 ms (1/f) · room vision fog 0.06 ms (1/f) · guard attention 0.03 ms (9/f) · room enemy visibility 0.02 ms (1/f)
09-23 20:18:39.563 I/godot   (23125): [FRAME-PROBE] 20.7 ms/frame · render cpu 1.5 ms · render gpu 19.9 ms · 109 draw call(s) · 34284 primitive(s) · 126 object(s) · process 29.4 ms · physics 0.1 ms · 1010 node(s) · view portrait 390x873 zoom 0.50 gu 95/1104 scale 1.00
09-23 20:18:39.564 I/godot   (23125): [FRAME-SPLIT] per frame: sprite light+throw 0.71 ms (10/f) · room temporal lights 0.08 ms (1/f) · room vision fog 0.07 ms (1/f) · guard attention 0.04 ms (9/f) · room enemy visibility 0.02 ms (1/f)
09-23 20:18:40.815 I/godot   (23125): [FRAME-PROBE] 20.9 ms/frame · render cpu 0.8 ms · render gpu 19.1 ms · 109 draw call(s) · 34284 primitive(s) · 126 object(s) · process 25.0 ms · physics 0.1 ms · 1010 node(s) · view portrait 390x873 zoom 0.50 gu 95/1104 scale 1.00
09-23 20:18:40.815 I/godot   (23125): [FRAME-SPLIT] per frame: sprite light+throw 0.75 ms (10/f) · room temporal lights 0.08 ms (1/f) · room vision fog 0.08 ms (1/f) · guard attention 0.04 ms (9/f) · room enemy visibility 0.03 ms (1/f)
09-23 20:18:42.054 I/godot   (23125): [FRAME-PROBE] 20.7 ms/frame · render cpu 0.8 ms · render gpu 19.0 ms · 109 draw call(s) · 34284 primitive(s) · 126 object(s) · process 29.2 ms · physics 0.1 ms · 1010 node(s) · view portrait 390x873 zoom 0.50 gu 95/1104 scale 1.00
09-23 20:18:42.054 I/godot   (23125): [FRAME-SPLIT] per frame: sprite light+throw 0.66 ms (10/f) · room temporal lights 0.08 ms (1/f) · room vision fog 0.07 ms (1/f) · guard attention 0.04 ms (9/f) · room enemy visibility 0.02 ms (1/f)
09-23 20:18:43.283 I/godot   (23125): [FRAME-PROBE] 20.5 ms/frame · render cpu 0.8 ms · render gpu 19.1 ms · 109 draw call(s) · 34284 primitive(s) · 126 object(s) · process 22.7 ms · physics 0.1 ms · 1010 node(s) · view portrait 390x873 zoom 0.50 gu 95/1104 scale 1.00
09-23 20:18:43.284 I/godot   (23125): [FRAME-SPLIT] per frame: sprite light+throw 0.63 ms (10/f) · room temporal lights 0.08 ms (1/f) · room vision fog 0.07 ms (1/f) · guard attention 0.04 ms (9/f) · room enemy visibility 0.03 ms (1/f)
09-23 20:18:44.523 I/godot   (23125): [FRAME-PROBE] 20.7 ms/frame · render cpu 0.8 ms · render gpu 19.1 ms · 109 draw call(s) · 34284 primitive(s) · 126 object(s) · process 22.9 ms · physics 0.1 ms · 1010 node(s) · view portrait 390x873 zoom 0.50 gu 95/1104 scale 1.00
09-23 20:18:44.524 I/godot   (23125): [FRAME-SPLIT] per frame: sprite light+throw 0.68 ms (10/f) · room temporal lights 0.08 ms (1/f) · room vision fog 0.07 ms (1/f) · guard attention 0.04 ms (9/f) · room enemy visibility 0.02 ms (1/f)
09-23 20:18:45.752 I/godot   (23125): [FRAME-PROBE] 20.5 ms/frame · render cpu 0.8 ms · render gpu 19.3 ms · 109 draw call(s) · 34284 primitive(s) · 126 object(s) · process 22.7 ms · physics 0.1 ms · 1010 node(s) · view portrait 390x873 zoom 0.50 gu 95/1104 scale 1.00
09-23 20:18:45.752 I/godot   (23125): [FRAME-SPLIT] per frame: sprite light+throw 0.66 ms (10/f) · room temporal lights 0.07 ms (1/f) · room vision fog 0.07 ms (1/f) · guard attention 0.04 ms (9/f) · room enemy visibility 0.02 ms (1/f)
09-23 20:18:46.993 I/godot   (23125): [FRAME-PROBE] 20.7 ms/frame · render cpu 0.8 ms · render gpu 19.4 ms · 109 draw call(s) · 34284 primitive(s) · 126 object(s) · process 22.8 ms · physics 0.1 ms · 1010 node(s) · view portrait 390x873 zoom 0.50 gu 95/1104 scale 1.00
09-23 20:18:46.994 I/godot   (23125): [FRAME-SPLIT] per frame: sprite light+throw 0.58 ms (10/f) · room temporal lights 0.07 ms (1/f) · room vision fog 0.06 ms (1/f) · guard attention 0.03 ms (9/f) · room enemy visibility 0.02 ms (1/f)
09-23 20:18:48.221 I/godot   (23125): [FRAME-PROBE] 20.5 ms/frame · render cpu 0.8 ms · render gpu 18.9 ms · 109 draw call(s) · 34284 primitive(s) · 126 object(s) · process 22.9 ms · physics 0.1 ms · 1010 node(s) · view portrait 390x873 zoom 0.50 gu 95/1104 scale 1.00
09-23 20:18:48.221 I/godot   (23125): [FRAME-SPLIT] per frame: sprite light+throw 0.68 ms (10/f) · room temporal lights 0.08 ms (1/f) · room vision fog 0.07 ms (1/f) · guard attention 0.04 ms (9/f) · room enemy visibility 0.02 ms (1/f)
09-23 20:18:49.462 I/godot   (23125): [FRAME-PROBE] 20.7 ms/frame · render cpu 0.8 ms · render gpu 19.3 ms · 109 draw call(s) · 34284 primitive(s) · 126 object(s) · process 22.8 ms · physics 0.2 ms · 1010 node(s) · view portrait 390x873 zoom 0.50 gu 95/1104 scale 1.00
09-23 20:18:49.462 I/godot   (23125): [FRAME-SPLIT] per frame: sprite light+throw 0.63 ms (10/f) · room temporal lights 0.08 ms (1/f) · room vision fog 0.06 ms (1/f) · guard attention 0.03 ms (9/f) · room enemy visibility 0.02 ms (1/f)
09-23 20:18:50.701 I/godot   (23125): [FRAME-PROBE] 20.7 ms/frame · render cpu 1.5 ms · render gpu 18.9 ms · 109 draw call(s) · 34284 primitive(s) · 126 object(s) · process 24.1 ms · physics 0.2 ms · 1010 node(s) · view portrait 390x873 zoom 0.50 gu 95/1104 scale 1.00
09-23 20:18:50.701 I/godot   (23125): [FRAME-SPLIT] per frame: sprite light+throw 0.72 ms (10/f) · room temporal lights 0.08 ms (1/f) · room vision fog 0.07 ms (1/f) · guard attention 0.04 ms (9/f) · room enemy visibility 0.02 ms (1/f)
09-23 20:18:51.941 I/godot   (23125): [FRAME-PROBE] 20.7 ms/frame · render cpu 1.5 ms · render gpu 19.1 ms · 109 draw call(s) · 34284 primitive(s) · 126 object(s) · process 29.7 ms · physics 0.1 ms · 1010 node(s) · view portrait 390x873 zoom 0.50 gu 95/1104 scale 1.00
09-23 20:18:51.942 I/godot   (23125): [FRAME-SPLIT] per frame: sprite light+throw 0.62 ms (10/f) · room temporal lights 0.07 ms (1/f) · room vision fog 0.06 ms (1/f) · guard attention 0.03 ms (9/f) · room enemy visibility 0.02 ms (1/f)
09-23 20:18:53.170 I/godot   (23125): [FRAME-PROBE] 20.5 ms/frame · render cpu 0.8 ms · render gpu 19.0 ms · 109 draw call(s) · 34284 primitive(s) · 126 object(s) · process 22.9 ms · physics 0.2 ms · 1010 node(s) · view portrait 390x873 zoom 0.50 gu 95/1104 scale 1.00
09-23 20:18:53.171 I/godot   (23125): [FRAME-SPLIT] per frame: sprite light+throw 0.68 ms (10/f) · room temporal lights 0.08 ms (1/f) · room vision fog 0.07 ms (1/f) · guard attention 0.04 ms (9/f) · room enemy visibility 0.02 ms (1/f)
09-23 20:18:54.399 I/godot   (23125): [FRAME-PROBE] 20.5 ms/frame · render cpu 0.8 ms · render gpu 18.9 ms · 109 draw call(s) · 34284 primitive(s) · 126 object(s) · process 22.7 ms · physics 0.1 ms · 1010 node(s) · view portrait 390x873 zoom 0.50 gu 95/1104 scale 1.00
09-23 20:18:54.399 I/godot   (23125): [FRAME-SPLIT] per frame: sprite light+throw 0.59 ms (10/f) · room temporal lights 0.07 ms (1/f) · room vision fog 0.06 ms (1/f) · guard attention 0.03 ms (9/f) · room enemy visibility 0.02 ms (1/f)
09-23 20:18:55.639 I/godot   (23125): [FRAME-PROBE] 20.7 ms/frame · render cpu 0.8 ms · render gpu 19.0 ms · 109 draw call(s) · 34284 primitive(s) · 126 object(s) · process 22.6 ms · physics 0.1 ms · 1010 node(s) · view portrait 390x873 zoom 0.50 gu 95/1104 scale 1.00
09-23 20:18:55.639 I/godot   (23125): [FRAME-SPLIT] per frame: sprite light+throw 0.59 ms (10/f) · room temporal lights 0.07 ms (1/f) · room vision fog 0.06 ms (1/f) · guard attention 0.03 ms (9/f) · room enemy visibility 0.02 ms (1/f)
09-23 20:18:56.868 I/godot   (23125): [FRAME-PROBE] 20.5 ms/frame · render cpu 1.5 ms · render gpu 19.0 ms · 109 draw call(s) · 34284 primitive(s) · 126 object(s) · process 23.1 ms · physics 0.1 ms · 1010 node(s) · view portrait 390x873 zoom 0.50 gu 95/1104 scale 1.00
09-23 20:18:56.868 I/godot   (23125): [FRAME-SPLIT] per frame: sprite light+throw 0.65 ms (10/f) · room temporal lights 0.08 ms (1/f) · room vision fog 0.07 ms (1/f) · guard attention 0.04 ms (9/f) · room enemy visibility 0.02 ms (1/f)
09-23 20:18:58.108 I/godot   (23125): [FRAME-PROBE] 20.7 ms/frame · render cpu 0.8 ms · render gpu 19.2 ms · 109 draw call(s) · 34284 primitive(s) · 126 object(s) · process 23.0 ms · physics 0.1 ms · 1010 node(s) · view portrait 390x873 zoom 0.50 gu 95/1104 scale 1.00
09-23 20:18:58.108 I/godot   (23125): [FRAME-SPLIT] per frame: sprite light+throw 0.65 ms (10/f) · room temporal lights 0.08 ms (1/f) · room vision fog 0.07 ms (1/f) · guard attention 0.04 ms (9/f) · room enemy visibility 0.02 ms (1/f)
09-23 20:18:59.336 I/godot   (23125): [FRAME-PROBE] 20.5 ms/frame · render cpu 1.8 ms · render gpu 18.8 ms · 109 draw call(s) · 34284 primitive(s) · 126 object(s) · process 23.1 ms · physics 0.2 ms · 1010 node(s) · view portrait 390x873 zoom 0.50 gu 95/1104 scale 1.00
09-23 20:18:59.336 I/godot   (23125): [FRAME-SPLIT] per frame: sprite light+throw 0.68 ms (10/f) · room temporal lights 0.08 ms (1/f) · room vision fog 0.07 ms (1/f) · guard attention 0.04 ms (9/f) · room enemy visibility 0.02 ms (1/f)
09-23 20:18:59.463 I/godot   (23125): [SCENARIO] 4/4 quit
09-23 20:19:02.191 V/Godot   (23125): OnGodotTerminating
[DIAG-02] com.example.infiltraitor exited on its own at 20:19:04 — capture ends
