--------- beginning of main
09-23 18:31:47.888 V/Godot   ( 2101): InitEngine with params: [--xr_mode_regular, --xr-mode, off, --fullscreen, --background_color, #000000]
09-23 18:31:47.888 V/Godot   ( 2101): Initializing Godot plugin registry
09-23 18:31:47.947 V/Godot   ( 2101): Godot native layer initialization completed: true
09-23 18:31:48.198 V/Godot   ( 2101): Godot native layer setup completed
09-23 18:31:48.199 V/Godot   ( 2101): OnInitRenderView: GodotFragment{fc29790} (dd7484f0-4508-449d-ada0-3992ac463427 id=0x7f070033)
09-23 18:31:48.223 D/Godot   ( 2101): Render view should be transparent: false
09-23 18:31:48.223 D/Godot   ( 2101): usesVulkan(): true
09-23 18:31:48.223 D/Godot   ( 2101): 			renderingDevice: vulkan (ProjectSettings)
09-23 18:31:48.223 D/Godot   ( 2101): 			renderer: mobile (ProjectSettings)
09-23 18:31:48.251 V/Godot   ( 2101): OnStart: GodotFragment{fc29790} (dd7484f0-4508-449d-ada0-3992ac463427 id=0x7f070033)
09-23 18:31:48.262 V/Godot   ( 2101): OnResume: GodotFragment{fc29790} (dd7484f0-4508-449d-ada0-3992ac463427 id=0x7f070033)
09-23 18:31:48.310 I/godot   ( 2101): Godot Engine v4.6.1.stable.official.14d19694e - https://godotengine.org
09-23 18:31:48.400 I/godot   ( 2101): Vulkan 1.3.225 - Forward Mobile - Using Device #0: ARM - Mali-G57
09-23 18:31:48.873 I/godot   ( 2101): 
09-23 18:31:53.439 V/Godot   ( 2101): OnGodotSetupCompleted
09-23 18:31:53.465 I/godot   ( 2101): [DevFlags] 5 override(s) from /sdcard/Android/data/com.example.infiltraitor/files/dev_flags.cfg — FRAME_PROBE=1, MAP=PLAYGROUND, RENDER3D=1, RNG_SEED=1, SCENARIO=framing portrait; zoom 0.5; wait 25; quit
09-23 18:31:53.466 I/godot   ( 2101): [INFILTRAITOR] Version 0.9.107
09-23 18:31:53.472 I/godot   ( 2101): [Registries] Autoload initialized
09-23 18:31:53.476 I/godot   ( 2101): [RNG] seeded 1 — particle rolls are reproducible this boot
09-23 18:31:53.477 I/godot   ( 2101): [MaterialRegistry] Registered: brick (color: 0.55,0.29,0.22)
09-23 18:31:53.477 I/godot   ( 2101): [MaterialRegistry] Registered: cardboard (color: 0.70,0.55,0.36)
09-23 18:31:53.477 I/godot   ( 2101): [MaterialRegistry] Registered: concrete (color: 0.62,0.62,0.62)
09-23 18:31:53.478 I/godot   ( 2101): [MaterialRegistry] Registered: dirt (color: 0.50,0.38,0.27)
09-23 18:31:53.478 I/godot   ( 2101): [MaterialRegistry] Registered: earth (color: 0.52,0.39,0.26)
09-23 18:31:53.478 I/godot   ( 2101): [MaterialRegistry] Registered: fabric (color: 0.78,0.74,0.66)
09-23 18:31:53.479 I/godot   ( 2101): [MaterialRegistry] Registered: glass (color: 0.62,0.74,0.78)
09-23 18:31:53.479 I/godot   ( 2101): [MaterialRegistry] Registered: glass_armored (color: 0.74,0.62,0.78)
09-23 18:31:53.479 I/godot   ( 2101): [MaterialRegistry] Registered: glass_screen_amber (color: 0.70,0.60,0.38)
09-23 18:31:53.479 I/godot   ( 2101): [MaterialRegistry] Registered: glass_screen_green (color: 0.38,0.55,0.42)
09-23 18:31:53.479 I/godot   ( 2101): [MaterialRegistry] Registered: glass_screen_red (color: 0.62,0.40,0.41)
09-23 18:31:53.480 I/godot   ( 2101): [MaterialRegistry] Registered: grass (color: 0.42,0.55,0.29)
09-23 18:31:53.480 I/godot   ( 2101): [MaterialRegistry] Registered: gravel (color: 0.55,0.52,0.49)
09-23 18:31:53.480 I/godot   ( 2101): [MaterialRegistry] Registered: metal (color: 0.49,0.53,0.56)
09-23 18:31:53.481 I/godot   ( 2101): [MaterialRegistry] Registered: plywood (color: 0.78,0.63,0.42)
09-23 18:31:53.481 I/godot   ( 2101): [MaterialRegistry] Registered: sand (color: 0.76,0.67,0.51)
09-23 18:31:53.481 I/godot   ( 2101): [MaterialRegistry] Registered: stone (color: 0.55,0.55,0.58)
09-23 18:31:53.481 I/godot   ( 2101): [MaterialRegistry] Registered: wood (color: 0.66,0.47,0.31)
09-23 18:31:53.481 I/godot   ( 2101): [Registries] Material registry initialized with defaults
09-23 18:31:53.482 I/godot   ( 2101): [BakeConfig] Enabled: true, Blend Mode: 0, Facade Tops: true
09-23 18:31:53.494 I/godot   ( 2101): [Room] 4 tiles registered.
09-23 18:31:54.323 I/godot   ( 2101): [Room] Light registry initialized with 0 map lights:
09-23 18:31:54.323 I/godot   ( 2101): [Room] Tile semantics initialized with 0 tiles, 0 light anchors
09-23 18:31:54.323 I/godot   ( 2101): [Room] Shadow projector initialized
09-23 18:31:54.323 I/godot   ( 2101): [Room] Exposure system initialized with 0 light projections
09-23 18:31:54.323 I/godot   ( 2101): [VisionController] Shadow overlay initialized
09-23 18:31:54.324 I/godot   ( 2101): [VisionController] Exposure overlay initialized
09-23 18:31:54.324 I/godot   ( 2101): [VisionController] Tile risk heatmap overlay initialized
09-23 18:31:54.324 I/godot   ( 2101): [VisionController] Elite exposure overlay initialized: [EliteExposureOverlay safe=0 total=0 confidence=0.00 depth_layers=6 stability_types=4]
09-23 18:31:54.420 I/godot   ( 2101): [Registries] File map source initialized
09-23 18:31:55.290 I/godot   ( 2101): [MaterialRegistry] Registered: brick (color: 0.55,0.29,0.22)
09-23 18:31:55.291 I/godot   ( 2101): [MaterialRegistry] Registered: cardboard (color: 0.70,0.55,0.36)
09-23 18:31:55.291 I/godot   ( 2101): [MaterialRegistry] Registered: concrete (color: 0.62,0.62,0.62)
09-23 18:31:55.291 I/godot   ( 2101): [MaterialRegistry] Registered: dirt (color: 0.50,0.38,0.27)
09-23 18:31:55.291 I/godot   ( 2101): [MaterialRegistry] Registered: earth (color: 0.52,0.39,0.26)
09-23 18:31:55.292 I/godot   ( 2101): [MaterialRegistry] Registered: fabric (color: 0.78,0.74,0.66)
09-23 18:31:55.292 I/godot   ( 2101): [MaterialRegistry] Registered: glass (color: 0.62,0.74,0.78)
09-23 18:31:55.292 I/godot   ( 2101): [MaterialRegistry] Registered: glass_armored (color: 0.74,0.62,0.78)
09-23 18:31:55.292 I/godot   ( 2101): [MaterialRegistry] Registered: glass_screen_amber (color: 0.70,0.60,0.38)
09-23 18:31:55.293 I/godot   ( 2101): [MaterialRegistry] Registered: glass_screen_green (color: 0.38,0.55,0.42)
09-23 18:31:55.293 I/godot   ( 2101): [MaterialRegistry] Registered: glass_screen_red (color: 0.62,0.40,0.41)
09-23 18:31:55.293 I/godot   ( 2101): [MaterialRegistry] Registered: grass (color: 0.42,0.55,0.29)
09-23 18:31:55.293 I/godot   ( 2101): [MaterialRegistry] Registered: gravel (color: 0.55,0.52,0.49)
09-23 18:31:55.294 I/godot   ( 2101): [MaterialRegistry] Registered: metal (color: 0.49,0.53,0.56)
09-23 18:31:55.294 I/godot   ( 2101): [MaterialRegistry] Registered: plywood (color: 0.78,0.63,0.42)
09-23 18:31:55.294 I/godot   ( 2101): [MaterialRegistry] Registered: sand (color: 0.76,0.67,0.51)
09-23 18:31:55.294 I/godot   ( 2101): [MaterialRegistry] Registered: stone (color: 0.55,0.55,0.58)
09-23 18:31:55.294 I/godot   ( 2101): [MaterialRegistry] Registered: wood (color: 0.66,0.47,0.31)
09-23 18:31:56.051 I/godot   ( 2101): [ROOM] Baking textures with 40 junction columns...
09-23 18:31:56.078 I/godot   ( 2101): [ROOM] Grouped edges into 43 runs
09-23 18:31:56.084 I/godot   ( 2101): [BAKE] Loaded voxel atom: concrete (32×36, 0 AA pixels)
09-23 18:31:56.085 I/godot   ( 2101): [BAKE] Loaded voxel atom: metal (32×36, 0 AA pixels)
09-23 18:31:56.087 I/godot   ( 2101): [BAKE] Loaded voxel atom: stone (32×36, 0 AA pixels)
09-23 18:31:56.088 I/godot   ( 2101): [BAKE] Loaded voxel atom: wood (32×36, 0 AA pixels)
09-23 18:31:56.095 I/godot   ( 2101): [BAKE] Loaded voxel atom: grass (32×36, 0 AA pixels)
09-23 18:31:56.097 I/godot   ( 2101): [BAKE] Loaded voxel atom: dirt (32×36, 0 AA pixels)
09-23 18:31:56.099 I/godot   ( 2101): [BAKE] Loaded voxel atom: gravel (32×36, 0 AA pixels)
09-23 18:31:56.101 I/godot   ( 2101): [BAKE] Loaded voxel atom: sand (32×36, 0 AA pixels)
09-23 18:31:56.102 I/godot   ( 2101): [BAKE] Loaded voxel atom: earth (32×36, 0 AA pixels)
09-23 18:31:56.103 I/godot   ( 2101): [BAKE] Loaded voxel atom: brick (32×36, 0 AA pixels)
09-23 18:31:56.104 I/godot   ( 2101): [BAKE] Loaded voxel atom: cardboard (32×36, 0 AA pixels)
09-23 18:31:56.105 I/godot   ( 2101): [BAKE] Loaded voxel atom: fabric (32×36, 0 AA pixels)
09-23 18:31:56.106 I/godot   ( 2101): [BAKE] Loaded voxel atom: plywood (32×36, 0 AA pixels)
09-23 18:31:56.107 I/godot   ( 2101): [BAKE] Loaded voxel atom: glass (32×36, 0 AA pixels)
09-23 18:31:56.107 I/godot   ( 2101): [BAKE] Created persistent BakeCompositor for session
09-23 18:31:56.109 I/godot   ( 2101): [BAKE] Found 9 unique (material, facade) combos
09-23 18:31:56.250 I/godot   ( 2101): 
09-23 18:31:56.250 I/godot   ( 2101): Attempting to resolve: facade_concrete (folder concrete)
09-23 18:31:56.250 I/godot   ( 2101):   [USER] File not found: user://textures/concrete/facade_concrete.png
09-23 18:31:56.250 I/godot   ( 2101):   [USER] File not found: user://textures/concrete/facade_concrete.webp
09-23 18:31:56.278 I/godot   ( 2101):   [DEFAULT] Validation PASS: res://ASSETS/materials/concrete/facade_concrete.png
09-23 18:31:56.278 I/godot   ( 2101): [RESOLVER] facade_concrete resolved from DEFAULT.png (dims 1024x512)
09-23 18:31:56.278 I/godot   ( 2101): 
09-23 18:31:56.278 I/godot   ( 2101): Attempting to resolve: facade_metal (folder metal)
09-23 18:31:56.278 I/godot   ( 2101):   [USER] File not found: user://textures/metal/facade_metal.png
09-23 18:31:56.278 I/godot   ( 2101):   [USER] File not found: user://textures/metal/facade_metal.webp
09-23 18:31:56.309 I/godot   ( 2101):   [DEFAULT] Validation PASS: res://ASSETS/materials/metal/facade_metal.png
09-23 18:31:56.309 I/godot   ( 2101): [RESOLVER] facade_metal resolved from DEFAULT.png (dims 1024x512)
09-23 18:31:56.309 I/godot   ( 2101): 
09-23 18:31:56.309 I/godot   ( 2101): Attempting to resolve: facade_stone (folder stone)
09-23 18:31:56.309 I/godot   ( 2101):   [USER] File not found: user://textures/stone/facade_stone.png
09-23 18:31:56.309 I/godot   ( 2101):   [USER] File not found: user://textures/stone/facade_stone.webp
09-23 18:31:56.337 I/godot   ( 2101):   [DEFAULT] Validation PASS: res://ASSETS/materials/stone/facade_stone.png
09-23 18:31:56.338 I/godot   ( 2101): [RESOLVER] facade_stone resolved from DEFAULT.png (dims 1024x512)
09-23 18:31:56.338 I/godot   ( 2101): 
09-23 18:31:56.338 I/godot   ( 2101): Attempting to resolve: facade_wood (folder wood)
09-23 18:31:56.338 I/godot   ( 2101):   [USER] File not found: user://textures/wood/facade_wood.png
09-23 18:31:56.338 I/godot   ( 2101):   [USER] File not found: user://textures/wood/facade_wood.webp
09-23 18:31:56.366 I/godot   ( 2101):   [DEFAULT] Validation PASS: res://ASSETS/materials/wood/facade_wood.png
09-23 18:31:56.366 I/godot   ( 2101): [RESOLVER] facade_wood resolved from DEFAULT.png (dims 1024x512)
09-23 18:31:56.366 I/godot   ( 2101): 
09-23 18:31:56.366 I/godot   ( 2101): Attempting to resolve: facade_brick (folder brick)
09-23 18:31:56.366 I/godot   ( 2101):   [USER] File not found: user://textures/brick/facade_brick.png
09-23 18:31:56.366 I/godot   ( 2101):   [USER] File not found: user://textures/brick/facade_brick.webp
09-23 18:31:56.396 I/godot   ( 2101):   [DEFAULT] Validation PASS: res://ASSETS/materials/brick/facade_brick.png
09-23 18:31:56.396 I/godot   ( 2101): [RESOLVER] facade_brick resolved from DEFAULT.png (dims 1024x512)
09-23 18:31:56.396 I/godot   ( 2101): 
09-23 18:31:56.396 I/godot   ( 2101): Attempting to resolve: facade_cardboard (folder cardboard)
09-23 18:31:56.396 I/godot   ( 2101):   [USER] File not found: user://textures/cardboard/facade_cardboard.png
09-23 18:31:56.396 I/godot   ( 2101):   [USER] File not found: user://textures/cardboard/facade_cardboard.webp
09-23 18:31:56.419 I/godot   ( 2101):   [DEFAULT] Validation PASS: res://ASSETS/materials/cardboard/facade_cardboard.png
09-23 18:31:56.419 I/godot   ( 2101): [RESOLVER] facade_cardboard resolved from DEFAULT.png (dims 1024x512)
09-23 18:31:56.419 I/godot   ( 2101): 
09-23 18:31:56.419 I/godot   ( 2101): Attempting to resolve: facade_fabric (folder fabric)
09-23 18:31:56.419 I/godot   ( 2101):   [USER] File not found: user://textures/fabric/facade_fabric.png
09-23 18:31:56.419 I/godot   ( 2101):   [USER] File not found: user://textures/fabric/facade_fabric.webp
09-23 18:31:56.441 I/godot   ( 2101):   [DEFAULT] Validation PASS: res://ASSETS/materials/fabric/facade_fabric.png
09-23 18:31:56.441 I/godot   ( 2101): [RESOLVER] facade_fabric resolved from DEFAULT.png (dims 1024x512)
09-23 18:31:56.441 I/godot   ( 2101): 
09-23 18:31:56.441 I/godot   ( 2101): Attempting to resolve: facade_plywood (folder plywood)
09-23 18:31:56.441 I/godot   ( 2101):   [USER] File not found: user://textures/plywood/facade_plywood.png
09-23 18:31:56.441 I/godot   ( 2101):   [USER] File not found: user://textures/plywood/facade_plywood.webp
09-23 18:31:56.469 I/godot   ( 2101):   [DEFAULT] Validation PASS: res://ASSETS/materials/plywood/facade_plywood.png
09-23 18:31:56.469 I/godot   ( 2101): [RESOLVER] facade_plywood resolved from DEFAULT.png (dims 1024x512)
09-23 18:31:56.469 I/godot   ( 2101): 
09-23 18:31:56.470 I/godot   ( 2101): Attempting to resolve: facade_glass (folder glass)
09-23 18:31:56.470 I/godot   ( 2101):   [USER] File not found: user://textures/glass/facade_glass.png
09-23 18:31:56.470 I/godot   ( 2101):   [USER] File not found: user://textures/glass/facade_glass.webp
09-23 18:31:56.478 I/godot   ( 2101):   [DEFAULT] Validation PASS: res://ASSETS/materials/glass/facade_glass.png
09-23 18:31:56.478 I/godot   ( 2101): [RESOLVER] facade_glass resolved from DEFAULT.png (dims 1024x512)
09-23 18:31:57.247 I/godot   ( 2101): [BAKE] Composed sheet concrete|facade_concrete|0 (2048 atoms)
09-23 18:31:58.100 I/godot   ( 2101): [BAKE] Composed sheet concrete|facade_concrete|1 (2048 atoms)
09-23 18:31:58.606 I/godot   ( 2101): [BAKE] Composed sheet metal|facade_metal|0 (2048 atoms)
09-23 18:31:59.062 I/godot   ( 2101): [BAKE] Composed sheet metal|facade_metal|1 (2048 atoms)
09-23 18:31:59.504 I/godot   ( 2101): [BAKE] Composed sheet stone|facade_stone|0 (2048 atoms)
09-23 18:31:59.960 I/godot   ( 2101): [BAKE] Composed sheet stone|facade_stone|1 (2048 atoms)
09-23 18:32:00.397 I/godot   ( 2101): [BAKE] Composed sheet wood|facade_wood|0 (2048 atoms)
09-23 18:32:00.850 I/godot   ( 2101): [BAKE] Composed sheet wood|facade_wood|1 (2048 atoms)
09-23 18:32:01.290 I/godot   ( 2101): [BAKE] Composed sheet brick|facade_brick|0 (2048 atoms)
09-23 18:32:01.747 I/godot   ( 2101): [BAKE] Composed sheet brick|facade_brick|1 (2048 atoms)
09-23 18:32:02.190 I/godot   ( 2101): [BAKE] Composed sheet cardboard|facade_cardboard|0 (2048 atoms)
09-23 18:32:02.655 I/godot   ( 2101): [BAKE] Composed sheet cardboard|facade_cardboard|1 (2048 atoms)
09-23 18:32:03.089 I/godot   ( 2101): [BAKE] Composed sheet fabric|facade_fabric|0 (2048 atoms)
09-23 18:32:03.538 I/godot   ( 2101): [BAKE] Composed sheet fabric|facade_fabric|1 (2048 atoms)
09-23 18:32:03.983 I/godot   ( 2101): [BAKE] Composed sheet plywood|facade_plywood|0 (2048 atoms)
09-23 18:32:04.438 I/godot   ( 2101): [BAKE] Composed sheet plywood|facade_plywood|1 (2048 atoms)
09-23 18:32:04.871 I/godot   ( 2101): [BAKE] Composed sheet glass|facade_glass|0 (2048 atoms)
09-23 18:32:05.319 I/godot   ( 2101): [BAKE] Composed sheet glass|facade_glass|1 (2048 atoms)
09-23 18:32:05.387 I/godot   ( 2101): [BAKE] Composed junction page: concrete|facade_concrete (160 atoms)
09-23 18:32:05.424 I/godot   ( 2101): [BAKE] Composed junction page: metal|facade_metal (64 atoms)
09-23 18:32:05.461 I/godot   ( 2101): [BAKE] Composed junction page: stone|facade_stone (64 atoms)
09-23 18:32:05.497 I/godot   ( 2101): [BAKE] Composed junction page: wood|facade_wood (64 atoms)
09-23 18:32:05.534 I/godot   ( 2101): [BAKE] Composed junction page: brick|facade_brick (64 atoms)
09-23 18:32:05.572 I/godot   ( 2101): [BAKE] Composed junction page: cardboard|facade_cardboard (64 atoms)
09-23 18:32:05.609 I/godot   ( 2101): [BAKE] Composed junction page: fabric|facade_fabric (64 atoms)
09-23 18:32:05.647 I/godot   ( 2101): [BAKE] Composed junction page: plywood|facade_plywood (64 atoms)
09-23 18:32:05.684 I/godot   ( 2101): [BAKE] Composed junction page: glass|facade_glass (64 atoms)
09-23 18:32:06.662 I/godot   ( 2101): [BAKE] Composed roof page ROOF|concrete|facade_concrete (4096 atoms)
09-23 18:32:07.270 I/godot   ( 2101): [BAKE] Composed roof page ROOF|metal|facade_metal (586 atoms)
09-23 18:32:07.854 I/godot   ( 2101): [BAKE] Composed roof page ROOF|stone|facade_stone (586 atoms)
09-23 18:32:08.453 I/godot   ( 2101): [BAKE] Composed roof page ROOF|wood|facade_wood (586 atoms)
09-23 18:32:09.040 I/godot   ( 2101): [BAKE] Composed roof page ROOF|brick|facade_brick (586 atoms)
09-23 18:32:09.630 I/godot   ( 2101): [BAKE] Composed roof page ROOF|cardboard|facade_cardboard (586 atoms)
09-23 18:32:10.230 I/godot   ( 2101): [BAKE] Composed roof page ROOF|fabric|facade_fabric (586 atoms)
09-23 18:32:10.833 I/godot   ( 2101): [BAKE] Composed roof page ROOF|plywood|facade_plywood (586 atoms)
09-23 18:32:11.419 I/godot   ( 2101): [BAKE] Composed roof page ROOF|glass|facade_glass (586 atoms)
09-23 18:32:11.424 I/godot   ( 2101): [BAKE] Baked 9 combos × 2 directions in 14945.0 ms
09-23 18:32:11.426 I/godot   ( 2101): [ROOM] Bake complete: 15318 ms, 36 pages
09-23 18:32:16.055 I/godot   ( 2101): [ROOM] Registered baked atlas page 0 as source 98 on voxel_renderer (8448 tiles created)
09-23 18:32:20.955 I/godot   ( 2101): [ROOM] Registered baked atlas page 1 as source 99 on voxel_renderer (8448 tiles created)
09-23 18:32:20.968 I/godot   ( 2101): [ROOM] Registered baked atlas page 2 as source 100 on voxel_renderer (384 tiles created)
09-23 18:32:20.981 I/godot   ( 2101): [ROOM] Registered baked atlas page 3 as source 101 on voxel_renderer (384 tiles created)
09-23 18:32:20.994 I/godot   ( 2101): [ROOM] Registered baked atlas page 4 as source 102 on voxel_renderer (384 tiles created)
09-23 18:32:21.007 I/godot   ( 2101): [ROOM] Registered baked atlas page 5 as source 103 on voxel_renderer (384 tiles created)
09-23 18:32:21.021 I/godot   ( 2101): [ROOM] Registered baked atlas page 6 as source 104 on voxel_renderer (384 tiles created)
09-23 18:32:21.034 I/godot   ( 2101): [ROOM] Registered baked atlas page 7 as source 105 on voxel_renderer (384 tiles created)
09-23 18:32:21.048 I/godot   ( 2101): [ROOM] Registered baked atlas page 8 as source 106 on voxel_renderer (384 tiles created)
09-23 18:32:21.061 I/godot   ( 2101): [ROOM] Registered baked atlas page 9 as source 107 on voxel_renderer (384 tiles created)
09-23 18:32:21.074 I/godot   ( 2101): [ROOM] Registered baked atlas page 10 as source 108 on voxel_renderer (384 tiles created)
09-23 18:32:21.088 I/godot   ( 2101): [ROOM] Registered baked atlas page 11 as source 109 on voxel_renderer (384 tiles created)
09-23 18:32:21.101 I/godot   ( 2101): [ROOM] Registered baked atlas page 12 as source 110 on voxel_renderer (384 tiles created)
09-23 18:32:21.114 I/godot   ( 2101): [ROOM] Registered baked atlas page 13 as source 111 on voxel_renderer (384 tiles created)
09-23 18:32:21.127 I/godot   ( 2101): [ROOM] Registered baked atlas page 14 as source 112 on voxel_renderer (384 tiles created)
09-23 18:32:21.141 I/godot   ( 2101): [ROOM] Registered baked atlas page 15 as source 113 on voxel_renderer (384 tiles created)
09-23 18:32:21.161 I/godot   ( 2101): [ROOM] Registered baked atlas page 16 as source 114 on voxel_renderer (384 tiles created)
09-23 18:32:21.265 I/godot   ( 2101): [ROOM] Registered baked atlas page 17 as source 115 on voxel_renderer (384 tiles created)
09-23 18:32:21.269 I/godot   ( 2101): [ROOM] Registered baked atlas page 18 as source 116 on voxel_renderer (160 tiles created)
09-23 18:32:21.271 I/godot   ( 2101): [ROOM] Registered baked atlas page 19 as source 117 on voxel_renderer (64 tiles created)
09-23 18:32:21.273 I/godot   ( 2101): [ROOM] Registered baked atlas page 20 as source 118 on voxel_renderer (64 tiles created)
09-23 18:32:21.275 I/godot   ( 2101): [ROOM] Registered baked atlas page 21 as source 119 on voxel_renderer (64 tiles created)
09-23 18:32:21.277 I/godot   ( 2101): [ROOM] Registered baked atlas page 22 as source 120 on voxel_renderer (64 tiles created)
09-23 18:32:21.279 I/godot   ( 2101): [ROOM] Registered baked atlas page 23 as source 121 on voxel_renderer (64 tiles created)
09-23 18:32:21.281 I/godot   ( 2101): [ROOM] Registered baked atlas page 24 as source 122 on voxel_renderer (64 tiles created)
09-23 18:32:21.283 I/godot   ( 2101): [ROOM] Registered baked atlas page 25 as source 123 on voxel_renderer (64 tiles created)
09-23 18:32:21.285 I/godot   ( 2101): [ROOM] Registered baked atlas page 26 as source 124 on voxel_renderer (64 tiles created)
09-23 18:32:22.298 I/godot   ( 2101): [ROOM] Registered baked atlas page 27 as source 125 on voxel_renderer (4096 tiles created)
09-23 18:32:22.325 I/godot   ( 2101): [ROOM] Registered baked atlas page 28 as source 126 on voxel_renderer (586 tiles created)
09-23 18:32:22.352 I/godot   ( 2101): [ROOM] Registered baked atlas page 29 as source 127 on voxel_renderer (586 tiles created)
09-23 18:32:22.379 I/godot   ( 2101): [ROOM] Registered baked atlas page 30 as source 128 on voxel_renderer (586 tiles created)
09-23 18:32:22.406 I/godot   ( 2101): [ROOM] Registered baked atlas page 31 as source 129 on voxel_renderer (586 tiles created)
09-23 18:32:22.433 I/godot   ( 2101): [ROOM] Registered baked atlas page 32 as source 130 on voxel_renderer (586 tiles created)
09-23 18:32:22.460 I/godot   ( 2101): [ROOM] Registered baked atlas page 33 as source 131 on voxel_renderer (586 tiles created)
09-23 18:32:22.487 I/godot   ( 2101): [ROOM] Registered baked atlas page 34 as source 132 on voxel_renderer (586 tiles created)
09-23 18:32:22.514 I/godot   ( 2101): [ROOM] Registered baked atlas page 35 as source 133 on voxel_renderer (586 tiles created)
09-23 18:32:22.515 I/godot   ( 2101): [VOXEL] Baked lookup set: registered
09-23 18:32:22.541 I/godot   ( 2101): [BAKE] Disk cache HIT: loaded 1ff64de9
09-23 18:32:23.307 I/godot   ( 2101): [D33] composite page: 3584 tile(s) created up front in 736.8 ms
09-23 18:32:23.318 I/godot   ( 2101): [BAKE] Disk cache HIT: loaded 79f4f5e8
09-23 18:32:23.322 I/godot   ( 2101): [BAKE] Disk cache HIT: loaded c5a3ab77
09-23 18:32:23.325 I/godot   ( 2101): [BAKE] Disk cache HIT: loaded 38139423
09-23 18:32:23.328 I/godot   ( 2101): [BAKE] Disk cache HIT: loaded 66da5472
09-23 18:32:23.331 I/godot   ( 2101): [BAKE] Disk cache HIT: loaded e4993765
09-23 18:32:23.334 I/godot   ( 2101): [BAKE] Disk cache HIT: loaded 689fb62e
09-23 18:32:23.337 I/godot   ( 2101): [BAKE] Disk cache HIT: loaded 6705897f
09-23 18:32:23.340 I/godot   ( 2101): [BAKE] Disk cache HIT: loaded f45df950
09-23 18:32:23.343 I/godot   ( 2101): [BAKE] Disk cache HIT: loaded a69e54c4
09-23 18:32:23.346 I/godot   ( 2101): [BAKE] Disk cache HIT: loaded 789ec235
09-23 18:32:23.348 I/godot   ( 2101): [BAKE] Disk cache HIT: loaded 7ae0a8c2
09-23 18:32:23.351 I/godot   ( 2101): [BAKE] Disk cache HIT: loaded e19baabe
09-23 18:32:23.354 I/godot   ( 2101): [BAKE] Disk cache HIT: loaded 3323d2cf
09-23 18:32:23.357 I/godot   ( 2101): [BAKE] Disk cache HIT: loaded 14a1b0e0
09-23 18:32:23.360 I/godot   ( 2101): [BAKE] Disk cache HIT: loaded 312a1305
09-23 18:32:23.363 I/godot   ( 2101): [BAKE] Disk cache HIT: loaded a6443a14
09-23 18:32:23.366 I/godot   ( 2101): [BAKE] Disk cache HIT: loaded de99e143
09-23 18:32:23.369 I/godot   ( 2101): [BAKE] Disk cache HIT: loaded f582f5c8
09-23 18:32:23.372 I/godot   ( 2101): [BAKE] Disk cache HIT: loaded c18fa5c9
09-23 18:32:23.374 I/godot   ( 2101): [BAKE] Disk cache HIT: loaded 75160ea6
09-23 18:32:23.377 I/godot   ( 2101): [BAKE] Disk cache HIT: loaded 4d745b00
09-23 18:32:23.380 I/godot   ( 2101): [BAKE] Disk cache HIT: loaded baeabe01
09-23 18:32:23.383 I/godot   ( 2101): [BAKE] Disk cache HIT: loaded 535489de
09-23 18:32:23.385 I/godot   ( 2101): [BAKE] Disk cache HIT: loaded 3e4f2802
09-23 18:32:23.388 I/godot   ( 2101): [BAKE] Disk cache HIT: loaded 8f879e33
09-23 18:32:23.391 I/godot   ( 2101): [BAKE] Disk cache HIT: loaded e5158604
09-23 18:32:23.393 I/godot   ( 2101): [BAKE] Disk cache HIT: loaded bda6b76f
09-23 18:32:23.396 I/godot   ( 2101): [BAKE] Disk cache HIT: loaded 6ae15ade
09-23 18:32:23.399 I/godot   ( 2101): [BAKE] Disk cache HIT: loaded d2778f01
09-23 18:32:23.401 I/godot   ( 2101): [BAKE] Disk cache HIT: loaded 8acb8dbd
09-23 18:32:23.404 I/godot   ( 2101): [BAKE] Disk cache HIT: loaded f8179f2c
09-23 18:32:23.407 I/godot   ( 2101): [BAKE] Disk cache HIT: loaded c3776c5b
09-23 18:32:23.410 I/godot   ( 2101): [BAKE] Disk cache HIT: loaded ddea6eff
09-23 18:32:23.414 I/godot   ( 2101): [BAKE] Disk cache HIT: loaded df849bae
09-23 18:32:23.417 I/godot   ( 2101): [BAKE] Disk cache HIT: loaded 4b738391
09-23 18:32:23.421 I/godot   ( 2101): [BAKE] Disk cache HIT: loaded 310dc82c
09-23 18:32:23.425 I/godot   ( 2101): [BAKE] Disk cache HIT: loaded c3c1b6bd
09-23 18:32:23.429 I/godot   ( 2101): [BAKE] Disk cache HIT: loaded 2a46d30a
09-23 18:32:23.432 I/godot   ( 2101): [BAKE] Disk cache HIT: loaded fdc7ddf1
09-23 18:32:23.434 I/godot   ( 2101): [BAKE] Disk cache HIT: loaded 0fb2e0b0
09-23 18:32:23.438 I/godot   ( 2101): [BAKE] Disk cache HIT: loaded db12addf
09-23 18:32:23.441 I/godot   ( 2101): [BAKE] Disk cache HIT: loaded 4f78b87f
09-23 18:32:23.444 I/godot   ( 2101): [BAKE] Disk cache HIT: loaded 5112e52e
09-23 18:32:23.448 I/godot   ( 2101): [BAKE] Disk cache HIT: loaded bd01cd11
09-23 18:32:23.451 I/godot   ( 2101): [BAKE] Disk cache HIT: loaded 75a5bc1d
09-23 18:32:23.453 I/godot   ( 2101): [BAKE] Disk cache HIT: loaded 564b730c
09-23 18:32:23.457 I/godot   ( 2101): [BAKE] Disk cache HIT: loaded a1ac09bb
09-23 18:32:23.461 I/godot   ( 2101): [BAKE] Disk cache HIT: loaded 62ea1cf0
09-23 18:32:23.464 I/godot   ( 2101): [BAKE] Disk cache HIT: loaded 50ff1a31
09-23 18:32:23.466 I/godot   ( 2101): [BAKE] Disk cache HIT: loaded dc23f14e
09-23 18:32:23.469 I/godot   ( 2101): [BAKE] Disk cache HIT: loaded 8b168722
09-23 18:32:23.472 I/godot   ( 2101): [BAKE] Disk cache HIT: loaded dd8c31d3
09-23 18:32:23.475 I/godot   ( 2101): [BAKE] Disk cache HIT: loaded 31dce524
09-23 18:32:23.478 I/godot   ( 2101): [BAKE] Disk cache HIT: loaded dbe61180
09-23 18:32:23.481 I/godot   ( 2101): [BAKE] Disk cache HIT: loaded 495c7481
09-23 18:32:23.484 I/godot   ( 2101): [BAKE] Disk cache HIT: loaded e1c6405e
09-23 18:32:23.487 I/godot   ( 2101): [BAKE] Disk cache HIT: loaded 266b01ab
09-23 18:32:23.490 I/godot   ( 2101): [BAKE] Disk cache HIT: loaded 53a66e9a
09-23 18:32:23.493 I/godot   ( 2101): [BAKE] Disk cache HIT: loaded d31dba8d
09-23 18:32:23.496 I/godot   ( 2101): [BAKE] Disk cache HIT: loaded 4da47f86
09-23 18:32:23.499 I/godot   ( 2101): [BAKE] Disk cache HIT: loaded ec09bbb7
09-23 18:32:23.502 I/godot   ( 2101): [BAKE] Disk cache HIT: loaded a05b0628
09-23 18:32:23.505 I/godot   ( 2101): [BAKE] Disk cache HIT: loaded 2ad8f476
09-23 18:32:23.508 I/godot   ( 2101): [BAKE] Disk cache HIT: loaded 7655f6e7
09-23 18:32:23.511 I/godot   ( 2101): [BAKE] Disk cache HIT: loaded aaa677d8
09-23 18:32:23.514 I/godot   ( 2101): [BAKE] Disk cache HIT: loaded 93993437
09-23 18:32:23.516 I/godot   ( 2101): [BAKE] Disk cache HIT: loaded f533f806
09-23 18:32:23.519 I/godot   ( 2101): [BAKE] Disk cache HIT: loaded 953399a9
09-23 18:32:23.522 I/godot   ( 2101): [BAKE] Disk cache HIT: loaded 0fc056b1
09-23 18:32:23.525 I/godot   ( 2101): [BAKE] Disk cache HIT: loaded 21ab5970
09-23 18:32:23.528 I/godot   ( 2101): [BAKE] Disk cache HIT: loaded ed0b269f
09-23 18:32:23.531 I/godot   ( 2101): [BAKE] Disk cache HIT: loaded 9b8ed3b4
09-23 18:32:23.533 I/godot   ( 2101): [BAKE] Disk cache HIT: loaded 99ce5225
09-23 18:32:23.536 I/godot   ( 2101): [BAKE] Disk cache HIT: loaded 48889b32
09-23 18:32:23.539 I/godot   ( 2101): [BAKE] Disk cache HIT: loaded 1a067eca
09-23 18:32:23.542 I/godot   ( 2101): [BAKE] Disk cache HIT: loaded ec2d411b
09-23 18:32:23.545 I/godot   ( 2101): [BAKE] Disk cache HIT: loaded 4d0c84ec
09-23 18:32:23.547 I/godot   ( 2101): [BAKE] Disk cache HIT: loaded 0054ff2c
09-23 18:32:23.550 I/godot   ( 2101): [BAKE] Disk cache HIT: loaded 9308edbd
09-23 18:32:23.553 I/godot   ( 2101): [BAKE] Disk cache HIT: loaded f98e0a0a
09-23 18:32:23.555 I/godot   ( 2101): [BAKE] Disk cache HIT: loaded bcf9043b
09-23 18:32:23.558 I/godot   ( 2101): [BAKE] Disk cache HIT: loaded ead241ea
09-23 18:32:23.561 I/godot   ( 2101): [BAKE] Disk cache HIT: loaded 90f2b69d
09-23 18:32:23.563 I/godot   ( 2101): [BAKE] Disk cache HIT: loaded 9e92ca16
09-23 18:32:23.566 I/godot   ( 2101): [BAKE] Disk cache HIT: loaded 101b2487
09-23 18:32:23.568 I/godot   ( 2101): [BAKE] Disk cache HIT: loaded caa027f8
09-23 18:32:23.571 I/godot   ( 2101): [BAKE] Disk cache HIT: loaded db3c5d88
09-23 18:32:23.574 I/godot   ( 2101): [BAKE] Disk cache HIT: loaded a7490d89
09-23 18:32:23.576 I/godot   ( 2101): [BAKE] Disk cache HIT: loaded b387b366
09-23 18:32:23.579 I/godot   ( 2101): [BAKE] Disk cache HIT: loaded d51907ad
09-23 18:32:23.582 I/godot   ( 2101): [BAKE] Disk cache HIT: loaded c303b35c
09-23 18:32:23.584 I/godot   ( 2101): [BAKE] Disk cache HIT: loaded 0dc4e64b
09-23 18:32:23.587 I/godot   ( 2101): [BAKE] Disk cache HIT: loaded 6f0d800b
09-23 18:32:23.590 I/godot   ( 2101): [BAKE] Disk cache HIT: loaded 988e09fa
09-23 18:32:23.593 I/godot   ( 2101): [BAKE] Disk cache HIT: loaded 3661a16d
09-23 18:32:23.595 I/godot   ( 2101): [BAKE] Disk cache HIT: loaded 00714a05
09-23 18:32:23.598 I/godot   ( 2101): [BAKE] Disk cache HIT: loaded 758b7114
09-23 18:32:23.601 I/godot   ( 2101): [BAKE] Disk cache HIT: loaded ade11843
09-23 18:32:23.604 I/godot   ( 2101): [BAKE] Disk cache HIT: loaded c99c60fa
09-23 18:32:23.606 I/godot   ( 2101): [BAKE] Disk cache HIT: loaded a01bd70b
09-23 18:32:23.609 I/godot   ( 2101): [BAKE] Disk cache HIT: loaded 555aa41c
09-23 18:32:23.612 I/godot   ( 2101): [BAKE] Disk cache HIT: loaded d172d041
09-23 18:32:23.614 I/godot   ( 2101): [BAKE] Disk cache HIT: loaded 0b443040
09-23 18:32:23.617 I/godot   ( 2101): [BAKE] Disk cache HIT: loaded 63e9bbaf
09-23 18:32:23.620 I/godot   ( 2101): [BAKE] Disk cache HIT: loaded 7dc14c67
09-23 18:32:23.623 I/godot   ( 2101): [BAKE] Disk cache HIT: loaded 324449f6
09-23 18:32:23.625 I/godot   ( 2101): [BAKE] Disk cache HIT: loaded febd1799
09-23 18:32:23.628 I/godot   ( 2101): [BAKE] Disk cache HIT: loaded 80070612
09-23 18:32:23.631 I/godot   ( 2101): [BAKE] Disk cache HIT: loaded d27cb0c3
09-23 18:32:23.634 I/godot   ( 2101): [BAKE] Disk cache HIT: loaded 9a270994
09-23 18:32:23.638 I/godot   ( 2101): [BAKE] Disk cache HIT: loaded 408a168c
09-23 18:32:23.640 I/godot   ( 2101): [BAKE] Disk cache HIT: loaded 5fe45f9d
09-23 18:32:23.643 I/godot   ( 2101): [BAKE] Disk cache HIT: loaded b9c3eaea
09-23 18:32:23.646 I/godot   ( 2101): [BAKE] Disk cache HIT: loaded fb0049ea
09-23 18:32:23.650 I/godot   ( 2101): [BAKE] Disk cache HIT: loaded cd270c3b
09-23 18:32:23.653 I/godot   ( 2101): [BAKE] Disk cache HIT: loaded 81c6758c
09-23 18:32:23.656 I/godot   ( 2101): [BAKE] Disk cache HIT: loaded 725b1a95
09-23 18:32:23.658 I/godot   ( 2101): [BAKE] Disk cache HIT: loaded f41ad2a4
09-23 18:32:23.661 I/godot   ( 2101): [BAKE] Disk cache HIT: loaded 9fca1f53
09-23 18:32:23.664 I/godot   ( 2101): [BAKE] Disk cache HIT: loaded 3ce87820
09-23 18:32:23.667 I/godot   ( 2101): [BAKE] Disk cache HIT: loaded aa5edb21
09-23 18:32:23.670 I/godot   ( 2101): [BAKE] Disk cache HIT: loaded dd6945fe
09-23 18:32:23.672 I/godot   ( 2101): [BAKE] Disk cache HIT: loaded 375c7783
09-23 18:32:23.675 I/godot   ( 2101): [BAKE] Disk cache HIT: loaded e4e6ccd2
09-23 18:32:23.678 I/godot   ( 2101): [BAKE] Disk cache HIT: loaded 89eca945
09-23 18:32:23.681 I/godot   ( 2101): [BAKE] Disk cache HIT: loaded 6f1c8b0d
09-23 18:32:23.684 I/godot   ( 2101): [BAKE] Disk cache HIT: loaded cf23a7bc
09-23 18:32:23.686 I/godot   ( 2101): [BAKE] Disk cache HIT: loaded c269d22b
09-23 18:32:23.689 I/godot   ( 2101): [BAKE] Disk cache HIT: loaded a2f6a7a8
09-23 18:32:23.692 I/godot   ( 2101): [BAKE] Disk cache HIT: loaded f03fc2a9
09-23 18:32:23.695 I/godot   ( 2101): [BAKE] Disk cache HIT: loaded 50402106
09-23 18:32:23.698 I/godot   ( 2101): [BAKE] Disk cache HIT: loaded 170da79e
09-23 18:32:23.701 I/godot   ( 2101): [BAKE] Disk cache HIT: loaded 69d3042f
09-23 18:32:23.703 I/godot   ( 2101): [BAKE] Disk cache HIT: loaded 112d78c0
09-23 18:32:23.706 I/godot   ( 2101): [BAKE] Disk cache HIT: loaded 0bea3be0
09-23 18:32:23.709 I/godot   ( 2101): [BAKE] Disk cache HIT: loaded 79609ee1
09-23 18:32:23.711 I/godot   ( 2101): [BAKE] Disk cache HIT: loaded d8e435be
09-23 18:32:23.714 I/godot   ( 2101): [BAKE] Disk cache HIT: loaded c2f0fe17
09-23 18:32:23.717 I/godot   ( 2101): [BAKE] Disk cache HIT: loaded d0ca0966
09-23 18:32:23.720 I/godot   ( 2101): [BAKE] Disk cache HIT: loaded c48b6389
09-23 18:32:23.723 I/godot   ( 2101): [BAKE] Disk cache HIT: loaded f42ffe0a
09-23 18:32:23.726 I/godot   ( 2101): [BAKE] Disk cache HIT: loaded c656c05b
09-23 18:32:23.729 I/godot   ( 2101): [BAKE] Disk cache HIT: loaded faf6f32c
09-23 18:32:23.732 I/godot   ( 2101): [BAKE] Disk cache HIT: loaded 8e459ee2
09-23 18:32:23.734 I/godot   ( 2101): [BAKE] Disk cache HIT: loaded e0bb4993
09-23 18:32:23.737 I/godot   ( 2101): [BAKE] Disk cache HIT: loaded 350bfce4
09-23 18:32:23.740 I/godot   ( 2101): [BAKE] Disk cache HIT: loaded 22b77a14
09-23 18:32:23.743 I/godot   ( 2101): [BAKE] Disk cache HIT: loaded ad9d5305
09-23 18:32:23.747 I/godot   ( 2101): [BAKE] Disk cache HIT: loaded 08977692
09-23 18:32:23.750 I/godot   ( 2101): [BAKE] Disk cache HIT: loaded 2b3ac651
09-23 18:32:23.752 I/godot   ( 2101): [BAKE] Disk cache HIT: loaded 4b0a2190
09-23 18:32:23.755 I/godot   ( 2101): [BAKE] Disk cache HIT: loaded 1669eebf
09-23 18:32:23.759 I/godot   ( 2101): [BAKE] Disk cache HIT: loaded ddd178df
09-23 18:32:23.762 I/godot   ( 2101): [BAKE] Disk cache HIT: loaded 8bab800e
09-23 18:32:23.765 I/godot   ( 2101): [BAKE] Disk cache HIT: loaded 0086a8f1
09-23 18:32:23.768 I/godot   ( 2101): [BAKE] Disk cache HIT: loaded 078ff8c9
09-23 18:32:23.771 I/godot   ( 2101): [BAKE] Disk cache HIT: loaded 3b8348c8
09-23 18:32:23.774 I/godot   ( 2101): [BAKE] Disk cache HIT: loaded 05f59357
09-23 18:32:23.777 I/godot   ( 2101): [BAKE] Disk cache HIT: loaded fa29a4f6
09-23 18:32:23.780 I/godot   ( 2101): [BAKE] Disk cache HIT: loaded 45a6a767
09-23 18:32:23.783 I/godot   ( 2101): [BAKE] Disk cache HIT: loaded 79f72858
09-23 18:32:23.786 I/godot   ( 2101): [BAKE] Disk cache HIT: loaded c43fb14b
09-23 18:32:23.788 I/godot   ( 2101): [BAKE] Disk cache HIT: loaded 72b7893a
09-23 18:32:23.791 I/godot   ( 2101): [BAKE] Disk cache HIT: loaded 8b93d2ad
09-23 18:32:23.794 I/godot   ( 2101): [BAKE] Disk cache HIT: loaded 3c0fdd7d
09-23 18:32:23.797 I/godot   ( 2101): [BAKE] Disk cache HIT: loaded 50a3b1ec
09-23 18:32:23.799 I/godot   ( 2101): [BAKE] Disk cache HIT: loaded efc46e1b
09-23 18:32:23.802 I/godot   ( 2101): [BAKE] Disk cache HIT: loaded 5d243053
09-23 18:32:23.805 I/godot   ( 2101): [BAKE] Disk cache HIT: loaded 0aae85a2
09-23 18:32:23.808 I/godot   ( 2101): [BAKE] Disk cache HIT: loaded 2fb52b95
09-23 18:32:23.811 I/godot   ( 2101): [BAKE] Disk cache HIT: loaded dcc1c5e6
09-23 18:32:23.813 I/godot   ( 2101): [BAKE] Disk cache HIT: loaded cee8ba97
09-23 18:32:23.816 I/godot   ( 2101): [BAKE] Disk cache HIT: loaded 04767008
09-23 18:32:23.819 I/godot   ( 2101): [BAKE] Disk cache HIT: loaded e8344460
09-23 18:32:23.822 I/godot   ( 2101): [BAKE] Disk cache HIT: loaded 55aaa761
09-23 18:32:23.825 I/godot   ( 2101): [BAKE] Disk cache HIT: loaded b52e3e3e
09-23 18:32:23.827 I/godot   ( 2101): [BAKE] Disk cache HIT: loaded 3ac39f1e
09-23 18:32:23.830 I/godot   ( 2101): [BAKE] Disk cache HIT: loaded 8d88fbaf
09-23 18:32:23.833 I/godot   ( 2101): [BAKE] Disk cache HIT: loaded 34e37040
09-23 18:32:23.835 I/godot   ( 2101): [BAKE] Disk cache HIT: loaded ae9fd721
09-23 18:32:23.838 I/godot   ( 2101): [BAKE] Disk cache HIT: loaded 41297420
09-23 18:32:23.841 I/godot   ( 2101): [BAKE] Disk cache HIT: loaded 8beaa70f
09-23 18:32:23.844 I/godot   ( 2101): [BAKE] Disk cache HIT: loaded 991789cc
09-23 18:32:23.846 I/godot   ( 2101): [BAKE] Disk cache HIT: loaded b871d2dd
09-23 18:32:23.849 I/godot   ( 2101): [BAKE] Disk cache HIT: loaded b999212a
09-23 18:32:23.852 I/godot   ( 2101): [BAKE] Disk cache HIT: loaded 5e0bedbc
09-23 18:32:23.855 I/godot   ( 2101): [BAKE] Disk cache HIT: loaded fe04d10d
09-23 18:32:23.859 I/godot   ( 2101): [BAKE] Disk cache HIT: loaded 7e8d851a
09-23 18:32:23.862 I/godot   ( 2101): [BAKE] Disk cache HIT: loaded f0cbacc5
09-23 18:32:23.865 I/godot   ( 2101): [BAKE] Disk cache HIT: loaded 65e5d3d4
09-23 18:32:23.868 I/godot   ( 2101): [BAKE] Disk cache HIT: loaded 9e3b7b03
09-23 18:32:23.871 I/godot   ( 2101): [BAKE] Disk cache HIT: loaded fe7ed17f
09-23 18:32:23.874 I/godot   ( 2101): [BAKE] Disk cache HIT: loaded 0018fe2e
09-23 18:32:23.878 I/godot   ( 2101): [BAKE] Disk cache HIT: loaded 6c07e611
09-23 18:32:23.881 I/godot   ( 2101): [BAKE] Disk cache HIT: loaded f8617f42
09-23 18:32:23.884 I/godot   ( 2101): [BAKE] Disk cache HIT: loaded a2523273
09-23 18:32:23.887 I/godot   ( 2101): [BAKE] Disk cache HIT: loaded 241f2b44
09-23 18:32:23.890 I/godot   ( 2101): [BAKE] Disk cache HIT: loaded 43e30398
09-23 18:32:23.893 I/godot   ( 2101): [BAKE] Disk cache HIT: loaded 908e4dd9
09-23 18:32:23.896 I/godot   ( 2101): [BAKE] Disk cache HIT: loaded 1ccdbd36
09-23 18:32:23.899 I/godot   ( 2101): [BAKE] Disk cache HIT: loaded 9bc17792
09-23 18:32:23.902 I/godot   ( 2101): [BAKE] Disk cache HIT: loaded ee372243
09-23 18:32:23.904 I/godot   ( 2101): [BAKE] Disk cache HIT: loaded b5e17b14
09-23 18:32:23.907 I/godot   ( 2101): [BAKE] Disk cache HIT: loaded 8af654d1
09-23 18:32:23.910 I/godot   ( 2101): [BAKE] Disk cache HIT: loaded aac5b010
09-23 18:32:23.913 I/godot   ( 2101): [BAKE] Disk cache HIT: loaded 76257d3f
09-23 18:32:23.916 I/godot   ( 2101): [BAKE] Disk cache HIT: loaded 97f724ec
09-23 18:32:23.919 I/godot   ( 2101): [BAKE] Disk cache HIT: loaded 8363507d
09-23 18:32:23.922 I/godot   ( 2101): [BAKE] Disk cache HIT: loaded 64f11eca
09-23 18:32:23.925 I/godot   ( 2101): [BAKE] Disk cache HIT: loaded 02300d3e
09-23 18:32:23.928 I/godot   ( 2101): [BAKE] Disk cache HIT: loaded 53b8354f
09-23 18:32:23.931 I/godot   ( 2101): [BAKE] Disk cache HIT: loaded 35361360
09-23 18:32:23.934 I/godot   ( 2101): [BAKE] Disk cache HIT: loaded cc7a3463
09-23 18:32:23.938 I/godot   ( 2101): [BAKE] Disk cache HIT: loaded cf01e3b2
09-23 18:32:23.941 I/godot   ( 2101): [BAKE] Disk cache HIT: loaded 20479aa5
09-23 18:32:23.943 I/godot   ( 2101): [BAKE] Disk cache HIT: loaded a4e028c1
09-23 18:32:23.946 I/godot   ( 2101): [BAKE] Disk cache HIT: loaded deb188c0
09-23 18:32:23.949 I/godot   ( 2101): [BAKE] Disk cache HIT: loaded 3757142f
09-23 18:32:23.951 I/godot   ( 2101): [BAKE] Disk cache HIT: loaded 37935b73
09-23 18:32:23.954 I/godot   ( 2101): [BAKE] Disk cache HIT: loaded 8da2a842
09-23 18:32:23.957 I/godot   ( 2101): [BAKE] Disk cache HIT: loaded 8b60c1b5
09-23 18:32:23.961 I/godot   ( 2101): [BAKE] Disk cache HIT: loaded 02b23628
09-23 18:32:23.963 I/godot   ( 2101): [BAKE] Disk cache HIT: loaded 4ffb5129
09-23 18:32:23.966 I/godot   ( 2101): [BAKE] Disk cache HIT: loaded affbaf86
09-23 18:32:23.969 I/godot   ( 2101): [BAKE] Disk cache HIT: loaded b9cd8a6b
09-23 18:32:23.971 I/godot   ( 2101): [BAKE] Disk cache HIT: loaded e708f75a
09-23 18:32:23.974 I/godot   ( 2101): [BAKE] Disk cache HIT: loaded 0dc8064d
09-23 18:32:23.977 I/godot   ( 2101): [BAKE] Disk cache HIT: loaded cefc66e9
09-23 18:32:23.979 I/godot   ( 2101): [BAKE] Disk cache HIT: loaded 28fb0ee8
09-23 18:32:23.982 I/godot   ( 2101): [BAKE] Disk cache HIT: loaded 74a9c477
09-23 18:32:23.984 I/godot   ( 2101): [BAKE] Disk cache HIT: loaded 4a4da5e4
09-23 18:32:23.987 I/godot   ( 2101): [BAKE] Disk cache HIT: loaded 21462ad5
09-23 18:32:23.990 I/godot   ( 2101): [BAKE] Disk cache HIT: loaded a38747e2
09-23 18:32:23.993 I/godot   ( 2101): [BAKE] Disk cache HIT: loaded 72002296
09-23 18:32:23.996 I/godot   ( 2101): [BAKE] Disk cache HIT: loaded e3887d07
09-23 18:32:23.998 I/godot   ( 2101): [BAKE] Disk cache HIT: loaded 9e0d8078
09-23 18:32:24.001 I/godot   ( 2101): [BAKE] Disk cache HIT: loaded b7494534
09-23 18:32:24.004 I/godot   ( 2101): [BAKE] Disk cache HIT: loaded b588c3a5
09-23 18:32:24.006 I/godot   ( 2101): [BAKE] Disk cache HIT: loaded 64430cb2
09-23 18:32:24.009 I/godot   ( 2101): [BAKE] Disk cache HIT: loaded cae2dc07
09-23 18:32:24.012 I/godot   ( 2101): [BAKE] Disk cache HIT: loaded 595a8196
09-23 18:32:24.014 I/godot   ( 2101): [BAKE] Disk cache HIT: loaded b279a9b9
09-23 18:32:24.017 I/godot   ( 2101): [BAKE] Disk cache HIT: loaded de015d02
09-23 18:32:24.020 I/godot   ( 2101): [BAKE] Disk cache HIT: loaded 2f39d333
09-23 18:32:24.023 I/godot   ( 2101): [BAKE] Disk cache HIT: loaded 84c7bb04
09-23 18:32:24.026 I/godot   ( 2101): [BAKE] Disk cache HIT: loaded 9925edef
09-23 18:32:24.028 I/godot   ( 2101): [BAKE] Disk cache HIT: loaded 4660915e
09-23 18:32:24.031 I/godot   ( 2101): [BAKE] Disk cache HIT: loaded adf6c581
09-23 18:32:24.034 I/godot   ( 2101): [BAKE] Disk cache HIT: loaded db105109
09-23 18:32:24.037 I/godot   ( 2101): [BAKE] Disk cache HIT: loaded 0f03a108
09-23 18:32:24.039 I/godot   ( 2101): [BAKE] Disk cache HIT: loaded d975eb97
09-23 18:32:24.042 I/godot   ( 2101): [BAKE] Disk cache HIT: loaded 78a85bfc
09-23 18:32:24.045 I/godot   ( 2101): [BAKE] Disk cache HIT: loaded 18a13f4d
09-23 18:32:24.048 I/godot   ( 2101): [BAKE] Disk cache HIT: loaded f1e2305a
09-23 18:32:24.051 I/godot   ( 2101): [BAKE] Disk cache HIT: loaded 4d0a65c2
09-23 18:32:24.053 I/godot   ( 2101): [BAKE] Disk cache HIT: loaded f6fb18f3
09-23 18:32:24.056 I/godot   ( 2101): [BAKE] Disk cache HIT: loaded 78c811c4
09-23 18:32:24.059 I/godot   ( 2101): [BAKE] Disk cache HIT: loaded a78c2364
09-23 18:32:24.062 I/godot   ( 2101): [BAKE] Disk cache HIT: loaded 7e84a855
09-23 18:32:24.065 I/godot   ( 2101): [BAKE] Disk cache HIT: loaded 00c5c562
09-23 18:32:24.068 I/godot   ( 2101): [BAKE] Disk cache HIT: loaded 2db3fd43
09-23 18:32:24.071 I/godot   ( 2101): [BAKE] Disk cache HIT: loaded db3e5292
09-23 18:32:24.074 I/godot   ( 2101): [BAKE] Disk cache HIT: loaded 80442f05
09-23 18:32:24.077 I/godot   ( 2101): [BAKE] Disk cache HIT: loaded 94daf0a6
09-23 18:32:24.080 I/godot   ( 2101): [BAKE] Disk cache HIT: loaded dfba2257
09-23 18:32:24.082 I/godot   ( 2101): [BAKE] Disk cache HIT: loaded 1547d7c8
09-23 18:32:24.085 I/godot   ( 2101): [BAKE] Disk cache HIT: loaded 441eecae
09-23 18:32:24.088 I/godot   ( 2101): [BAKE] Disk cache HIT: loaded 4284bfff
09-23 18:32:24.091 I/godot   ( 2101): [BAKE] Disk cache HIT: loaded cfdd2fd0
09-23 18:32:24.093 I/godot   ( 2101): [BAKE] Disk cache HIT: loaded 3822d120
09-23 18:32:24.096 I/godot   ( 2101): [BAKE] Disk cache HIT: loaded a5993421
09-23 18:32:24.099 I/godot   ( 2101): [BAKE] Disk cache HIT: loaded d8a39efe
09-23 18:32:24.102 I/godot   ( 2101): [BAKE] Disk cache HIT: loaded 7dbcbe55
09-23 18:32:24.104 I/godot   ( 2101): [BAKE] Disk cache HIT: loaded a6c43964
09-23 18:32:24.107 I/godot   ( 2101): [BAKE] Disk cache HIT: loaded 52738613
09-23 18:32:24.110 I/godot   ( 2101): [BAKE] Disk cache HIT: loaded 21231ae3
09-23 18:32:24.113 I/godot   ( 2101): [BAKE] Disk cache HIT: loaded 23aaca32
09-23 18:32:24.115 I/godot   ( 2101): [BAKE] Disk cache HIT: loaded 74f08125
09-23 18:32:24.119 I/godot   ( 2101): [BAKE] Disk cache HIT: loaded 3b0bc8dd
09-23 18:32:24.121 I/godot   ( 2101): [BAKE] Disk cache HIT: loaded 1bb17fcc
09-23 18:32:24.124 I/godot   ( 2101): [BAKE] Disk cache HIT: loaded 0e59d97b
09-23 18:32:24.127 I/godot   ( 2101): [BAKE] Disk cache HIT: loaded dd5561a2
09-23 18:32:24.130 I/godot   ( 2101): [BAKE] Disk cache HIT: loaded 2fcb0c53
09-23 18:32:24.133 I/godot   ( 2101): [BAKE] Disk cache HIT: loaded 841bbfa4
09-23 18:32:24.137 I/godot   ( 2101): [BAKE] Disk cache HIT: loaded 269bba47
09-23 18:32:24.140 I/godot   ( 2101): [BAKE] Disk cache HIT: loaded b5135fd6
09-23 18:32:24.143 I/godot   ( 2101): [BAKE] Disk cache HIT: loaded b57a4af9
09-23 18:32:24.146 I/godot   ( 2101): [BAKE] Disk cache HIT: loaded e5a9a719
09-23 18:32:24.148 I/godot   ( 2101): [BAKE] Disk cache HIT: loaded 98fe5cd8
09-23 18:32:24.151 I/godot   ( 2101): [BAKE] Disk cache HIT: loaded 64addbe7
09-23 18:32:24.154 I/godot   ( 2101): [BAKE] Disk cache HIT: loaded 0146d99f
09-23 18:32:24.157 I/godot   ( 2101): [BAKE] Disk cache HIT: loaded af20e0ce
09-23 18:32:24.159 I/godot   ( 2101): [BAKE] Disk cache HIT: loaded 23fc09b1
09-23 18:32:24.162 I/godot   ( 2101): [BAKE] Disk cache HIT: loaded 7fa109ba
09-23 18:32:24.165 I/godot   ( 2101): [BAKE] Disk cache HIT: loaded d12931cb
09-23 18:32:24.167 I/godot   ( 2101): [BAKE] Disk cache HIT: loaded 8667fedc
09-23 18:32:24.170 I/godot   ( 2101): [BAKE] Disk cache HIT: loaded 9ef68c64
09-23 18:32:24.173 I/godot   ( 2101): [BAKE] Disk cache HIT: loaded 75ef1155
09-23 18:32:24.176 I/godot   ( 2101): [BAKE] Disk cache HIT: loaded f8302e62
09-23 18:32:24.179 I/godot   ( 2101): [BAKE] Disk cache HIT: loaded 559ffcc2
09-23 18:32:24.182 I/godot   ( 2101): [BAKE] Disk cache HIT: loaded ff90aff3
09-23 18:32:24.185 I/godot   ( 2101): [BAKE] Disk cache HIT: loaded 815da8c4
09-23 18:32:24.188 I/godot   ( 2101): [BAKE] Disk cache HIT: loaded dd0a683d
09-23 18:32:24.190 I/godot   ( 2101): [BAKE] Disk cache HIT: loaded 4a5679ac
09-23 18:32:24.193 I/godot   ( 2101): [BAKE] Disk cache HIT: loaded 15b646db
09-23 18:32:24.196 I/godot   ( 2101): [BAKE] Disk cache HIT: loaded d973c668
09-23 18:32:24.199 I/godot   ( 2101): [BAKE] Disk cache HIT: loaded 7f751e69
09-23 18:32:24.202 I/godot   ( 2101): [BAKE] Disk cache HIT: loaded b2fc50c6
09-23 18:32:24.204 I/godot   ( 2101): [BAKE] Disk cache HIT: loaded 01598f48
09-23 18:32:24.207 I/godot   ( 2101): [BAKE] Disk cache HIT: loaded cd663f49
09-23 18:32:24.210 I/godot   ( 2101): [BAKE] Disk cache HIT: loaded 80eca826
09-23 18:32:24.212 I/godot   ( 2101): [BAKE] Disk cache MISS: file not found /data/data/com.example.infiltraitor/files/damage_atom_cache/dc910c0e.bin
09-23 18:32:24.214 I/godot   ( 2101): [BAKE] Disk cache MISS: file not found /data/data/com.example.infiltraitor/files/damage_atom_cache/2eb704df.bin
09-23 18:32:24.217 I/godot   ( 2101): [BAKE] Disk cache MISS: file not found /data/data/com.example.infiltraitor/files/damage_atom_cache/635737b0.bin
09-23 18:32:24.219 I/godot   ( 2101): [BAKE] Disk cache MISS: file not found /data/data/com.example.infiltraitor/files/damage_atom_cache/96667239.bin
09-23 18:32:24.221 I/godot   ( 2101): [BAKE] Disk cache MISS: file not found /data/data/com.example.infiltraitor/files/damage_atom_cache/6954a7f8.bin
09-23 18:32:24.222 I/godot   ( 2101): [BAKE] Disk cache MISS: file not found /data/data/com.example.infiltraitor/files/damage_atom_cache/aecfa487.bin
09-23 18:32:24.224 I/godot   ( 2101): [BAKE] Disk cache MISS: file not found /data/data/com.example.infiltraitor/files/damage_atom_cache/b6e72c0c.bin
09-23 18:32:24.226 I/godot   ( 2101): [BAKE] Disk cache MISS: file not found /data/data/com.example.infiltraitor/files/damage_atom_cache/d641751d.bin
09-23 18:32:24.228 I/godot   ( 2101): [BAKE] Disk cache MISS: file not found /data/data/com.example.infiltraitor/files/damage_atom_cache/3021006a.bin
09-23 18:32:24.230 I/godot   ( 2101): [BAKE] Disk cache MISS: file not found /data/data/com.example.infiltraitor/files/damage_atom_cache/3c0a4a83.bin
09-23 18:32:24.232 I/godot   ( 2101): [BAKE] Disk cache MISS: file not found /data/data/com.example.infiltraitor/files/damage_atom_cache/e9949fd2.bin
09-23 18:32:24.234 I/godot   ( 2101): [BAKE] Disk cache MISS: file not found /data/data/com.example.infiltraitor/files/damage_atom_cache/8e9a7c45.bin
09-23 18:32:24.236 I/godot   ( 2101): [BAKE] Disk cache MISS: file not found /data/data/com.example.infiltraitor/files/damage_atom_cache/96667239.bin
09-23 18:32:24.238 I/godot   ( 2101): [BAKE] Disk cache MISS: file not found /data/data/com.example.infiltraitor/files/damage_atom_cache/6954a7f8.bin
09-23 18:32:24.240 I/godot   ( 2101): [BAKE] Disk cache MISS: file not found /data/data/com.example.infiltraitor/files/damage_atom_cache/aecfa487.bin
09-23 18:32:24.242 I/godot   ( 2101): [BAKE] Disk cache MISS: file not found /data/data/com.example.infiltraitor/files/damage_atom_cache/b6e72c0c.bin
09-23 18:32:24.243 I/godot   ( 2101): [BAKE] Disk cache MISS: file not found /data/data/com.example.infiltraitor/files/damage_atom_cache/d641751d.bin
09-23 18:32:24.245 I/godot   ( 2101): [BAKE] Disk cache MISS: file not found /data/data/com.example.infiltraitor/files/damage_atom_cache/3021006a.bin
09-23 18:32:24.247 I/godot   ( 2101): [BAKE] Disk cache MISS: file not found /data/data/com.example.infiltraitor/files/damage_atom_cache/dc910c0e.bin
09-23 18:32:24.248 I/godot   ( 2101): [BAKE] Disk cache MISS: file not found /data/data/com.example.infiltraitor/files/damage_atom_cache/2eb704df.bin
09-23 18:32:24.250 I/godot   ( 2101): [BAKE] Disk cache MISS: file not found /data/data/com.example.infiltraitor/files/damage_atom_cache/635737b0.bin
09-23 18:32:24.252 I/godot   ( 2101): [BAKE] Disk cache MISS: file not found /data/data/com.example.infiltraitor/files/damage_atom_cache/96667239.bin
09-23 18:32:24.254 I/godot   ( 2101): [BAKE] Disk cache MISS: file not found /data/data/com.example.infiltraitor/files/damage_atom_cache/6954a7f8.bin
09-23 18:32:24.256 I/godot   ( 2101): [BAKE] Disk cache MISS: file not found /data/data/com.example.infiltraitor/files/damage_atom_cache/aecfa487.bin
09-23 18:32:24.257 I/godot   ( 2101): [BAKE] Disk cache MISS: file not found /data/data/com.example.infiltraitor/files/damage_atom_cache/b6e72c0c.bin
09-23 18:32:24.259 I/godot   ( 2101): [BAKE] Disk cache MISS: file not found /data/data/com.example.infiltraitor/files/damage_atom_cache/d641751d.bin
09-23 18:32:24.261 I/godot   ( 2101): [BAKE] Disk cache MISS: file not found /data/data/com.example.infiltraitor/files/damage_atom_cache/3021006a.bin
09-23 18:32:24.263 I/godot   ( 2101): [BAKE] Disk cache MISS: file not found /data/data/com.example.infiltraitor/files/damage_atom_cache/3c0a4a83.bin
09-23 18:32:24.264 I/godot   ( 2101): [BAKE] Disk cache MISS: file not found /data/data/com.example.infiltraitor/files/damage_atom_cache/e9949fd2.bin
09-23 18:32:24.266 I/godot   ( 2101): [BAKE] Disk cache MISS: file not found /data/data/com.example.infiltraitor/files/damage_atom_cache/8e9a7c45.bin
09-23 18:32:24.267 I/godot   ( 2101): [BAKE] Disk cache MISS: file not found /data/data/com.example.infiltraitor/files/damage_atom_cache/96667239.bin
09-23 18:32:24.269 I/godot   ( 2101): [BAKE] Disk cache MISS: file not found /data/data/com.example.infiltraitor/files/damage_atom_cache/6954a7f8.bin
09-23 18:32:24.271 I/godot   ( 2101): [BAKE] Disk cache MISS: file not found /data/data/com.example.infiltraitor/files/damage_atom_cache/aecfa487.bin
09-23 18:32:24.272 I/godot   ( 2101): [BAKE] Disk cache MISS: file not found /data/data/com.example.infiltraitor/files/damage_atom_cache/b6e72c0c.bin
09-23 18:32:24.274 I/godot   ( 2101): [BAKE] Disk cache MISS: file not found /data/data/com.example.infiltraitor/files/damage_atom_cache/d641751d.bin
09-23 18:32:24.276 I/godot   ( 2101): [BAKE] Disk cache MISS: file not found /data/data/com.example.infiltraitor/files/damage_atom_cache/3021006a.bin
09-23 18:32:24.278 I/godot   ( 2101): [BAKE] Disk cache MISS: file not found /data/data/com.example.infiltraitor/files/damage_atom_cache/dc910c0e.bin
09-23 18:32:24.280 I/godot   ( 2101): [BAKE] Disk cache MISS: file not found /data/data/com.example.infiltraitor/files/damage_atom_cache/2eb704df.bin
09-23 18:32:24.281 I/godot   ( 2101): [BAKE] Disk cache MISS: file not found /data/data/com.example.infiltraitor/files/damage_atom_cache/635737b0.bin
09-23 18:32:24.283 I/godot   ( 2101): [BAKE] Disk cache MISS: file not found /data/data/com.example.infiltraitor/files/damage_atom_cache/96667239.bin
09-23 18:32:24.285 I/godot   ( 2101): [BAKE] Disk cache MISS: file not found /data/data/com.example.infiltraitor/files/damage_atom_cache/6954a7f8.bin
09-23 18:32:24.286 I/godot   ( 2101): [BAKE] Disk cache MISS: file not found /data/data/com.example.infiltraitor/files/damage_atom_cache/aecfa487.bin
09-23 18:32:24.288 I/godot   ( 2101): [BAKE] Disk cache MISS: file not found /data/data/com.example.infiltraitor/files/damage_atom_cache/b6e72c0c.bin
09-23 18:32:24.290 I/godot   ( 2101): [BAKE] Disk cache MISS: file not found /data/data/com.example.infiltraitor/files/damage_atom_cache/d641751d.bin
09-23 18:32:24.291 I/godot   ( 2101): [BAKE] Disk cache MISS: file not found /data/data/com.example.infiltraitor/files/damage_atom_cache/3021006a.bin
09-23 18:32:24.293 I/godot   ( 2101): [BAKE] Disk cache MISS: file not found /data/data/com.example.infiltraitor/files/damage_atom_cache/3c0a4a83.bin
09-23 18:32:24.295 I/godot   ( 2101): [BAKE] Disk cache MISS: file not found /data/data/com.example.infiltraitor/files/damage_atom_cache/e9949fd2.bin
09-23 18:32:24.297 I/godot   ( 2101): [BAKE] Disk cache MISS: file not found /data/data/com.example.infiltraitor/files/damage_atom_cache/8e9a7c45.bin
09-23 18:32:24.299 I/godot   ( 2101): [BAKE] Disk cache MISS: file not found /data/data/com.example.infiltraitor/files/damage_atom_cache/96667239.bin
09-23 18:32:24.300 I/godot   ( 2101): [BAKE] Disk cache MISS: file not found /data/data/com.example.infiltraitor/files/damage_atom_cache/6954a7f8.bin
09-23 18:32:24.302 I/godot   ( 2101): [BAKE] Disk cache MISS: file not found /data/data/com.example.infiltraitor/files/damage_atom_cache/aecfa487.bin
09-23 18:32:24.303 I/godot   ( 2101): [BAKE] Disk cache MISS: file not found /data/data/com.example.infiltraitor/files/damage_atom_cache/b6e72c0c.bin
09-23 18:32:24.305 I/godot   ( 2101): [BAKE] Disk cache MISS: file not found /data/data/com.example.infiltraitor/files/damage_atom_cache/d641751d.bin
09-23 18:32:24.307 I/godot   ( 2101): [BAKE] Disk cache MISS: file not found /data/data/com.example.infiltraitor/files/damage_atom_cache/3021006a.bin
09-23 18:32:24.309 I/godot   ( 2101): [BAKE] Disk cache MISS: file not found /data/data/com.example.infiltraitor/files/damage_atom_cache/fa046aa8.bin
09-23 18:32:24.310 I/godot   ( 2101): [BAKE] Disk cache MISS: file not found /data/data/com.example.infiltraitor/files/damage_atom_cache/474d85a9.bin
09-23 18:32:24.312 I/godot   ( 2101): [BAKE] Disk cache MISS: file not found /data/data/com.example.infiltraitor/files/damage_atom_cache/a74de406.bin
09-23 18:32:24.314 I/godot   ( 2101): [BAKE] Disk cache MISS: file not found /data/data/com.example.infiltraitor/files/damage_atom_cache/112c1c4b.bin
09-23 18:32:24.316 I/godot   ( 2101): [BAKE] Disk cache MISS: file not found /data/data/com.example.infiltraitor/files/damage_atom_cache/bfa3f43a.bin
09-23 18:32:24.318 I/godot   ( 2101): [BAKE] Disk cache MISS: file not found /data/data/com.example.infiltraitor/files/damage_atom_cache/d8803dad.bin
09-23 18:32:24.320 I/godot   ( 2101): [BAKE] Disk cache MISS: file not found /data/data/com.example.infiltraitor/files/damage_atom_cache/bd68f70e.bin
09-23 18:32:24.322 I/godot   ( 2101): [BAKE] Disk cache MISS: file not found /data/data/com.example.infiltraitor/files/damage_atom_cache/0f8eefdf.bin
09-23 18:32:24.324 I/godot   ( 2101): [BAKE] Disk cache MISS: file not found /data/data/com.example.infiltraitor/files/damage_atom_cache/442f22b0.bin
09-23 18:32:24.325 I/godot   ( 2101): [BAKE] Disk cache MISS: file not found /data/data/com.example.infiltraitor/files/damage_atom_cache/6b0acc9d.bin
09-23 18:32:24.327 I/godot   ( 2101): [BAKE] Disk cache MISS: file not found /data/data/com.example.infiltraitor/files/damage_atom_cache/4bb0838c.bin
09-23 18:32:24.329 I/godot   ( 2101): [BAKE] Disk cache MISS: file not found /data/data/com.example.infiltraitor/files/damage_atom_cache/97111a3b.bin
09-23 18:32:24.331 I/godot   ( 2101): [BAKE] Disk cache MISS: file not found /data/data/com.example.infiltraitor/files/damage_atom_cache/112c1c4b.bin
09-23 18:32:24.333 I/godot   ( 2101): [BAKE] Disk cache MISS: file not found /data/data/com.example.infiltraitor/files/damage_atom_cache/bfa3f43a.bin
09-23 18:32:24.334 I/godot   ( 2101): [BAKE] Disk cache MISS: file not found /data/data/com.example.infiltraitor/files/damage_atom_cache/d8803dad.bin
09-23 18:32:24.336 I/godot   ( 2101): [BAKE] Disk cache MISS: file not found /data/data/com.example.infiltraitor/files/damage_atom_cache/bd68f70e.bin
09-23 18:32:24.338 I/godot   ( 2101): [BAKE] Disk cache MISS: file not found /data/data/com.example.infiltraitor/files/damage_atom_cache/0f8eefdf.bin
09-23 18:32:24.340 I/godot   ( 2101): [BAKE] Disk cache MISS: file not found /data/data/com.example.infiltraitor/files/damage_atom_cache/442f22b0.bin
09-23 18:32:24.342 I/godot   ( 2101): [BAKE] Disk cache MISS: file not found /data/data/com.example.infiltraitor/files/damage_atom_cache/fa046aa8.bin
09-23 18:32:24.344 I/godot   ( 2101): [BAKE] Disk cache MISS: file not found /data/data/com.example.infiltraitor/files/damage_atom_cache/474d85a9.bin
09-23 18:32:24.346 I/godot   ( 2101): [BAKE] Disk cache MISS: file not found /data/data/com.example.infiltraitor/files/damage_atom_cache/a74de406.bin
09-23 18:32:24.348 I/godot   ( 2101): [BAKE] Disk cache MISS: file not found /data/data/com.example.infiltraitor/files/damage_atom_cache/112c1c4b.bin
09-23 18:32:24.350 I/godot   ( 2101): [BAKE] Disk cache MISS: file not found /data/data/com.example.infiltraitor/files/damage_atom_cache/bfa3f43a.bin
09-23 18:32:24.351 I/godot   ( 2101): [BAKE] Disk cache MISS: file not found /data/data/com.example.infiltraitor/files/damage_atom_cache/d8803dad.bin
09-23 18:32:24.353 I/godot   ( 2101): [BAKE] Disk cache MISS: file not found /data/data/com.example.infiltraitor/files/damage_atom_cache/bd68f70e.bin
09-23 18:32:24.355 I/godot   ( 2101): [BAKE] Disk cache MISS: file not found /data/data/com.example.infiltraitor/files/damage_atom_cache/0f8eefdf.bin
09-23 18:32:24.357 I/godot   ( 2101): [BAKE] Disk cache MISS: file not found /data/data/com.example.infiltraitor/files/damage_atom_cache/442f22b0.bin
09-23 18:32:24.359 I/godot   ( 2101): [BAKE] Disk cache MISS: file not found /data/data/com.example.infiltraitor/files/damage_atom_cache/6b0acc9d.bin
09-23 18:32:24.361 I/godot   ( 2101): [BAKE] Disk cache MISS: file not found /data/data/com.example.infiltraitor/files/damage_atom_cache/4bb0838c.bin
09-23 18:32:24.362 I/godot   ( 2101): [BAKE] Disk cache MISS: file not found /data/data/com.example.infiltraitor/files/damage_atom_cache/97111a3b.bin
09-23 18:32:24.364 I/godot   ( 2101): [BAKE] Disk cache MISS: file not found /data/data/com.example.infiltraitor/files/damage_atom_cache/112c1c4b.bin
09-23 18:32:24.366 I/godot   ( 2101): [BAKE] Disk cache MISS: file not found /data/data/com.example.infiltraitor/files/damage_atom_cache/bfa3f43a.bin
09-23 18:32:24.367 I/godot   ( 2101): [BAKE] Disk cache MISS: file not found /data/data/com.example.infiltraitor/files/damage_atom_cache/d8803dad.bin
09-23 18:32:24.369 I/godot   ( 2101): [BAKE] Disk cache MISS: file not found /data/data/com.example.infiltraitor/files/damage_atom_cache/bd68f70e.bin
09-23 18:32:24.371 I/godot   ( 2101): [BAKE] Disk cache MISS: file not found /data/data/com.example.infiltraitor/files/damage_atom_cache/0f8eefdf.bin
09-23 18:32:24.372 I/godot   ( 2101): [BAKE] Disk cache MISS: file not found /data/data/com.example.infiltraitor/files/damage_atom_cache/442f22b0.bin
09-23 18:32:24.374 I/godot   ( 2101): [BAKE] Disk cache MISS: file not found /data/data/com.example.infiltraitor/files/damage_atom_cache/fa046aa8.bin
09-23 18:32:24.376 I/godot   ( 2101): [BAKE] Disk cache MISS: file not found /data/data/com.example.infiltraitor/files/damage_atom_cache/474d85a9.bin
09-23 18:32:24.378 I/godot   ( 2101): [BAKE] Disk cache MISS: file not found /data/data/com.example.infiltraitor/files/damage_atom_cache/a74de406.bin
09-23 18:32:24.380 I/godot   ( 2101): [BAKE] Disk cache MISS: file not found /data/data/com.example.infiltraitor/files/damage_atom_cache/112c1c4b.bin
09-23 18:32:24.382 I/godot   ( 2101): [BAKE] Disk cache MISS: file not found /data/data/com.example.infiltraitor/files/damage_atom_cache/bfa3f43a.bin
09-23 18:32:24.383 I/godot   ( 2101): [BAKE] Disk cache MISS: file not found /data/data/com.example.infiltraitor/files/damage_atom_cache/d8803dad.bin
09-23 18:32:24.385 I/godot   ( 2101): [BAKE] Disk cache MISS: file not found /data/data/com.example.infiltraitor/files/damage_atom_cache/bd68f70e.bin
09-23 18:32:24.387 I/godot   ( 2101): [BAKE] Disk cache MISS: file not found /data/data/com.example.infiltraitor/files/damage_atom_cache/0f8eefdf.bin
09-23 18:32:24.389 I/godot   ( 2101): [BAKE] Disk cache MISS: file not found /data/data/com.example.infiltraitor/files/damage_atom_cache/442f22b0.bin
09-23 18:32:24.390 I/godot   ( 2101): [BAKE] Disk cache MISS: file not found /data/data/com.example.infiltraitor/files/damage_atom_cache/6b0acc9d.bin
09-23 18:32:24.392 I/godot   ( 2101): [BAKE] Disk cache MISS: file not found /data/data/com.example.infiltraitor/files/damage_atom_cache/4bb0838c.bin
09-23 18:32:24.394 I/godot   ( 2101): [BAKE] Disk cache MISS: file not found /data/data/com.example.infiltraitor/files/damage_atom_cache/97111a3b.bin
09-23 18:32:24.396 I/godot   ( 2101): [BAKE] Disk cache MISS: file not found /data/data/com.example.infiltraitor/files/damage_atom_cache/112c1c4b.bin
09-23 18:32:24.398 I/godot   ( 2101): [BAKE] Disk cache MISS: file not found /data/data/com.example.infiltraitor/files/damage_atom_cache/bfa3f43a.bin
09-23 18:32:24.400 I/godot   ( 2101): [BAKE] Disk cache MISS: file not found /data/data/com.example.infiltraitor/files/damage_atom_cache/d8803dad.bin
09-23 18:32:24.402 I/godot   ( 2101): [BAKE] Disk cache MISS: file not found /data/data/com.example.infiltraitor/files/damage_atom_cache/bd68f70e.bin
09-23 18:32:24.403 I/godot   ( 2101): [BAKE] Disk cache MISS: file not found /data/data/com.example.infiltraitor/files/damage_atom_cache/0f8eefdf.bin
09-23 18:32:24.405 I/godot   ( 2101): [BAKE] Disk cache MISS: file not found /data/data/com.example.infiltraitor/files/damage_atom_cache/442f22b0.bin
09-23 18:32:24.407 I/godot   ( 2101): [BAKE] Disk cache MISS: file not found /data/data/com.example.infiltraitor/files/damage_atom_cache/b5a59a96.bin
09-23 18:32:24.409 I/godot   ( 2101): [BAKE] Disk cache MISS: file not found /data/data/com.example.infiltraitor/files/damage_atom_cache/272df507.bin
09-23 18:32:24.411 I/godot   ( 2101): [BAKE] Disk cache MISS: file not found /data/data/com.example.infiltraitor/files/damage_atom_cache/e1b2f878.bin
09-23 18:32:24.413 I/godot   ( 2101): [BAKE] Disk cache MISS: file not found /data/data/com.example.infiltraitor/files/damage_atom_cache/599485d1.bin
09-23 18:32:24.415 I/godot   ( 2101): [BAKE] Disk cache MISS: file not found /data/data/com.example.infiltraitor/files/damage_atom_cache/7963e110.bin
09-23 18:32:24.417 I/godot   ( 2101): [BAKE] Disk cache MISS: file not found /data/data/com.example.infiltraitor/files/damage_atom_cache/44c3ae3f.bin
09-23 18:32:24.419 I/godot   ( 2101): [BAKE] Disk cache MISS: file not found /data/data/com.example.infiltraitor/files/damage_atom_cache/944190b4.bin
09-23 18:32:24.421 I/godot   ( 2101): [BAKE] Disk cache MISS: file not found /data/data/com.example.infiltraitor/files/damage_atom_cache/92810f25.bin
09-23 18:32:24.423 I/godot   ( 2101): [BAKE] Disk cache MISS: file not found /data/data/com.example.infiltraitor/files/damage_atom_cache/413b5832.bin
09-23 18:32:24.425 I/godot   ( 2101): [BAKE] Disk cache MISS: file not found /data/data/com.example.infiltraitor/files/damage_atom_cache/803e17eb.bin
09-23 18:32:24.426 I/godot   ( 2101): [BAKE] Disk cache MISS: file not found /data/data/com.example.infiltraitor/files/damage_atom_cache/ad7984da.bin
09-23 18:32:24.428 I/godot   ( 2101): [BAKE] Disk cache MISS: file not found /data/data/com.example.infiltraitor/files/damage_atom_cache/d43893cd.bin
09-23 18:32:24.430 I/godot   ( 2101): [BAKE] Disk cache MISS: file not found /data/data/com.example.infiltraitor/files/damage_atom_cache/599485d1.bin
09-23 18:32:24.432 I/godot   ( 2101): [BAKE] Disk cache MISS: file not found /data/data/com.example.infiltraitor/files/damage_atom_cache/7963e110.bin
09-23 18:32:24.433 I/godot   ( 2101): [BAKE] Disk cache MISS: file not found /data/data/com.example.infiltraitor/files/damage_atom_cache/44c3ae3f.bin
09-23 18:32:24.435 I/godot   ( 2101): [BAKE] Disk cache MISS: file not found /data/data/com.example.infiltraitor/files/damage_atom_cache/944190b4.bin
09-23 18:32:24.437 I/godot   ( 2101): [BAKE] Disk cache MISS: file not found /data/data/com.example.infiltraitor/files/damage_atom_cache/92810f25.bin
09-23 18:32:24.439 I/godot   ( 2101): [BAKE] Disk cache MISS: file not found /data/data/com.example.infiltraitor/files/damage_atom_cache/413b5832.bin
09-23 18:32:24.441 I/godot   ( 2101): [BAKE] Disk cache MISS: file not found /data/data/com.example.infiltraitor/files/damage_atom_cache/b5a59a96.bin
09-23 18:32:24.443 I/godot   ( 2101): [BAKE] Disk cache MISS: file not found /data/data/com.example.infiltraitor/files/damage_atom_cache/272df507.bin
09-23 18:32:24.444 I/godot   ( 2101): [BAKE] Disk cache MISS: file not found /data/data/com.example.infiltraitor/files/damage_atom_cache/e1b2f878.bin
09-23 18:32:24.446 I/godot   ( 2101): [BAKE] Disk cache MISS: file not found /data/data/com.example.infiltraitor/files/damage_atom_cache/599485d1.bin
09-23 18:32:24.448 I/godot   ( 2101): [BAKE] Disk cache MISS: file not found /data/data/com.example.infiltraitor/files/damage_atom_cache/7963e110.bin
09-23 18:32:24.450 I/godot   ( 2101): [BAKE] Disk cache MISS: file not found /data/data/com.example.infiltraitor/files/damage_atom_cache/44c3ae3f.bin
09-23 18:32:24.452 I/godot   ( 2101): [BAKE] Disk cache MISS: file not found /data/data/com.example.infiltraitor/files/damage_atom_cache/944190b4.bin
09-23 18:32:24.454 I/godot   ( 2101): [BAKE] Disk cache MISS: file not found /data/data/com.example.infiltraitor/files/damage_atom_cache/92810f25.bin
09-23 18:32:24.456 I/godot   ( 2101): [BAKE] Disk cache MISS: file not found /data/data/com.example.infiltraitor/files/damage_atom_cache/413b5832.bin
09-23 18:32:24.458 I/godot   ( 2101): [BAKE] Disk cache MISS: file not found /data/data/com.example.infiltraitor/files/damage_atom_cache/803e17eb.bin
09-23 18:32:24.460 I/godot   ( 2101): [BAKE] Disk cache MISS: file not found /data/data/com.example.infiltraitor/files/damage_atom_cache/ad7984da.bin
09-23 18:32:24.461 I/godot   ( 2101): [BAKE] Disk cache MISS: file not found /data/data/com.example.infiltraitor/files/damage_atom_cache/d43893cd.bin
09-23 18:32:24.463 I/godot   ( 2101): [BAKE] Disk cache MISS: file not found /data/data/com.example.infiltraitor/files/damage_atom_cache/599485d1.bin
09-23 18:32:24.465 I/godot   ( 2101): [BAKE] Disk cache MISS: file not found /data/data/com.example.infiltraitor/files/damage_atom_cache/7963e110.bin
09-23 18:32:24.467 I/godot   ( 2101): [BAKE] Disk cache MISS: file not found /data/data/com.example.infiltraitor/files/damage_atom_cache/44c3ae3f.bin
09-23 18:32:24.469 I/godot   ( 2101): [BAKE] Disk cache MISS: file not found /data/data/com.example.infiltraitor/files/damage_atom_cache/944190b4.bin
09-23 18:32:24.471 I/godot   ( 2101): [BAKE] Disk cache MISS: file not found /data/data/com.example.infiltraitor/files/damage_atom_cache/92810f25.bin
09-23 18:32:24.473 I/godot   ( 2101): [BAKE] Disk cache MISS: file not found /data/data/com.example.infiltraitor/files/damage_atom_cache/413b5832.bin
09-23 18:32:24.475 I/godot   ( 2101): [BAKE] Disk cache MISS: file not found /data/data/com.example.infiltraitor/files/damage_atom_cache/b5a59a96.bin
09-23 18:32:24.477 I/godot   ( 2101): [BAKE] Disk cache MISS: file not found /data/data/com.example.infiltraitor/files/damage_atom_cache/272df507.bin
09-23 18:32:24.479 I/godot   ( 2101): [BAKE] Disk cache MISS: file not found /data/data/com.example.infiltraitor/files/damage_atom_cache/e1b2f878.bin
09-23 18:32:24.480 I/godot   ( 2101): [BAKE] Disk cache MISS: file not found /data/data/com.example.infiltraitor/files/damage_atom_cache/599485d1.bin
09-23 18:32:24.482 I/godot   ( 2101): [BAKE] Disk cache MISS: file not found /data/data/com.example.infiltraitor/files/damage_atom_cache/7963e110.bin
09-23 18:32:24.483 I/godot   ( 2101): [BAKE] Disk cache MISS: file not found /data/data/com.example.infiltraitor/files/damage_atom_cache/44c3ae3f.bin
09-23 18:32:24.485 I/godot   ( 2101): [BAKE] Disk cache MISS: file not found /data/data/com.example.infiltraitor/files/damage_atom_cache/944190b4.bin
09-23 18:32:24.487 I/godot   ( 2101): [BAKE] Disk cache MISS: file not found /data/data/com.example.infiltraitor/files/damage_atom_cache/92810f25.bin
09-23 18:32:24.489 I/godot   ( 2101): [BAKE] Disk cache MISS: file not found /data/data/com.example.infiltraitor/files/damage_atom_cache/413b5832.bin
09-23 18:32:24.491 I/godot   ( 2101): [BAKE] Disk cache MISS: file not found /data/data/com.example.infiltraitor/files/damage_atom_cache/803e17eb.bin
09-23 18:32:24.492 I/godot   ( 2101): [BAKE] Disk cache MISS: file not found /data/data/com.example.infiltraitor/files/damage_atom_cache/ad7984da.bin
09-23 18:32:24.494 I/godot   ( 2101): [BAKE] Disk cache MISS: file not found /data/data/com.example.infiltraitor/files/damage_atom_cache/d43893cd.bin
09-23 18:32:24.496 I/godot   ( 2101): [BAKE] Disk cache MISS: file not found /data/data/com.example.infiltraitor/files/damage_atom_cache/599485d1.bin
09-23 18:32:24.498 I/godot   ( 2101): [BAKE] Disk cache MISS: file not found /data/data/com.example.infiltraitor/files/damage_atom_cache/7963e110.bin
09-23 18:32:24.499 I/godot   ( 2101): [BAKE] Disk cache MISS: file not found /data/data/com.example.infiltraitor/files/damage_atom_cache/44c3ae3f.bin
09-23 18:32:24.501 I/godot   ( 2101): [BAKE] Disk cache MISS: file not found /data/data/com.example.infiltraitor/files/damage_atom_cache/944190b4.bin
09-23 18:32:24.503 I/godot   ( 2101): [BAKE] Disk cache MISS: file not found /data/data/com.example.infiltraitor/files/damage_atom_cache/92810f25.bin
09-23 18:32:24.504 I/godot   ( 2101): [BAKE] Disk cache MISS: file not found /data/data/com.example.infiltraitor/files/damage_atom_cache/413b5832.bin
09-23 18:32:24.522 I/godot   ( 2101): [BAKE] Disk cache HIT: loaded 7c862013
09-23 18:32:24.525 I/godot   ( 2101): [BAKE] Disk cache HIT: loaded 2a107562
09-23 18:32:24.528 I/godot   ( 2101): [BAKE] Disk cache HIT: loaded a7cf5855
09-23 18:32:24.531 I/godot   ( 2101): [BAKE] Disk cache HIT: loaded 558b1132
09-23 18:32:24.534 I/godot   ( 2101): [BAKE] Disk cache HIT: loaded 530361e3
09-23 18:32:24.537 I/godot   ( 2101): [BAKE] Disk cache HIT: loaded a89149b4
09-23 18:32:24.540 I/godot   ( 2101): [BAKE] Disk cache HIT: loaded 0ce26ecd
09-23 18:32:24.542 I/godot   ( 2101): [BAKE] Disk cache HIT: loaded 6ce98b7c
09-23 18:32:24.545 I/godot   ( 2101): [BAKE] Disk cache HIT: loaded b8e7f2eb
09-23 18:32:24.548 I/godot   ( 2101): [BAKE] Disk cache HIT: loaded 452e18ad
09-23 18:32:24.551 I/godot   ( 2101): [BAKE] Disk cache HIT: loaded 3318c45c
09-23 18:32:24.554 I/godot   ( 2101): [BAKE] Disk cache HIT: loaded 7dd9f74b
09-23 18:32:24.557 I/godot   ( 2101): [BAKE] Disk cache HIT: loaded 0ba3e4b4
09-23 18:32:24.560 I/godot   ( 2101): [BAKE] Disk cache HIT: loaded 09e36325
09-23 18:32:24.563 I/godot   ( 2101): [BAKE] Disk cache HIT: loaded b89dac32
09-23 18:32:24.567 I/godot   ( 2101): [BAKE] Disk cache HIT: loaded 8bedfaf3
09-23 18:32:24.570 I/godot   ( 2101): [BAKE] Disk cache HIT: loaded e1fd47c2
09-23 18:32:24.572 I/godot   ( 2101): [BAKE] Disk cache HIT: loaded dfbb6135
09-23 18:32:24.575 I/godot   ( 2101): [BAKE] Disk cache HIT: loaded 34f32541
09-23 18:32:24.578 I/godot   ( 2101): [BAKE] Disk cache HIT: loaded 6ec48540
09-23 18:32:24.581 I/godot   ( 2101): [BAKE] Disk cache HIT: loaded c76a10af
09-23 18:32:24.584 I/godot   ( 2101): [BAKE] Disk cache HIT: loaded d3f60018
09-23 18:32:24.586 I/godot   ( 2101): [BAKE] Disk cache HIT: loaded 20a14a59
09-23 18:32:24.589 I/godot   ( 2101): [BAKE] Disk cache HIT: loaded ace0b9b6
09-23 18:32:24.592 I/godot   ( 2101): [BAKE] Disk cache HIT: loaded f7198937
09-23 18:32:24.595 I/godot   ( 2101): [BAKE] Disk cache HIT: loaded 58b44d06
09-23 18:32:24.598 I/godot   ( 2101): [BAKE] Disk cache HIT: loaded f8b3eea9
09-23 18:32:24.601 I/godot   ( 2101): [BAKE] Disk cache HIT: loaded 38eb88c7
09-23 18:32:24.604 I/godot   ( 2101): [BAKE] Disk cache HIT: loaded c7632e56
09-23 18:32:24.606 I/godot   ( 2101): [BAKE] Disk cache HIT: loaded c7ca1979
09-23 18:32:24.609 I/godot   ( 2101): [BAKE] Disk cache HIT: loaded a72abf26
09-23 18:32:24.612 I/godot   ( 2101): [BAKE] Disk cache HIT: loaded f209f0d7
09-23 18:32:24.614 I/godot   ( 2101): [BAKE] Disk cache HIT: loaded 2797a648
09-23 18:32:24.617 I/godot   ( 2101): [BAKE] Disk cache HIT: loaded f8ff0191
09-23 18:32:24.620 I/godot   ( 2101): [BAKE] Disk cache HIT: loaded 18ce5cd0
09-23 18:32:24.623 I/godot   ( 2101): [BAKE] Disk cache HIT: loaded 8b75ecff
09-23 18:32:24.625 I/godot   ( 2101): [BAKE] Disk cache HIT: loaded 5efcfd35
09-23 18:32:24.628 I/godot   ( 2101): [BAKE] Disk cache HIT: loaded 8cfc8fc4
09-23 18:32:24.631 I/godot   ( 2101): [BAKE] Disk cache HIT: loaded 0b2f96f3
09-23 18:32:24.633 I/godot   ( 2101): [BAKE] Disk cache HIT: loaded 92cecfdc
09-23 18:32:24.636 I/godot   ( 2101): [BAKE] Disk cache HIT: loaded a4e4242d
09-23 18:32:24.639 I/godot   ( 2101): [BAKE] Disk cache HIT: loaded 8c07daba
09-23 18:32:24.642 I/godot   ( 2101): [BAKE] Disk cache HIT: loaded dfa711db
09-23 18:32:24.644 I/godot   ( 2101): [BAKE] Disk cache HIT: loaded 0d804f8a
09-23 18:32:24.647 I/godot   ( 2101): [BAKE] Disk cache HIT: loaded a6fb333d
09-23 18:32:24.650 I/godot   ( 2101): [BAKE] Disk cache HIT: loaded 42ba5c0b
09-23 18:32:24.653 I/godot   ( 2101): [BAKE] Disk cache HIT: loaded 6c3ae5fa
09-23 18:32:24.655 I/godot   ( 2101): [BAKE] Disk cache HIT: loaded 0a0e7d6d
09-23 18:32:24.658 I/godot   ( 2101): [BAKE] Disk cache HIT: loaded edb35aca
09-23 18:32:24.661 I/godot   ( 2101): [BAKE] Disk cache HIT: loaded bfda1d1b
09-23 18:32:24.664 I/godot   ( 2101): [BAKE] Disk cache HIT: loaded 20b960ec
09-23 18:32:24.667 I/godot   ( 2101): [BAKE] Disk cache HIT: loaded c2104765
09-23 18:32:24.670 I/godot   ( 2101): [BAKE] Disk cache HIT: loaded c3d0c8f4
09-23 18:32:24.672 I/godot   ( 2101): [BAKE] Disk cache HIT: loaded 158aa423
09-23 18:32:24.675 I/godot   ( 2101): [BAKE] Disk cache HIT: loaded 68b1ffea
09-23 18:32:24.678 I/godot   ( 2101): [BAKE] Disk cache HIT: loaded 3ad8c23b
09-23 18:32:24.681 I/godot   ( 2101): [BAKE] Disk cache HIT: loaded ef782b8c
09-23 18:32:24.684 I/godot   ( 2101): [BAKE] Disk cache HIT: loaded 6363eeab
09-23 18:32:24.687 I/godot   ( 2101): [BAKE] Disk cache HIT: loaded 909f5b9a
09-23 18:32:24.690 I/godot   ( 2101): [BAKE] Disk cache HIT: loaded 1016a78d
09-23 18:32:24.693 I/godot   ( 2101): [BAKE] Disk cache HIT: loaded 6e06b52c
09-23 18:32:24.696 I/godot   ( 2101): [BAKE] Disk cache HIT: loaded 00baa3bd
09-23 18:32:24.699 I/godot   ( 2101): [BAKE] Disk cache HIT: loaded 673fc00a
09-23 18:32:24.702 I/godot   ( 2101): [BAKE] Disk cache HIT: loaded cde764b3
09-23 18:32:24.705 I/godot   ( 2101): [BAKE] Disk cache HIT: loaded 7caeee82
09-23 18:32:24.708 I/godot   ( 2101): [BAKE] Disk cache HIT: loaded 21b4caf5
09-23 18:32:24.712 I/godot   ( 2101): [BAKE] Disk cache HIT: loaded 8acdbdd2
09-23 18:32:24.714 I/godot   ( 2101): [BAKE] Disk cache HIT: loaded dd436883
09-23 18:32:24.718 I/godot   ( 2101): [BAKE] Disk cache HIT: loaded a4edc154
09-23 18:32:24.721 I/godot   ( 2101): [BAKE] Disk cache HIT: loaded dfdfbf6d
09-23 18:32:24.724 I/godot   ( 2101): [BAKE] Disk cache HIT: loaded cdca6b1c
09-23 18:32:24.727 I/godot   ( 2101): [BAKE] Disk cache HIT: loaded 188b9e0b
09-23 18:32:24.730 I/godot   ( 2101): [BAKE] Disk cache HIT: loaded 830be869
09-23 18:32:24.733 I/godot   ( 2101): [BAKE] Disk cache HIT: loaded dd0a9068
09-23 18:32:24.736 I/godot   ( 2101): [BAKE] Disk cache HIT: loaded 28b945f7
09-23 18:32:24.739 I/godot   ( 2101): [BAKE] Disk cache HIT: loaded b089f580
09-23 18:32:24.742 I/godot   ( 2101): [BAKE] Disk cache HIT: loaded 1e005881
09-23 18:32:24.745 I/godot   ( 2101): [BAKE] Disk cache HIT: loaded b66a245e
09-23 18:32:24.748 I/godot   ( 2101): [BAKE] Disk cache HIT: loaded b28e52ff
09-23 18:32:24.751 I/godot   ( 2101): [BAKE] Disk cache HIT: loaded b4287fae
09-23 18:32:24.753 I/godot   ( 2101): [BAKE] Disk cache HIT: loaded 20176791
09-23 18:32:24.754 I/godot   ( 2101): [DamageVariantBaker] Baked 447 atoms across 9 declared material(s), 9 floor material(s) in 2238 ms
09-23 18:32:24.766 I/godot   ( 2101): [ROOM] Uploaded 1 damage-composite page(s) at load in 12 ms — off the first shot's impact frame
09-23 18:32:24.766 I/godot   ( 2101): [VOXEL] Damage variant registry set (pre-baked variants available)
09-23 18:32:24.766 I/godot   ( 2101): [ROOM] Initialized damage variant registry (447 atoms)
09-23 18:32:26.661 I/godot   ( 2101): [VOXEL-STORE] built (map load: PLAYGROUND) — 216104 claim(s) in 2713 container(s), 0 irregular, 672 multi-claim cell(s), 13.59 MB, 1062 ms
09-23 18:32:27.123 I/godot   ( 2101): [AgentSprite] step (1, 0) draws (0.894427, 0.447214) -> screen SE (fit 1.000) -> frame W
09-23 18:32:27.124 I/godot   ( 2101): [AgentSprite] step (0, 1) draws (-0.894427, 0.447214) -> screen SW (fit 1.000) -> frame S
09-23 18:32:27.124 I/godot   ( 2101): [AgentSprite] step (-1, 0) draws (-0.894427, -0.447214) -> screen NW (fit 1.000) -> frame E
09-23 18:32:27.124 I/godot   ( 2101): [AgentSprite] step (0, -1) draws (0.894427, -0.447214) -> screen NE (fit 1.000) -> frame N
09-23 18:32:27.124 I/godot   ( 2101): [AgentSprite] head yaw mapping: grid 0 -> yaw 0, handedness -1
09-23 18:32:27.199 I/godot   ( 2101): [AgentSprite] layer 'head/standing': 24 yaws at 15.0 deg
09-23 18:32:27.276 I/godot   ( 2101): [AgentSprite] layer 'hat/standing': 24 yaws at 15.0 deg
09-23 18:32:27.382 I/godot   ( 2101): [AgentSprite] layer 'head/standing': 24 yaws at 15.0 deg
09-23 18:32:27.458 I/godot   ( 2101): [AgentSprite] layer 'hat/standing': 24 yaws at 15.0 deg
09-23 18:32:27.561 I/godot   ( 2101): [AgentSprite] layer 'head/standing': 24 yaws at 15.0 deg
09-23 18:32:27.635 I/godot   ( 2101): [AgentSprite] layer 'hat/standing': 24 yaws at 15.0 deg
09-23 18:32:27.635 I/godot   ( 2101): [OCC-03] Agent z_index set to 34 (max voxel layer z_index: 33, room size: (46, 24))
09-23 18:32:27.686 I/godot   ( 2101): [AgentSprite] step (1, 0) draws (0.894427, 0.447214) -> screen SE (fit 1.000) -> frame W
09-23 18:32:27.686 I/godot   ( 2101): [AgentSprite] step (0, 1) draws (-0.894427, 0.447214) -> screen SW (fit 1.000) -> frame S
09-23 18:32:27.686 I/godot   ( 2101): [AgentSprite] step (-1, 0) draws (-0.894427, -0.447214) -> screen NW (fit 1.000) -> frame E
09-23 18:32:27.686 I/godot   ( 2101): [AgentSprite] step (0, -1) draws (0.894427, -0.447214) -> screen NE (fit 1.000) -> frame N
09-23 18:32:27.686 I/godot   ( 2101): [AgentSprite] head yaw mapping: grid 0 -> yaw 0, handedness -1
09-23 18:32:27.766 I/godot   ( 2101): [AgentSprite] layer 'head/standing': 24 yaws at 15.0 deg
09-23 18:32:27.803 I/godot   ( 2101): [AgentSprite] step (1, 0) draws (0.894427, 0.447214) -> screen SE (fit 1.000) -> frame W
09-23 18:32:27.803 I/godot   ( 2101): [AgentSprite] step (0, 1) draws (-0.894427, 0.447214) -> screen SW (fit 1.000) -> frame S
09-23 18:32:27.803 I/godot   ( 2101): [AgentSprite] step (-1, 0) draws (-0.894427, -0.447214) -> screen NW (fit 1.000) -> frame E
09-23 18:32:27.803 I/godot   ( 2101): [AgentSprite] step (0, -1) draws (0.894427, -0.447214) -> screen NE (fit 1.000) -> frame N
09-23 18:32:27.803 I/godot   ( 2101): [AgentSprite] head yaw mapping: grid 0 -> yaw 0, handedness -1
09-23 18:32:27.876 I/godot   ( 2101): [AgentSprite] layer 'head/standing': 24 yaws at 15.0 deg
09-23 18:32:27.906 I/godot   ( 2101): [AgentSprite] step (1, 0) draws (0.894427, 0.447214) -> screen SE (fit 1.000) -> frame W
09-23 18:32:27.907 I/godot   ( 2101): [AgentSprite] step (0, 1) draws (-0.894427, 0.447214) -> screen SW (fit 1.000) -> frame S
09-23 18:32:27.907 I/godot   ( 2101): [AgentSprite] step (-1, 0) draws (-0.894427, -0.447214) -> screen NW (fit 1.000) -> frame E
09-23 18:32:27.907 I/godot   ( 2101): [AgentSprite] step (0, -1) draws (0.894427, -0.447214) -> screen NE (fit 1.000) -> frame N
09-23 18:32:27.907 I/godot   ( 2101): [AgentSprite] head yaw mapping: grid 0 -> yaw 0, handedness -1
09-23 18:32:27.982 I/godot   ( 2101): [AgentSprite] layer 'head/standing': 24 yaws at 15.0 deg
09-23 18:32:28.013 I/godot   ( 2101): [AgentSprite] step (1, 0) draws (0.894427, 0.447214) -> screen SE (fit 1.000) -> frame W
09-23 18:32:28.013 I/godot   ( 2101): [AgentSprite] step (0, 1) draws (-0.894427, 0.447214) -> screen SW (fit 1.000) -> frame S
09-23 18:32:28.013 I/godot   ( 2101): [AgentSprite] step (-1, 0) draws (-0.894427, -0.447214) -> screen NW (fit 1.000) -> frame E
09-23 18:32:28.013 I/godot   ( 2101): [AgentSprite] step (0, -1) draws (0.894427, -0.447214) -> screen NE (fit 1.000) -> frame N
09-23 18:32:28.013 I/godot   ( 2101): [AgentSprite] head yaw mapping: grid 0 -> yaw 0, handedness -1
09-23 18:32:28.086 I/godot   ( 2101): [AgentSprite] layer 'head/standing': 24 yaws at 15.0 deg
09-23 18:32:28.117 I/godot   ( 2101): [AgentSprite] step (1, 0) draws (0.894427, 0.447214) -> screen SE (fit 1.000) -> frame W
09-23 18:32:28.117 I/godot   ( 2101): [AgentSprite] step (0, 1) draws (-0.894427, 0.447214) -> screen SW (fit 1.000) -> frame S
09-23 18:32:28.117 I/godot   ( 2101): [AgentSprite] step (-1, 0) draws (-0.894427, -0.447214) -> screen NW (fit 1.000) -> frame E
09-23 18:32:28.117 I/godot   ( 2101): [AgentSprite] step (0, -1) draws (0.894427, -0.447214) -> screen NE (fit 1.000) -> frame N
09-23 18:32:28.117 I/godot   ( 2101): [AgentSprite] head yaw mapping: grid 0 -> yaw 0, handedness -1
09-23 18:32:28.192 I/godot   ( 2101): [AgentSprite] layer 'head/standing': 24 yaws at 15.0 deg
09-23 18:32:28.223 I/godot   ( 2101): [AgentSprite] step (1, 0) draws (0.894427, 0.447214) -> screen SE (fit 1.000) -> frame W
09-23 18:32:28.223 I/godot   ( 2101): [AgentSprite] step (0, 1) draws (-0.894427, 0.447214) -> screen SW (fit 1.000) -> frame S
09-23 18:32:28.223 I/godot   ( 2101): [AgentSprite] step (-1, 0) draws (-0.894427, -0.447214) -> screen NW (fit 1.000) -> frame E
09-23 18:32:28.223 I/godot   ( 2101): [AgentSprite] step (0, -1) draws (0.894427, -0.447214) -> screen NE (fit 1.000) -> frame N
09-23 18:32:28.223 I/godot   ( 2101): [AgentSprite] head yaw mapping: grid 0 -> yaw 0, handedness -1
09-23 18:32:28.296 I/godot   ( 2101): [AgentSprite] layer 'head/standing': 24 yaws at 15.0 deg
09-23 18:32:28.326 I/godot   ( 2101): [AgentSprite] step (1, 0) draws (0.894427, 0.447214) -> screen SE (fit 1.000) -> frame W
09-23 18:32:28.326 I/godot   ( 2101): [AgentSprite] step (0, 1) draws (-0.894427, 0.447214) -> screen SW (fit 1.000) -> frame S
09-23 18:32:28.327 I/godot   ( 2101): [AgentSprite] step (-1, 0) draws (-0.894427, -0.447214) -> screen NW (fit 1.000) -> frame E
09-23 18:32:28.327 I/godot   ( 2101): [AgentSprite] step (0, -1) draws (0.894427, -0.447214) -> screen NE (fit 1.000) -> frame N
09-23 18:32:28.327 I/godot   ( 2101): [AgentSprite] head yaw mapping: grid 0 -> yaw 0, handedness -1
09-23 18:32:28.399 I/godot   ( 2101): [AgentSprite] layer 'head/standing': 24 yaws at 15.0 deg
09-23 18:32:28.430 I/godot   ( 2101): [AgentSprite] step (1, 0) draws (0.894427, 0.447214) -> screen SE (fit 1.000) -> frame W
09-23 18:32:28.430 I/godot   ( 2101): [AgentSprite] step (0, 1) draws (-0.894427, 0.447214) -> screen SW (fit 1.000) -> frame S
09-23 18:32:28.430 I/godot   ( 2101): [AgentSprite] step (-1, 0) draws (-0.894427, -0.447214) -> screen NW (fit 1.000) -> frame E
09-23 18:32:28.430 I/godot   ( 2101): [AgentSprite] step (0, -1) draws (0.894427, -0.447214) -> screen NE (fit 1.000) -> frame N
09-23 18:32:28.431 I/godot   ( 2101): [AgentSprite] head yaw mapping: grid 0 -> yaw 0, handedness -1
09-23 18:32:28.502 I/godot   ( 2101): [AgentSprite] layer 'head/standing': 24 yaws at 15.0 deg
09-23 18:32:28.533 I/godot   ( 2101): [AgentSprite] step (1, 0) draws (0.894427, 0.447214) -> screen SE (fit 1.000) -> frame W
09-23 18:32:28.533 I/godot   ( 2101): [AgentSprite] step (0, 1) draws (-0.894427, 0.447214) -> screen SW (fit 1.000) -> frame S
09-23 18:32:28.533 I/godot   ( 2101): [AgentSprite] step (-1, 0) draws (-0.894427, -0.447214) -> screen NW (fit 1.000) -> frame E
09-23 18:32:28.533 I/godot   ( 2101): [AgentSprite] step (0, -1) draws (0.894427, -0.447214) -> screen NE (fit 1.000) -> frame N
09-23 18:32:28.533 I/godot   ( 2101): [AgentSprite] head yaw mapping: grid 0 -> yaw 0, handedness -1
09-23 18:32:28.605 I/godot   ( 2101): [AgentSprite] layer 'head/standing': 24 yaws at 15.0 deg
09-23 18:32:28.620 I/godot   ( 2101): [Room] Light registry initialized with 12 map lights:
09-23 18:32:28.620 I/godot   ( 2101):   - map_light_1 @ cell(6,4) radius=7 type=omni
09-23 18:32:28.620 I/godot   ( 2101):   - map_light_2 @ cell(17,4) radius=6 type=omni
09-23 18:32:28.620 I/godot   ( 2101):   - map_light_3 @ cell(12,11) radius=7 type=omni
09-23 18:32:28.620 I/godot   ( 2101):   - map_light_4 @ cell(11,10) radius=10 type=omni
09-23 18:32:28.620 I/godot   ( 2101):   - map_light_5 @ cell(16,11) radius=8 type=omni
09-23 18:32:28.620 I/godot   ( 2101):   - map_light_6 @ cell(24,4) radius=7 type=omni
09-23 18:32:28.620 I/godot   ( 2101):   - map_light_7 @ cell(28,4) radius=7 type=omni
09-23 18:32:28.620 I/godot   ( 2101):   - map_light_8 @ cell(32,4) radius=7 type=omni
09-23 18:32:28.620 I/godot   ( 2101):   - map_light_9 @ cell(36,4) radius=7 type=omni
09-23 18:32:28.620 I/godot   ( 2101):   - map_light_10 @ cell(40,4) radius=7 type=omni
09-23 18:32:28.620 I/godot   ( 2101):   - map_light_11 @ cell(26,9) radius=8 type=omni
09-23 18:32:28.620 I/godot   ( 2101):   - map_light_12 @ cell(34,9) radius=8 type=omni
09-23 18:32:28.621 I/godot   ( 2101): [Room] Tile semantics initialized with 163 tiles, 12 light anchors
09-23 18:32:35.638 I/godot   ( 2101): 
09-23 18:32:35.638 I/godot   ( 2101): Attempting to resolve: facade_concrete (folder concrete)
09-23 18:32:35.638 I/godot   ( 2101):   [USER] File not found: user://textures/concrete/facade_concrete.png
09-23 18:32:35.638 I/godot   ( 2101):   [USER] File not found: user://textures/concrete/facade_concrete.webp
09-23 18:32:35.665 I/godot   ( 2101):   [DEFAULT] Validation PASS: res://ASSETS/materials/concrete/facade_concrete.png
09-23 18:32:35.665 I/godot   ( 2101): [RESOLVER] facade_concrete resolved from DEFAULT.png (dims 1024x512)
09-23 18:32:35.703 I/godot   ( 2101): 
09-23 18:32:35.703 I/godot   ( 2101): Attempting to resolve: facade_metal (folder metal)
09-23 18:32:35.704 I/godot   ( 2101):   [USER] File not found: user://textures/metal/facade_metal.png
09-23 18:32:35.704 I/godot   ( 2101):   [USER] File not found: user://textures/metal/facade_metal.webp
09-23 18:32:35.741 I/godot   ( 2101):   [DEFAULT] Validation PASS: res://ASSETS/materials/metal/facade_metal.png
09-23 18:32:35.741 I/godot   ( 2101): [RESOLVER] facade_metal resolved from DEFAULT.png (dims 1024x512)
09-23 18:32:35.783 I/godot   ( 2101): 
09-23 18:32:35.783 I/godot   ( 2101): Attempting to resolve: facade_stone (folder stone)
09-23 18:32:35.783 I/godot   ( 2101):   [USER] File not found: user://textures/stone/facade_stone.png
09-23 18:32:35.783 I/godot   ( 2101):   [USER] File not found: user://textures/stone/facade_stone.webp
09-23 18:32:35.817 I/godot   ( 2101):   [DEFAULT] Validation PASS: res://ASSETS/materials/stone/facade_stone.png
09-23 18:32:35.817 I/godot   ( 2101): [RESOLVER] facade_stone resolved from DEFAULT.png (dims 1024x512)
09-23 18:32:35.858 I/godot   ( 2101): 
09-23 18:32:35.858 I/godot   ( 2101): Attempting to resolve: facade_wood (folder wood)
09-23 18:32:35.858 I/godot   ( 2101):   [USER] File not found: user://textures/wood/facade_wood.png
09-23 18:32:35.858 I/godot   ( 2101):   [USER] File not found: user://textures/wood/facade_wood.webp
09-23 18:32:35.891 I/godot   ( 2101):   [DEFAULT] Validation PASS: res://ASSETS/materials/wood/facade_wood.png
09-23 18:32:35.891 I/godot   ( 2101): [RESOLVER] facade_wood resolved from DEFAULT.png (dims 1024x512)
09-23 18:32:35.931 I/godot   ( 2101): 
09-23 18:32:35.932 I/godot   ( 2101): Attempting to resolve: facade_brick (folder brick)
09-23 18:32:35.932 I/godot   ( 2101):   [USER] File not found: user://textures/brick/facade_brick.png
09-23 18:32:35.932 I/godot   ( 2101):   [USER] File not found: user://textures/brick/facade_brick.webp
09-23 18:32:35.968 I/godot   ( 2101):   [DEFAULT] Validation PASS: res://ASSETS/materials/brick/facade_brick.png
09-23 18:32:35.968 I/godot   ( 2101): [RESOLVER] facade_brick resolved from DEFAULT.png (dims 1024x512)
09-23 18:32:36.007 I/godot   ( 2101): 
09-23 18:32:36.007 I/godot   ( 2101): Attempting to resolve: facade_cardboard (folder cardboard)
09-23 18:32:36.007 I/godot   ( 2101):   [USER] File not found: user://textures/cardboard/facade_cardboard.png
09-23 18:32:36.007 I/godot   ( 2101):   [USER] File not found: user://textures/cardboard/facade_cardboard.webp
09-23 18:32:36.035 I/godot   ( 2101):   [DEFAULT] Validation PASS: res://ASSETS/materials/cardboard/facade_cardboard.png
09-23 18:32:36.035 I/godot   ( 2101): [RESOLVER] facade_cardboard resolved from DEFAULT.png (dims 1024x512)
09-23 18:32:36.072 I/godot   ( 2101): 
09-23 18:32:36.072 I/godot   ( 2101): Attempting to resolve: facade_fabric (folder fabric)
09-23 18:32:36.072 I/godot   ( 2101):   [USER] File not found: user://textures/fabric/facade_fabric.png
09-23 18:32:36.072 I/godot   ( 2101):   [USER] File not found: user://textures/fabric/facade_fabric.webp
09-23 18:32:36.099 I/godot   ( 2101):   [DEFAULT] Validation PASS: res://ASSETS/materials/fabric/facade_fabric.png
09-23 18:32:36.099 I/godot   ( 2101): [RESOLVER] facade_fabric resolved from DEFAULT.png (dims 1024x512)
09-23 18:32:36.140 I/godot   ( 2101): 
09-23 18:32:36.140 I/godot   ( 2101): Attempting to resolve: facade_plywood (folder plywood)
09-23 18:32:36.140 I/godot   ( 2101):   [USER] File not found: user://textures/plywood/facade_plywood.png
09-23 18:32:36.140 I/godot   ( 2101):   [USER] File not found: user://textures/plywood/facade_plywood.webp
09-23 18:32:36.175 I/godot   ( 2101):   [DEFAULT] Validation PASS: res://ASSETS/materials/plywood/facade_plywood.png
09-23 18:32:36.175 I/godot   ( 2101): [RESOLVER] facade_plywood resolved from DEFAULT.png (dims 1024x512)
09-23 18:32:36.244 I/godot   ( 2101): 
09-23 18:32:36.244 I/godot   ( 2101): Attempting to resolve: facade_earth (folder earth)
09-23 18:32:36.244 I/godot   ( 2101):   [USER] File not found: user://textures/earth/facade_earth.png
09-23 18:32:36.244 I/godot   ( 2101):   [USER] File not found: user://textures/earth/facade_earth.webp
09-23 18:32:36.280 I/godot   ( 2101):   [DEFAULT] Validation PASS: res://ASSETS/materials/earth/facade_earth.png
09-23 18:32:36.280 I/godot   ( 2101): [RESOLVER] facade_earth resolved from DEFAULT.png (dims 1024x512)
09-23 18:32:38.885 I/godot   ( 2101): [BOARD3D] 215432 voxel(s) (slices 69440, columns 672, slabs 145992; the 2D board holds 64 cell(s)) → 108772 face(s) → 732 quad(s) in 276 chunk(s), 11 material(s), plane levels 78..103; collect 1782 ms, mesh 1499 ms; skip 2D writes true; source store
09-23 18:32:39.367 I/godot   ( 2101): [TestZone] 0 pickups
09-23 18:32:39.620 I/godot   ( 2101): [DEV-HUD-01] DEV VISION Status Panel initialized
09-23 18:32:39.630 I/godot   ( 2101): [DEBUG] _ready() complete, starting probe
09-23 18:32:39.630 I/godot   ( 2101): [SLICE-02 probe] ===== STARTING ALIGNMENT CHECK =====
09-23 18:32:39.631 I/godot   ( 2101): [SLICE-02 probe] floor_cell = (0, 0)  voxel_cell = (0, 0)
09-23 18:32:39.631 I/godot   ( 2101): [SLICE-02 probe] floor_map=(128.0, 64.0)  voxel_map=(16.0, 8.0)
09-23 18:32:39.631 I/godot   ( 2101): [SLICE-02 probe] floor_adjusted=(0.0, 0.0)  voxel_adjusted=(0.0, 0.0)
09-23 18:32:39.631 I/godot   ( 2101): [SLICE-02 probe] canon_pos=(0.0, 512.0)  voxel_pos=(112.0, 576.0)  delta=(112.0, 64.0) px
09-23 18:32:39.631 I/godot   ( 2101): [SLICE-02 probe] INFO: no block_* tile found for footprint check
09-23 18:32:39.631 V/Godot   ( 2101): OnGodotMainLoopStarted
09-23 18:32:41.108 I/godot   ( 2101): [GLASS-TILE] mirrored 2240 glass cell(s) into the opaque layers, removed 0
09-23 18:32:41.230 I/godot   ( 2101): [SCENARIO] 4 step(s)
09-23 18:32:41.230 I/godot   ( 2101): [SCENARIO] 1/4 framing portrait
09-23 18:32:41.231 I/godot   ( 2101): [SCENARIO] 2/4 zoom 0.5
09-23 18:32:41.231 I/godot   ( 2101): [SCENARIO] 3/4 wait 25
09-23 18:32:43.826 I/godot   ( 2101): [FRAME-PROBE] 43.1 ms/frame · render cpu 0.8 ms · render gpu 17.8 ms · 91 draw call(s) · 10812 primitive(s) · 108 object(s) · process 56.7 ms · physics 26.6 ms · 948 node(s) · view portrait 390x873 zoom 0.50 gu 95/1104 scale 1.00
09-23 18:32:43.826 I/godot   ( 2101): [FRAME-SPLIT] per frame: guard cone smooth draw 30.01 ms (9/f) · sprite light+throw 0.68 ms (10/f) · room temporal lights 0.08 ms (1/f) · room vision fog 0.07 ms (1/f) · guard attention 0.04 ms (9/f) · room enemy visibility 0.02 ms (1/f)
09-23 18:32:45.052 I/godot   ( 2101): [FRAME-PROBE] 20.5 ms/frame · render cpu 0.7 ms · render gpu 17.7 ms · 91 draw call(s) · 10812 primitive(s) · 108 object(s) · process 48.9 ms · physics 0.1 ms · 948 node(s) · view portrait 390x873 zoom 0.50 gu 95/1104 scale 1.00
09-23 18:32:45.052 I/godot   ( 2101): [FRAME-SPLIT] per frame: guard cone smooth draw 1.70 ms (1/f) · sprite light+throw 0.55 ms (10/f) · room temporal lights 0.07 ms (1/f) · room vision fog 0.06 ms (1/f) · guard attention 0.03 ms (9/f) · room enemy visibility 0.02 ms (1/f)
09-23 18:32:46.202 I/godot   ( 2101): [FRAME-PROBE] 19.2 ms/frame · render cpu 0.7 ms · render gpu 17.6 ms · 91 draw call(s) · 10812 primitive(s) · 108 object(s) · process 32.2 ms · physics 0.1 ms · 948 node(s) · view portrait 390x873 zoom 0.50 gu 95/1104 scale 1.00
09-23 18:32:46.202 I/godot   ( 2101): [FRAME-SPLIT] per frame: sprite light+throw 0.53 ms (10/f) · room temporal lights 0.06 ms (1/f) · room vision fog 0.06 ms (1/f) · guard attention 0.03 ms (9/f) · room enemy visibility 0.02 ms (1/f)
09-23 18:32:47.353 I/godot   ( 2101): [FRAME-PROBE] 19.2 ms/frame · render cpu 1.3 ms · render gpu 17.5 ms · 91 draw call(s) · 10812 primitive(s) · 108 object(s) · process 22.9 ms · physics 0.1 ms · 948 node(s) · view portrait 390x873 zoom 0.50 gu 95/1104 scale 1.00
09-23 18:32:47.354 I/godot   ( 2101): [FRAME-SPLIT] per frame: sprite light+throw 0.59 ms (10/f) · room temporal lights 0.07 ms (1/f) · room vision fog 0.06 ms (1/f) · guard attention 0.03 ms (9/f) · room enemy visibility 0.02 ms (1/f)
09-23 18:32:48.515 I/godot   ( 2101): [FRAME-PROBE] 19.4 ms/frame · render cpu 0.7 ms · render gpu 17.7 ms · 91 draw call(s) · 10812 primitive(s) · 108 object(s) · process 23.0 ms · physics 0.1 ms · 948 node(s) · view portrait 390x873 zoom 0.50 gu 95/1104 scale 1.00
09-23 18:32:48.515 I/godot   ( 2101): [FRAME-SPLIT] per frame: sprite light+throw 0.61 ms (10/f) · room temporal lights 0.07 ms (1/f) · room vision fog 0.06 ms (1/f) · guard attention 0.04 ms (9/f) · room enemy visibility 0.02 ms (1/f)
09-23 18:32:49.666 I/godot   ( 2101): [FRAME-PROBE] 19.2 ms/frame · render cpu 1.6 ms · render gpu 17.7 ms · 91 draw call(s) · 10812 primitive(s) · 108 object(s) · process 23.3 ms · physics 0.1 ms · 948 node(s) · view portrait 390x873 zoom 0.50 gu 95/1104 scale 1.00
09-23 18:32:49.666 I/godot   ( 2101): [FRAME-SPLIT] per frame: sprite light+throw 0.59 ms (10/f) · room temporal lights 0.07 ms (1/f) · room vision fog 0.06 ms (1/f) · guard attention 0.03 ms (9/f) · room enemy visibility 0.02 ms (1/f)
09-23 18:32:50.816 I/godot   ( 2101): [FRAME-PROBE] 19.2 ms/frame · render cpu 0.8 ms · render gpu 17.5 ms · 91 draw call(s) · 10812 primitive(s) · 108 object(s) · process 22.7 ms · physics 0.1 ms · 948 node(s) · view portrait 390x873 zoom 0.50 gu 95/1104 scale 1.00
09-23 18:32:50.816 I/godot   ( 2101): [FRAME-SPLIT] per frame: sprite light+throw 0.62 ms (10/f) · room temporal lights 0.07 ms (1/f) · room vision fog 0.07 ms (1/f) · guard attention 0.04 ms (9/f) · room enemy visibility 0.02 ms (1/f)
09-23 18:32:51.967 I/godot   ( 2101): [FRAME-PROBE] 19.2 ms/frame · render cpu 0.7 ms · render gpu 18.1 ms · 91 draw call(s) · 10812 primitive(s) · 108 object(s) · process 22.7 ms · physics 0.1 ms · 948 node(s) · view portrait 390x873 zoom 0.50 gu 95/1104 scale 1.00
09-23 18:32:51.967 I/godot   ( 2101): [FRAME-SPLIT] per frame: sprite light+throw 0.58 ms (10/f) · room temporal lights 0.07 ms (1/f) · room vision fog 0.06 ms (1/f) · guard attention 0.04 ms (9/f) · room enemy visibility 0.02 ms (1/f)
09-23 18:32:53.129 I/godot   ( 2101): [FRAME-PROBE] 19.4 ms/frame · render cpu 0.8 ms · render gpu 17.6 ms · 91 draw call(s) · 10812 primitive(s) · 108 object(s) · process 23.2 ms · physics 0.2 ms · 948 node(s) · view portrait 390x873 zoom 0.50 gu 95/1104 scale 1.00
09-23 18:32:53.129 I/godot   ( 2101): [FRAME-SPLIT] per frame: sprite light+throw 0.61 ms (10/f) · room temporal lights 0.07 ms (1/f) · room vision fog 0.06 ms (1/f) · guard attention 0.03 ms (9/f) · room enemy visibility 0.02 ms (1/f)
09-23 18:32:54.302 I/godot   ( 2101): [FRAME-PROBE] 19.6 ms/frame · render cpu 0.7 ms · render gpu 17.7 ms · 91 draw call(s) · 10812 primitive(s) · 108 object(s) · process 28.7 ms · physics 0.1 ms · 948 node(s) · view portrait 390x873 zoom 0.50 gu 95/1104 scale 1.00
09-23 18:32:54.303 I/godot   ( 2101): [FRAME-SPLIT] per frame: sprite light+throw 0.58 ms (10/f) · room temporal lights 0.07 ms (1/f) · room vision fog 0.06 ms (1/f) · guard attention 0.03 ms (9/f) · room enemy visibility 0.02 ms (1/f)
09-23 18:32:55.441 I/godot   ( 2101): [FRAME-PROBE] 19.0 ms/frame · render cpu 1.3 ms · render gpu 17.8 ms · 91 draw call(s) · 10812 primitive(s) · 108 object(s) · process 28.9 ms · physics 0.1 ms · 948 node(s) · view portrait 390x873 zoom 0.50 gu 95/1104 scale 1.00
09-23 18:32:55.442 I/godot   ( 2101): [FRAME-SPLIT] per frame: sprite light+throw 0.57 ms (10/f) · room temporal lights 0.07 ms (1/f) · room vision fog 0.06 ms (1/f) · guard attention 0.03 ms (9/f) · room enemy visibility 0.02 ms (1/f)
09-23 18:32:56.604 I/godot   ( 2101): [FRAME-PROBE] 19.4 ms/frame · render cpu 0.7 ms · render gpu 18.4 ms · 91 draw call(s) · 10812 primitive(s) · 108 object(s) · process 22.7 ms · physics 0.1 ms · 948 node(s) · view portrait 390x873 zoom 0.50 gu 95/1104 scale 1.00
09-23 18:32:56.604 I/godot   ( 2101): [FRAME-SPLIT] per frame: sprite light+throw 0.61 ms (10/f) · room temporal lights 0.07 ms (1/f) · room vision fog 0.06 ms (1/f) · guard attention 0.03 ms (9/f) · room enemy visibility 0.02 ms (1/f)
09-23 18:32:57.742 I/godot   ( 2101): [FRAME-PROBE] 19.0 ms/frame · render cpu 0.7 ms · render gpu 17.5 ms · 91 draw call(s) · 10812 primitive(s) · 108 object(s) · process 22.9 ms · physics 0.1 ms · 948 node(s) · view portrait 390x873 zoom 0.50 gu 95/1104 scale 1.00
09-23 18:32:57.742 I/godot   ( 2101): [FRAME-SPLIT] per frame: sprite light+throw 0.60 ms (10/f) · room temporal lights 0.07 ms (1/f) · room vision fog 0.06 ms (1/f) · guard attention 0.03 ms (9/f) · room enemy visibility 0.02 ms (1/f)
09-23 18:32:58.893 I/godot   ( 2101): [FRAME-PROBE] 19.2 ms/frame · render cpu 0.7 ms · render gpu 17.7 ms · 91 draw call(s) · 10812 primitive(s) · 108 object(s) · process 22.8 ms · physics 0.1 ms · 948 node(s) · view portrait 390x873 zoom 0.50 gu 95/1104 scale 1.00
09-23 18:32:58.894 I/godot   ( 2101): [FRAME-SPLIT] per frame: sprite light+throw 0.53 ms (10/f) · room temporal lights 0.07 ms (1/f) · room vision fog 0.06 ms (1/f) · guard attention 0.03 ms (9/f) · room enemy visibility 0.02 ms (1/f)
09-23 18:33:00.044 I/godot   ( 2101): [FRAME-PROBE] 19.2 ms/frame · render cpu 1.4 ms · render gpu 17.8 ms · 91 draw call(s) · 10812 primitive(s) · 108 object(s) · process 23.0 ms · physics 0.2 ms · 948 node(s) · view portrait 390x873 zoom 0.50 gu 95/1104 scale 1.00
09-23 18:33:00.044 I/godot   ( 2101): [FRAME-SPLIT] per frame: sprite light+throw 0.60 ms (10/f) · room temporal lights 0.07 ms (1/f) · room vision fog 0.06 ms (1/f) · guard attention 0.04 ms (9/f) · room enemy visibility 0.02 ms (1/f)
09-23 18:33:01.195 I/godot   ( 2101): [FRAME-PROBE] 19.2 ms/frame · render cpu 0.7 ms · render gpu 17.8 ms · 91 draw call(s) · 10812 primitive(s) · 108 object(s) · process 22.8 ms · physics 0.1 ms · 948 node(s) · view portrait 390x873 zoom 0.50 gu 95/1104 scale 1.00
09-23 18:33:01.195 I/godot   ( 2101): [FRAME-SPLIT] per frame: sprite light+throw 0.57 ms (10/f) · room temporal lights 0.07 ms (1/f) · room vision fog 0.06 ms (1/f) · guard attention 0.03 ms (9/f) · room enemy visibility 0.02 ms (1/f)
09-23 18:33:02.334 I/godot   ( 2101): [FRAME-PROBE] 19.0 ms/frame · render cpu 0.7 ms · render gpu 17.6 ms · 91 draw call(s) · 10812 primitive(s) · 108 object(s) · process 22.9 ms · physics 0.1 ms · 948 node(s) · view portrait 390x873 zoom 0.50 gu 95/1104 scale 1.00
09-23 18:33:02.334 I/godot   ( 2101): [FRAME-SPLIT] per frame: sprite light+throw 0.56 ms (10/f) · room temporal lights 0.07 ms (1/f) · room vision fog 0.06 ms (1/f) · guard attention 0.03 ms (9/f) · room enemy visibility 0.02 ms (1/f)
09-23 18:33:03.507 I/godot   ( 2101): [FRAME-PROBE] 19.6 ms/frame · render cpu 0.7 ms · render gpu 17.6 ms · 91 draw call(s) · 10812 primitive(s) · 108 object(s) · process 22.9 ms · physics 0.1 ms · 948 node(s) · view portrait 390x873 zoom 0.50 gu 95/1104 scale 1.00
09-23 18:33:03.507 I/godot   ( 2101): [FRAME-SPLIT] per frame: sprite light+throw 0.64 ms (10/f) · room temporal lights 0.07 ms (1/f) · room vision fog 0.06 ms (1/f) · guard attention 0.04 ms (9/f) · room enemy visibility 0.02 ms (1/f)
09-23 18:33:04.658 I/godot   ( 2101): [FRAME-PROBE] 19.2 ms/frame · render cpu 0.7 ms · render gpu 17.5 ms · 91 draw call(s) · 10812 primitive(s) · 108 object(s) · process 23.5 ms · physics 0.1 ms · 948 node(s) · view portrait 390x873 zoom 0.50 gu 95/1104 scale 1.00
09-23 18:33:04.658 I/godot   ( 2101): [FRAME-SPLIT] per frame: sprite light+throw 0.53 ms (10/f) · room temporal lights 0.06 ms (1/f) · room vision fog 0.06 ms (1/f) · guard attention 0.03 ms (9/f) · room enemy visibility 0.02 ms (1/f)
09-23 18:33:05.809 I/godot   ( 2101): [FRAME-PROBE] 19.2 ms/frame · render cpu 1.3 ms · render gpu 17.6 ms · 91 draw call(s) · 10812 primitive(s) · 108 object(s) · process 22.9 ms · physics 0.1 ms · 948 node(s) · view portrait 390x873 zoom 0.50 gu 95/1104 scale 1.00
09-23 18:33:05.809 I/godot   ( 2101): [FRAME-SPLIT] per frame: sprite light+throw 0.54 ms (10/f) · room temporal lights 0.07 ms (1/f) · room vision fog 0.06 ms (1/f) · guard attention 0.03 ms (9/f) · room enemy visibility 0.02 ms (1/f)
09-23 18:33:06.112 I/godot   ( 2101): [SCENARIO] 4/4 quit
09-23 18:33:08.949 V/Godot   ( 2101): OnGodotTerminating
[DIAG-02] com.example.infiltraitor exited on its own at 18:33:10 — capture ends
